{
    "3963": {
        "RecordedAtTime": 0,
        "Lat": -41.3257332,
        "Long": 174.7875671,
        "DelaySeconds": -359,
        "DestinationStopID": 6937,
        "OriginStopID": 5500,
        "Direction": "Outbound",
        "nearestStop": "null",
        "Bearing": 0,
        "routeId": "23e",
        "tripId": "Unnasigned"
    },
    "3045": {
        "RecordedAtTime": 0,
        "Lat": -41.2939224,
        "Long": 174.794281,
        "DelaySeconds": 60,
        "DestinationStopID": 5000,
        "OriginStopID": 7026,
        "Direction": "Inbound",
        "nearestStop": "null",
        "Bearing": 0,
        "routeId": "20",
        "tripId": "Unnasigned"
    },
    "1113": {
        "RecordedAtTime": 0,
        "Lat": -41.3180923,
        "Long": 174.7963562,
        "DelaySeconds": 799,
        "DestinationStopID": 6338,
        "OriginStopID": 6000,
        "Direction": "Outbound",
        "nearestStop": "null",
        "Bearing": 0,
        "routeId": "36",
        "tripId": "Unnasigned"
    },
    "2068": {
        "RecordedAtTime": 0,
        "Lat": -41.3214149,
        "Long": 174.7962341,
        "DelaySeconds": 0,
        "DestinationStopID": 6338,
        "OriginStopID": 6000,
        "Direction": "Outbound",
        "nearestStop": "null",
        "Bearing": 0,
        "routeId": "36",
        "tripId": "Unnasigned"
    },
    "3049": {
        "RecordedAtTime": 0,
        "Lat": -41.3121605,
        "Long": 174.8215027,
        "DelaySeconds": -20,
        "DestinationStopID": 7083,
        "OriginStopID": 7241,
        "Direction": "Inbound",
        "nearestStop": "null",
        "Bearing": 0,
        "routeId": "18",
        "tripId": "Unnasigned"
    },
    "3873": {
        "RecordedAtTime": 0,
        "Lat": -41.2473373,
        "Long": 174.8130951,
        "DelaySeconds": -52,
        "DestinationStopID": 3081,
        "OriginStopID": 5520,
        "Direction": "Outbound",
        "nearestStop": "null",
        "Bearing": 0,
        "routeId": "19e",
        "tripId": "Unnasigned"
    },
    "3886": {
        "RecordedAtTime": 0,
        "Lat": -41.2135696,
        "Long": 174.8112488,
        "DelaySeconds": 252,
        "DestinationStopID": 3081,
        "OriginStopID": 5520,
        "Direction": "Outbound",
        "nearestStop": "null",
        "Bearing": 0,
        "routeId": "19e",
        "tripId": "Unnasigned"
    },
    "3929": {
        "RecordedAtTime": 0,
        "Lat": -41.2125931,
        "Long": 174.8065338,
        "DelaySeconds": 1423,
        "DestinationStopID": 3081,
        "OriginStopID": 5520,
        "Direction": "Outbound",
        "nearestStop": "null",
        "Bearing": 0,
        "routeId": "19e",
        "tripId": "Unnasigned"
    },
    "2168": {
        "RecordedAtTime": 0,
        "Lat": -41.2251091,
        "Long": 174.8199615,
        "DelaySeconds": -83,
        "DestinationStopID": 3534,
        "OriginStopID": 5000,
        "Direction": "Outbound",
        "nearestStop": "null",
        "Bearing": 0,
        "routeId": "58",
        "tripId": "Unnasigned"
    },
    "2497": {
        "RecordedAtTime": 0,
        "Lat": -41.2219887,
        "Long": 174.8122253,
        "DelaySeconds": 0,
        "DestinationStopID": 3534,
        "OriginStopID": 5000,
        "Direction": "Outbound",
        "nearestStop": "null",
        "Bearing": 0,
        "routeId": "58",
        "tripId": "Unnasigned"
    },
    "3739": {
        "RecordedAtTime": 0,
        "Lat": -41.3381348,
        "Long": 174.7901764,
        "DelaySeconds": 70,
        "DestinationStopID": 6730,
        "OriginStopID": 7937,
        "Direction": "Inbound",
        "nearestStop": "null",
        "Bearing": 0,
        "routeId": "23",
        "tripId": "Unnasigned"
    },
    "3740": {
        "RecordedAtTime": 0,
        "Lat": -41.3148994,
        "Long": 174.7692566,
        "DelaySeconds": -15,
        "DestinationStopID": 6937,
        "OriginStopID": 6730,
        "Direction": "Outbound",
        "nearestStop": "null",
        "Bearing": 0,
        "routeId": "23",
        "tripId": "Unnasigned"
    },
    "3837": {
        "RecordedAtTime": 0,
        "Lat": -41.3108673,
        "Long": 174.7723541,
        "DelaySeconds": 3,
        "DestinationStopID": 6730,
        "OriginStopID": 7937,
        "Direction": "Inbound",
        "nearestStop": "null",
        "Bearing": 0,
        "routeId": "23",
        "tripId": "Unnasigned"
    },
    "3915": {
        "RecordedAtTime": 0,
        "Lat": -41.3150101,
        "Long": 174.7654266,
        "DelaySeconds": 2,
        "DestinationStopID": 5016,
        "OriginStopID": 6733,
        "Direction": "Inbound",
        "nearestStop": "null",
        "Bearing": 0,
        "routeId": "7",
        "tripId": "Unnasigned"
    },
    "3934": {
        "RecordedAtTime": 0,
        "Lat": -41.305954,
        "Long": 174.7667542,
        "DelaySeconds": -184,
        "DestinationStopID": 6733,
        "OriginStopID": 6000,
        "Direction": "Outbound",
        "nearestStop": "null",
        "Bearing": 0,
        "routeId": "7",
        "tripId": "Unnasigned"
    },
    "3941": {
        "RecordedAtTime": 0,
        "Lat": -41.3133888,
        "Long": 174.7657471,
        "DelaySeconds": 452,
        "DestinationStopID": 6733,
        "OriginStopID": 6000,
        "Direction": "Outbound",
        "nearestStop": "null",
        "Bearing": 0,
        "routeId": "7",
        "tripId": "Unnasigned"
    },
    "3952": {
        "RecordedAtTime": 0,
        "Lat": -41.2868233,
        "Long": 174.7760315,
        "DelaySeconds": 75,
        "DestinationStopID": 6733,
        "OriginStopID": 6000,
        "Direction": "Outbound",
        "nearestStop": "null",
        "Bearing": 0,
        "routeId": "7",
        "tripId": "Unnasigned"
    },
    "3827": {
        "RecordedAtTime": 0,
        "Lat": -41.286602,
        "Long": 174.7763214,
        "DelaySeconds": 416,
        "DestinationStopID": 4419,
        "OriginStopID": 4947,
        "Direction": "Outbound",
        "nearestStop": "null",
        "Bearing": 0,
        "routeId": "25",
        "tripId": "Unnasigned"
    },
    "3874": {
        "RecordedAtTime": 0,
        "Lat": -41.2478256,
        "Long": 174.7897034,
        "DelaySeconds": 0,
        "DestinationStopID": 4419,
        "OriginStopID": 4947,
        "Direction": "Outbound",
        "nearestStop": "null",
        "Bearing": 0,
        "routeId": "25",
        "tripId": "Unnasigned"
    },
    "3907": {
        "RecordedAtTime": 0,
        "Lat": -41.2899399,
        "Long": 174.758194,
        "DelaySeconds": 0,
        "DestinationStopID": 4947,
        "OriginStopID": 4419,
        "Direction": "Inbound",
        "nearestStop": "null",
        "Bearing": 0,
        "routeId": "25",
        "tripId": "Unnasigned"
    },
    "3931": {
        "RecordedAtTime": 0,
        "Lat": -41.2919312,
        "Long": 174.7569427,
        "DelaySeconds": -61,
        "DestinationStopID": 4947,
        "OriginStopID": 4419,
        "Direction": "Inbound",
        "nearestStop": "null",
        "Bearing": 0,
        "routeId": "25",
        "tripId": "Unnasigned"
    },
    "3932": {
        "RecordedAtTime": 0,
        "Lat": -41.2845917,
        "Long": 174.7755432,
        "DelaySeconds": -2,
        "DestinationStopID": 4947,
        "OriginStopID": 4419,
        "Direction": "Inbound",
        "nearestStop": "null",
        "Bearing": 0,
        "routeId": "25",
        "tripId": "Unnasigned"
    },
    "2185": {
        "RecordedAtTime": 0,
        "Lat": -41.2553482,
        "Long": 174.797348,
        "DelaySeconds": 714,
        "DestinationStopID": 3754,
        "OriginStopID": 5000,
        "Direction": "Outbound",
        "nearestStop": "null",
        "Bearing": 0,
        "routeId": "57",
        "tripId": "Unnasigned"
    },
    "2224": {
        "RecordedAtTime": 0,
        "Lat": -41.2316399,
        "Long": 174.8122711,
        "DelaySeconds": 0,
        "DestinationStopID": 3754,
        "OriginStopID": 5000,
        "Direction": "Outbound",
        "nearestStop": "null",
        "Bearing": 0,
        "routeId": "57",
        "tripId": "Unnasigned"
    },
    "2537": {
        "RecordedAtTime": 0,
        "Lat": -41.2163696,
        "Long": 174.8299713,
        "DelaySeconds": 1573,
        "DestinationStopID": 3754,
        "OriginStopID": 5000,
        "Direction": "Outbound",
        "nearestStop": "null",
        "Bearing": 0,
        "routeId": "57",
        "tripId": "Unnasigned"
    },
    "3917": {
        "RecordedAtTime": 0,
        "Lat": -41.3178711,
        "Long": 174.7805939,
        "DelaySeconds": 142,
        "DestinationStopID": 6960,
        "OriginStopID": 5500,
        "Direction": "Inbound",
        "nearestStop": "null",
        "Bearing": 0,
        "routeId": "29e",
        "tripId": "Unnasigned"
    },
    "3918": {
        "RecordedAtTime": 0,
        "Lat": -41.3436127,
        "Long": 174.7600403,
        "DelaySeconds": 521,
        "DestinationStopID": 6960,
        "OriginStopID": 6000,
        "Direction": "Outbound",
        "nearestStop": "null",
        "Bearing": 0,
        "routeId": "29e",
        "tripId": "Unnasigned"
    },
    "1386": {
        "RecordedAtTime": 0,
        "Lat": -41.2616844,
        "Long": 174.7667999,
        "DelaySeconds": 567,
        "DestinationStopID": 4136,
        "OriginStopID": 7557,
        "Direction": "Outbound",
        "nearestStop": "null",
        "Bearing": 0,
        "routeId": "14",
        "tripId": "Unnasigned"
    },
    "1511": {
        "RecordedAtTime": 0,
        "Lat": -41.2741127,
        "Long": 174.7779236,
        "DelaySeconds": 541,
        "DestinationStopID": 4136,
        "OriginStopID": 7557,
        "Direction": "Outbound",
        "nearestStop": "null",
        "Bearing": 0,
        "routeId": "14",
        "tripId": "Unnasigned"
    },
    "2089": {
        "RecordedAtTime": 0,
        "Lat": -41.2697945,
        "Long": 174.7579803,
        "DelaySeconds": -21,
        "DestinationStopID": 7557,
        "OriginStopID": 4136,
        "Direction": "Inbound",
        "nearestStop": "null",
        "Bearing": 0,
        "routeId": "14",
        "tripId": "Unnasigned"
    },
    "2095": {
        "RecordedAtTime": 0,
        "Lat": -41.2788048,
        "Long": 174.778717,
        "DelaySeconds": 64,
        "DestinationStopID": 7557,
        "OriginStopID": 4136,
        "Direction": "Inbound",
        "nearestStop": "null",
        "Bearing": 0,
        "routeId": "14",
        "tripId": "Unnasigned"
    },
    "2286": {
        "RecordedAtTime": 0,
        "Lat": -41.287632,
        "Long": 174.8006287,
        "DelaySeconds": -279,
        "DestinationStopID": 7557,
        "OriginStopID": 4136,
        "Direction": "Inbound",
        "nearestStop": "null",
        "Bearing": 0,
        "routeId": "14",
        "tripId": "Unnasigned"
    },
    "3029": {
        "RecordedAtTime": 0,
        "Lat": -41.3102837,
        "Long": 174.7928009,
        "DelaySeconds": -205,
        "DestinationStopID": 7557,
        "OriginStopID": 4136,
        "Direction": "Inbound",
        "nearestStop": "null",
        "Bearing": 0,
        "routeId": "14",
        "tripId": "Unnasigned"
    },
    "3048": {
        "RecordedAtTime": 0,
        "Lat": -41.2999763,
        "Long": 174.7982483,
        "DelaySeconds": -23,
        "DestinationStopID": 4136,
        "OriginStopID": 7557,
        "Direction": "Outbound",
        "nearestStop": "null",
        "Bearing": 0,
        "routeId": "14",
        "tripId": "Unnasigned"
    },
    "3274": {
        "RecordedAtTime": 0,
        "Lat": -41.2918396,
        "Long": 174.7779999,
        "DelaySeconds": 328,
        "DestinationStopID": 4136,
        "OriginStopID": 7557,
        "Direction": "Outbound",
        "nearestStop": "null",
        "Bearing": 0,
        "routeId": "14",
        "tripId": "Unnasigned"
    },
    "1133": {
        "RecordedAtTime": 0,
        "Lat": -41.2885399,
        "Long": 174.7237244,
        "DelaySeconds": 0,
        "DestinationStopID": 5332,
        "OriginStopID": 7241,
        "Direction": "Inbound",
        "nearestStop": "null",
        "Bearing": 0,
        "routeId": "18e",
        "tripId": "Unnasigned"
    },
    "1390": {
        "RecordedAtTime": 0,
        "Lat": -41.3190727,
        "Long": 174.8008881,
        "DelaySeconds": 787,
        "DestinationStopID": 5332,
        "OriginStopID": 7241,
        "Direction": "Inbound",
        "nearestStop": "null",
        "Bearing": 0,
        "routeId": "18e",
        "tripId": "Unnasigned"
    },
    "2062": {
        "RecordedAtTime": 0,
        "Lat": -41.2887115,
        "Long": 174.767868,
        "DelaySeconds": -58,
        "DestinationStopID": 6241,
        "OriginStopID": 4332,
        "Direction": "Outbound",
        "nearestStop": "null",
        "Bearing": 0,
        "routeId": "18e",
        "tripId": "Unnasigned"
    },
    "2085": {
        "RecordedAtTime": 0,
        "Lat": -41.3168221,
        "Long": 174.8076782,
        "DelaySeconds": 0,
        "DestinationStopID": 6241,
        "OriginStopID": 4332,
        "Direction": "Outbound",
        "nearestStop": "null",
        "Bearing": 0,
        "routeId": "18e",
        "tripId": "Unnasigned"
    },
    "1135": {
        "RecordedAtTime": 0,
        "Lat": -41.3268089,
        "Long": 174.7953796,
        "DelaySeconds": 225,
        "DestinationStopID": 7345,
        "OriginStopID": 6000,
        "Direction": "Outbound",
        "nearestStop": "null",
        "Bearing": 0,
        "routeId": "3",
        "tripId": "Unnasigned"
    },
    "1139": {
        "RecordedAtTime": 0,
        "Lat": -41.3164444,
        "Long": 174.7928162,
        "DelaySeconds": -685,
        "DestinationStopID": 7345,
        "OriginStopID": 5510,
        "Direction": "Outbound",
        "nearestStop": "null",
        "Bearing": 0,
        "routeId": "3",
        "tripId": "Unnasigned"
    },
    "1282": {
        "RecordedAtTime": 0,
        "Lat": -41.3129883,
        "Long": 174.7795563,
        "DelaySeconds": 474,
        "DestinationStopID": 5016,
        "OriginStopID": 7338,
        "Direction": "Inbound",
        "nearestStop": "null",
        "Bearing": 0,
        "routeId": "3",
        "tripId": "Unnasigned"
    },
    "1303": {
        "RecordedAtTime": 0,
        "Lat": -41.2780838,
        "Long": 174.7795563,
        "DelaySeconds": 0,
        "DestinationStopID": 5016,
        "OriginStopID": 6345,
        "Direction": "Inbound",
        "nearestStop": "null",
        "Bearing": 0,
        "routeId": "3",
        "tripId": "Unnasigned"
    },
    "1427": {
        "RecordedAtTime": 0,
        "Lat": -41.2889824,
        "Long": 174.7748566,
        "DelaySeconds": 201,
        "DestinationStopID": 6338,
        "OriginStopID": 6000,
        "Direction": "Outbound",
        "nearestStop": "null",
        "Bearing": 0,
        "routeId": "3",
        "tripId": "Unnasigned"
    },
    "1507": {
        "RecordedAtTime": 0,
        "Lat": -41.3210564,
        "Long": 174.8005219,
        "DelaySeconds": 0,
        "DestinationStopID": 7345,
        "OriginStopID": 5510,
        "Direction": "Outbound",
        "nearestStop": "null",
        "Bearing": 0,
        "routeId": "3",
        "tripId": "Unnasigned"
    },
    "1578": {
        "RecordedAtTime": 0,
        "Lat": -41.3215065,
        "Long": 174.7968292,
        "DelaySeconds": 0,
        "DestinationStopID": 6338,
        "OriginStopID": 6000,
        "Direction": "Outbound",
        "nearestStop": "null",
        "Bearing": 0,
        "routeId": "3",
        "tripId": "Unnasigned"
    },
    "1640": {
        "RecordedAtTime": 0,
        "Lat": -41.2799492,
        "Long": 174.7763214,
        "DelaySeconds": 5,
        "DestinationStopID": 7345,
        "OriginStopID": 6000,
        "Direction": "Outbound",
        "nearestStop": "null",
        "Bearing": 0,
        "routeId": "3",
        "tripId": "Unnasigned"
    },
    "2588": {
        "RecordedAtTime": 0,
        "Lat": -41.3158302,
        "Long": 174.7914734,
        "DelaySeconds": -63,
        "DestinationStopID": 6338,
        "OriginStopID": 6000,
        "Direction": "Outbound",
        "nearestStop": "null",
        "Bearing": 0,
        "routeId": "3",
        "tripId": "Unnasigned"
    },
    "3050": {
        "RecordedAtTime": 0,
        "Lat": -41.2860985,
        "Long": 174.7763977,
        "DelaySeconds": 984,
        "DestinationStopID": 7345,
        "OriginStopID": 6000,
        "Direction": "Outbound",
        "nearestStop": "null",
        "Bearing": 0,
        "routeId": "3",
        "tripId": "Unnasigned"
    },
    "1307": {
        "RecordedAtTime": 0,
        "Lat": -41.3283501,
        "Long": 174.8178101,
        "DelaySeconds": -177,
        "DestinationStopID": 7099,
        "OriginStopID": 5500,
        "Direction": "Outbound",
        "nearestStop": "null",
        "Bearing": 0,
        "routeId": "12e",
        "tripId": "Unnasigned"
    },
    "1306": {
        "RecordedAtTime": 0,
        "Lat": -41.2817955,
        "Long": 174.7480469,
        "DelaySeconds": 82,
        "DestinationStopID": 5369,
        "OriginStopID": 5520,
        "Direction": "Outbound",
        "nearestStop": "null",
        "Bearing": 0,
        "routeId": "33",
        "tripId": "Unnasigned"
    },
    "3871": {
        "RecordedAtTime": 0,
        "Lat": -41.2268219,
        "Long": 174.7951813,
        "DelaySeconds": 0,
        "DestinationStopID": 3040,
        "OriginStopID": 7158,
        "Direction": "Outbound",
        "nearestStop": "null",
        "Bearing": 0,
        "routeId": "1",
        "tripId": "Unnasigned"
    },
    "3875": {
        "RecordedAtTime": 0,
        "Lat": -41.2537079,
        "Long": 174.8022919,
        "DelaySeconds": 223,
        "DestinationStopID": 6158,
        "OriginStopID": 3451,
        "Direction": "Inbound",
        "nearestStop": "null",
        "Bearing": 0,
        "routeId": "1",
        "tripId": "Unnasigned"
    },
    "3876": {
        "RecordedAtTime": 0,
        "Lat": -41.3393288,
        "Long": 174.7930298,
        "DelaySeconds": 0,
        "DestinationStopID": 6158,
        "OriginStopID": 3451,
        "Direction": "Inbound",
        "nearestStop": "null",
        "Bearing": 0,
        "routeId": "1",
        "tripId": "Unnasigned"
    },
    "3902": {
        "RecordedAtTime": 0,
        "Lat": -41.278389,
        "Long": 174.7789307,
        "DelaySeconds": -124,
        "DestinationStopID": 3040,
        "OriginStopID": 7158,
        "Direction": "Outbound",
        "nearestStop": "null",
        "Bearing": 0,
        "routeId": "1",
        "tripId": "Unnasigned"
    },
    "3910": {
        "RecordedAtTime": 0,
        "Lat": -41.2246819,
        "Long": 174.8069153,
        "DelaySeconds": -82,
        "DestinationStopID": 6158,
        "OriginStopID": 3050,
        "Direction": "Inbound",
        "nearestStop": "null",
        "Bearing": 0,
        "routeId": "1",
        "tripId": "Unnasigned"
    },
    "3924": {
        "RecordedAtTime": 0,
        "Lat": -41.2827415,
        "Long": 174.775589,
        "DelaySeconds": 42,
        "DestinationStopID": 6158,
        "OriginStopID": 3297,
        "Direction": "Inbound",
        "nearestStop": "null",
        "Bearing": 0,
        "routeId": "1",
        "tripId": "Unnasigned"
    },
    "3936": {
        "RecordedAtTime": 0,
        "Lat": -41.3348541,
        "Long": 174.7733765,
        "DelaySeconds": -75,
        "DestinationStopID": 6158,
        "OriginStopID": 3297,
        "Direction": "Inbound",
        "nearestStop": "null",
        "Bearing": 0,
        "routeId": "1",
        "tripId": "Unnasigned"
    },
    "3937": {
        "RecordedAtTime": 0,
        "Lat": -41.3430481,
        "Long": 174.770462,
        "DelaySeconds": 0,
        "DestinationStopID": 3040,
        "OriginStopID": 7158,
        "Direction": "Outbound",
        "nearestStop": "null",
        "Bearing": 0,
        "routeId": "1",
        "tripId": "Unnasigned"
    },
    "3944": {
        "RecordedAtTime": 0,
        "Lat": -41.2327728,
        "Long": 174.8084412,
        "DelaySeconds": 178,
        "DestinationStopID": 3279,
        "OriginStopID": 7158,
        "Direction": "Outbound",
        "nearestStop": "null",
        "Bearing": 0,
        "routeId": "1",
        "tripId": "Unnasigned"
    },
    "3947": {
        "RecordedAtTime": 0,
        "Lat": -41.292202,
        "Long": 174.7784576,
        "DelaySeconds": 157,
        "DestinationStopID": 6158,
        "OriginStopID": 3050,
        "Direction": "Inbound",
        "nearestStop": "null",
        "Bearing": 0,
        "routeId": "1",
        "tripId": "Unnasigned"
    },
    "3955": {
        "RecordedAtTime": 0,
        "Lat": -41.2867737,
        "Long": 174.7761383,
        "DelaySeconds": 891,
        "DestinationStopID": 3451,
        "OriginStopID": 7158,
        "Direction": "Outbound",
        "nearestStop": "null",
        "Bearing": 0,
        "routeId": "1",
        "tripId": "Unnasigned"
    },
    "3956": {
        "RecordedAtTime": 0,
        "Lat": -41.3067856,
        "Long": 174.7780762,
        "DelaySeconds": -6,
        "DestinationStopID": 6158,
        "OriginStopID": 3451,
        "Direction": "Inbound",
        "nearestStop": "null",
        "Bearing": 0,
        "routeId": "1",
        "tripId": "Unnasigned"
    },
    "3957": {
        "RecordedAtTime": 0,
        "Lat": -41.2931442,
        "Long": 174.7801056,
        "DelaySeconds": 43,
        "DestinationStopID": 3279,
        "OriginStopID": 7158,
        "Direction": "Outbound",
        "nearestStop": "null",
        "Bearing": 0,
        "routeId": "1",
        "tripId": "Unnasigned"
    },
    "3960": {
        "RecordedAtTime": 0,
        "Lat": -41.3377228,
        "Long": 174.7724915,
        "DelaySeconds": 394,
        "DestinationStopID": 6158,
        "OriginStopID": 3050,
        "Direction": "Inbound",
        "nearestStop": "null",
        "Bearing": 0,
        "routeId": "1",
        "tripId": "Unnasigned"
    },
    "1137": {
        "RecordedAtTime": 0,
        "Lat": -41.2887726,
        "Long": 174.7750397,
        "DelaySeconds": -91,
        "DestinationStopID": 7042,
        "OriginStopID": 4332,
        "Direction": "Inbound",
        "nearestStop": "null",
        "Bearing": 0,
        "routeId": "2",
        "tripId": "Unnasigned"
    },
    "1187": {
        "RecordedAtTime": 0,
        "Lat": -41.281414,
        "Long": 174.750351,
        "DelaySeconds": 520,
        "DestinationStopID": 5332,
        "OriginStopID": 7042,
        "Direction": "Outbound",
        "nearestStop": "null",
        "Bearing": 0,
        "routeId": "2",
        "tripId": "Unnasigned"
    },
    "1257": {
        "RecordedAtTime": 0,
        "Lat": -41.314209,
        "Long": 174.7927856,
        "DelaySeconds": -42,
        "DestinationStopID": 7042,
        "OriginStopID": 4332,
        "Direction": "Inbound",
        "nearestStop": "null",
        "Bearing": 0,
        "routeId": "2",
        "tripId": "Unnasigned"
    },
    "1285": {
        "RecordedAtTime": 0,
        "Lat": -41.281414,
        "Long": 174.7760925,
        "DelaySeconds": 158,
        "DestinationStopID": 5332,
        "OriginStopID": 7042,
        "Direction": "Outbound",
        "nearestStop": "null",
        "Bearing": 0,
        "routeId": "2",
        "tripId": "Unnasigned"
    },
    "1299": {
        "RecordedAtTime": 0,
        "Lat": -41.3228722,
        "Long": 174.8321838,
        "DelaySeconds": 164,
        "DestinationStopID": 7042,
        "OriginStopID": 4332,
        "Direction": "Inbound",
        "nearestStop": "null",
        "Bearing": 0,
        "routeId": "2",
        "tripId": "Unnasigned"
    },
    "1463": {
        "RecordedAtTime": 0,
        "Lat": -41.2983513,
        "Long": 174.7861023,
        "DelaySeconds": -199,
        "DestinationStopID": 5332,
        "OriginStopID": 7042,
        "Direction": "Outbound",
        "nearestStop": "null",
        "Bearing": 0,
        "routeId": "2",
        "tripId": "Unnasigned"
    },
    "1467": {
        "RecordedAtTime": 0,
        "Lat": -41.281765,
        "Long": 174.7489471,
        "DelaySeconds": 26,
        "DestinationStopID": 5332,
        "OriginStopID": 7042,
        "Direction": "Outbound",
        "nearestStop": "null",
        "Bearing": 0,
        "routeId": "2",
        "tripId": "Unnasigned"
    },
    "1541": {
        "RecordedAtTime": 0,
        "Lat": -41.2938118,
        "Long": 174.7828217,
        "DelaySeconds": 93,
        "DestinationStopID": 7042,
        "OriginStopID": 4332,
        "Direction": "Inbound",
        "nearestStop": "null",
        "Bearing": 0,
        "routeId": "2",
        "tripId": "Unnasigned"
    },
    "2065": {
        "RecordedAtTime": 0,
        "Lat": -41.2959213,
        "Long": 174.7835999,
        "DelaySeconds": 242,
        "DestinationStopID": 5332,
        "OriginStopID": 7042,
        "Direction": "Outbound",
        "nearestStop": "null",
        "Bearing": 0,
        "routeId": "2",
        "tripId": "Unnasigned"
    },
    "2071": {
        "RecordedAtTime": 0,
        "Lat": -41.3226929,
        "Long": 174.8307037,
        "DelaySeconds": -11,
        "DestinationStopID": 5332,
        "OriginStopID": 7042,
        "Direction": "Outbound",
        "nearestStop": "null",
        "Bearing": 0,
        "routeId": "2",
        "tripId": "Unnasigned"
    },
    "2072": {
        "RecordedAtTime": 0,
        "Lat": -41.2848129,
        "Long": 174.7371674,
        "DelaySeconds": -101,
        "DestinationStopID": 7042,
        "OriginStopID": 4332,
        "Direction": "Inbound",
        "nearestStop": "null",
        "Bearing": 0,
        "routeId": "2",
        "tripId": "Unnasigned"
    },
    "2080": {
        "RecordedAtTime": 0,
        "Lat": -41.3242989,
        "Long": 174.8257904,
        "DelaySeconds": -357,
        "DestinationStopID": 7042,
        "OriginStopID": 4332,
        "Direction": "Inbound",
        "nearestStop": "null",
        "Bearing": 0,
        "routeId": "2",
        "tripId": "Unnasigned"
    },
    "2081": {
        "RecordedAtTime": 0,
        "Lat": -41.2902451,
        "Long": 174.7758636,
        "DelaySeconds": 2583,
        "DestinationStopID": 7042,
        "OriginStopID": 4332,
        "Direction": "Inbound",
        "nearestStop": "null",
        "Bearing": 0,
        "routeId": "2",
        "tripId": "Unnasigned"
    },
    "2098": {
        "RecordedAtTime": 0,
        "Lat": -41.3326759,
        "Long": 174.823288,
        "DelaySeconds": 4,
        "DestinationStopID": 7296,
        "OriginStopID": 6036,
        "Direction": "Outbound",
        "nearestStop": "null",
        "Bearing": 0,
        "routeId": "28",
        "tripId": "Unnasigned"
    },
    "3736": {
        "RecordedAtTime": 0,
        "Lat": -41.3076248,
        "Long": 174.7750549,
        "DelaySeconds": 0,
        "DestinationStopID": 7746,
        "OriginStopID": 7720,
        "Direction": "Outbound",
        "nearestStop": "null",
        "Bearing": 0,
        "routeId": "29",
        "tripId": "Unnasigned"
    },
    "3738": {
        "RecordedAtTime": 0,
        "Lat": -41.347599,
        "Long": 174.7685394,
        "DelaySeconds": 144,
        "DestinationStopID": 7720,
        "OriginStopID": 7746,
        "Direction": "Inbound",
        "nearestStop": "null",
        "Bearing": 0,
        "routeId": "29",
        "tripId": "Unnasigned"
    },
    "3746": {
        "RecordedAtTime": 0,
        "Lat": -41.3346405,
        "Long": 174.7594147,
        "DelaySeconds": -22,
        "DestinationStopID": 7746,
        "OriginStopID": 7720,
        "Direction": "Outbound",
        "nearestStop": "null",
        "Bearing": 0,
        "routeId": "29",
        "tripId": "Unnasigned"
    },
    "1241": {
        "RecordedAtTime": 0,
        "Lat": -41.2471848,
        "Long": 174.8134155,
        "DelaySeconds": 0,
        "DestinationStopID": 3250,
        "OriginStopID": 6001,
        "Direction": "Outbound",
        "nearestStop": "null",
        "Bearing": 0,
        "routeId": "22",
        "tripId": "Unnasigned"
    },
    "2090": {
        "RecordedAtTime": 0,
        "Lat": -41.287632,
        "Long": 174.772644,
        "DelaySeconds": 243,
        "DestinationStopID": 5016,
        "OriginStopID": 4936,
        "Direction": "Inbound",
        "nearestStop": "null",
        "Bearing": 0,
        "routeId": "22",
        "tripId": "Unnasigned"
    },
    "2150": {
        "RecordedAtTime": 0,
        "Lat": -41.2721329,
        "Long": 174.7581482,
        "DelaySeconds": 222,
        "DestinationStopID": 5936,
        "OriginStopID": 6001,
        "Direction": "Outbound",
        "nearestStop": "null",
        "Bearing": 0,
        "routeId": "22",
        "tripId": "Unnasigned"
    },
    "1118": {
        "RecordedAtTime": 0,
        "Lat": -41.329071,
        "Long": 174.8210297,
        "DelaySeconds": 97,
        "DestinationStopID": 7224,
        "OriginStopID": 7099,
        "Direction": "Inbound",
        "nearestStop": "null",
        "Bearing": 0,
        "routeId": "12",
        "tripId": "Unnasigned"
    },
    "2097": {
        "RecordedAtTime": 0,
        "Lat": -41.3360977,
        "Long": 174.8139954,
        "DelaySeconds": 0,
        "DestinationStopID": 7099,
        "OriginStopID": 6224,
        "Direction": "Outbound",
        "nearestStop": "null",
        "Bearing": 0,
        "routeId": "12",
        "tripId": "Unnasigned"
    },
    "1138": {
        "RecordedAtTime": 0,
        "Lat": -41.3159866,
        "Long": 174.8156891,
        "DelaySeconds": -11,
        "DestinationStopID": 6246,
        "OriginStopID": 6001,
        "Direction": "Outbound",
        "nearestStop": "null",
        "Bearing": 0,
        "routeId": "31x",
        "tripId": "Unnasigned"
    },
    "1573": {
        "RecordedAtTime": 0,
        "Lat": -41.3170891,
        "Long": 174.806366,
        "DelaySeconds": 0,
        "DestinationStopID": 6246,
        "OriginStopID": 6001,
        "Direction": "Outbound",
        "nearestStop": "null",
        "Bearing": 0,
        "routeId": "31x",
        "tripId": "Unnasigned"
    },
    "1632": {
        "RecordedAtTime": 0,
        "Lat": -41.3210716,
        "Long": 174.7956848,
        "DelaySeconds": 0,
        "DestinationStopID": 6246,
        "OriginStopID": 6001,
        "Direction": "Outbound",
        "nearestStop": "null",
        "Bearing": 0,
        "routeId": "31x",
        "tripId": "Unnasigned"
    },
    "2078": {
        "RecordedAtTime": 0,
        "Lat": -41.2826767,
        "Long": 174.7758636,
        "DelaySeconds": -27,
        "DestinationStopID": 6246,
        "OriginStopID": 6001,
        "Direction": "Outbound",
        "nearestStop": "null",
        "Bearing": 0,
        "routeId": "31x",
        "tripId": "Unnasigned"
    },
    "3813": {
        "RecordedAtTime": 0,
        "Lat": -41.2517433,
        "Long": 174.7734833,
        "DelaySeconds": 184,
        "DestinationStopID": 5520,
        "OriginStopID": 4419,
        "Direction": "Inbound",
        "nearestStop": "null",
        "Bearing": 0,
        "routeId": "26",
        "tripId": "Unnasigned"
    },
    "3930": {
        "RecordedAtTime": 0,
        "Lat": -41.2504349,
        "Long": 174.7729797,
        "DelaySeconds": 120,
        "DestinationStopID": 4419,
        "OriginStopID": 5520,
        "Direction": "Outbound",
        "nearestStop": "null",
        "Bearing": 0,
        "routeId": "26",
        "tripId": "Unnasigned"
    },
    "2196": {
        "RecordedAtTime": 0,
        "Lat": -41.2317009,
        "Long": 174.8130493,
        "DelaySeconds": 0,
        "DestinationStopID": 3081,
        "OriginStopID": 5000,
        "Direction": "Outbound",
        "nearestStop": "null",
        "Bearing": 0,
        "routeId": "56",
        "tripId": "Unnasigned"
    },
    "1140": {
        "RecordedAtTime": 0,
        "Lat": -41.3211021,
        "Long": 174.7957764,
        "DelaySeconds": 0,
        "DestinationStopID": 6052,
        "OriginStopID": 6001,
        "Direction": "Outbound",
        "nearestStop": "null",
        "Bearing": 0,
        "routeId": "30x",
        "tripId": "Unnasigned"
    },
    "1362": {
        "RecordedAtTime": 0,
        "Lat": -41.3001556,
        "Long": 174.8316345,
        "DelaySeconds": 0,
        "DestinationStopID": 7072,
        "OriginStopID": 6001,
        "Direction": "Outbound",
        "nearestStop": "null",
        "Bearing": 0,
        "routeId": "30x",
        "tripId": "Unnasigned"
    },
    "1524": {
        "RecordedAtTime": 0,
        "Lat": -41.3225517,
        "Long": 174.8304901,
        "DelaySeconds": -287,
        "DestinationStopID": 6052,
        "OriginStopID": 6001,
        "Direction": "Outbound",
        "nearestStop": "null",
        "Bearing": 0,
        "routeId": "30x",
        "tripId": "Unnasigned"
    },
    "2079": {
        "RecordedAtTime": 0,
        "Lat": -41.2922249,
        "Long": 174.7788391,
        "DelaySeconds": 96,
        "DestinationStopID": 7072,
        "OriginStopID": 6001,
        "Direction": "Outbound",
        "nearestStop": "null",
        "Bearing": 0,
        "routeId": "30x",
        "tripId": "Unnasigned"
    },
    "3749": {
        "RecordedAtTime": 0,
        "Lat": -41.3175354,
        "Long": 174.8027802,
        "DelaySeconds": -117,
        "DestinationStopID": 7083,
        "OriginStopID": 3081,
        "Direction": "Inbound",
        "nearestStop": "null",
        "Bearing": 0,
        "routeId": "24",
        "tripId": "Unnasigned"
    },
    "3791": {
        "RecordedAtTime": 0,
        "Lat": -41.3197899,
        "Long": 174.8062134,
        "DelaySeconds": 0,
        "DestinationStopID": 7083,
        "OriginStopID": 3081,
        "Direction": "Inbound",
        "nearestStop": "null",
        "Bearing": 0,
        "routeId": "24",
        "tripId": "Unnasigned"
    },
    "3810": {
        "RecordedAtTime": 0,
        "Lat": -41.2224846,
        "Long": 174.8056946,
        "DelaySeconds": -394,
        "DestinationStopID": 3250,
        "OriginStopID": 6081,
        "Direction": "Outbound",
        "nearestStop": "null",
        "Bearing": 0,
        "routeId": "24",
        "tripId": "Unnasigned"
    },
    "3825": {
        "RecordedAtTime": 0,
        "Lat": -41.2937965,
        "Long": 174.7823334,
        "DelaySeconds": 0,
        "DestinationStopID": 3250,
        "OriginStopID": 5000,
        "Direction": "Outbound",
        "nearestStop": "null",
        "Bearing": 0,
        "routeId": "24",
        "tripId": "Unnasigned"
    },
    "3890": {
        "RecordedAtTime": 0,
        "Lat": -41.3147354,
        "Long": 174.8126831,
        "DelaySeconds": 599,
        "DestinationStopID": 7083,
        "OriginStopID": 5500,
        "Direction": "Inbound",
        "nearestStop": "null",
        "Bearing": 0,
        "routeId": "24",
        "tripId": "Unnasigned"
    },
    "3911": {
        "RecordedAtTime": 0,
        "Lat": -41.2594948,
        "Long": 174.790329,
        "DelaySeconds": 196,
        "DestinationStopID": 3250,
        "OriginStopID": 6081,
        "Direction": "Outbound",
        "nearestStop": "null",
        "Bearing": 0,
        "routeId": "24",
        "tripId": "Unnasigned"
    },
    "3919": {
        "RecordedAtTime": 0,
        "Lat": -41.2355156,
        "Long": 174.7931061,
        "DelaySeconds": 2,
        "DestinationStopID": 7083,
        "OriginStopID": 3081,
        "Direction": "Inbound",
        "nearestStop": "null",
        "Bearing": 0,
        "routeId": "24",
        "tripId": "Unnasigned"
    },
    "3921": {
        "RecordedAtTime": 0,
        "Lat": -41.2464066,
        "Long": 174.8041687,
        "DelaySeconds": 891,
        "DestinationStopID": 3250,
        "OriginStopID": 5000,
        "Direction": "Outbound",
        "nearestStop": "null",
        "Bearing": 0,
        "routeId": "24",
        "tripId": "Unnasigned"
    },
    "3923": {
        "RecordedAtTime": 0,
        "Lat": -41.2852325,
        "Long": 174.7760468,
        "DelaySeconds": -54,
        "DestinationStopID": 7083,
        "OriginStopID": 3081,
        "Direction": "Inbound",
        "nearestStop": "null",
        "Bearing": 0,
        "routeId": "24",
        "tripId": "Unnasigned"
    },
    "3926": {
        "RecordedAtTime": 0,
        "Lat": -41.3075867,
        "Long": 174.8288574,
        "DelaySeconds": 175,
        "DestinationStopID": 3250,
        "OriginStopID": 6081,
        "Direction": "Outbound",
        "nearestStop": "null",
        "Bearing": 0,
        "routeId": "24",
        "tripId": "Unnasigned"
    },
    "3940": {
        "RecordedAtTime": 0,
        "Lat": -41.3101921,
        "Long": 174.7769928,
        "DelaySeconds": 2,
        "DestinationStopID": 6163,
        "OriginStopID": 6001,
        "Direction": "Outbound",
        "nearestStop": "null",
        "Bearing": 0,
        "routeId": "32x",
        "tripId": "Unnasigned"
    },
    "3967": {
        "RecordedAtTime": 0,
        "Lat": -41.331459,
        "Long": 174.7737579,
        "DelaySeconds": 472,
        "DestinationStopID": 6163,
        "OriginStopID": 6001,
        "Direction": "Outbound",
        "nearestStop": "null",
        "Bearing": 0,
        "routeId": "32x",
        "tripId": "Unnasigned"
    },
    "2064": {
        "RecordedAtTime": 0,
        "Lat": -41.2888031,
        "Long": 174.7719269,
        "DelaySeconds": 152,
        "DestinationStopID": 5516,
        "OriginStopID": 4396,
        "Direction": "Inbound",
        "nearestStop": "null",
        "Bearing": 0,
        "routeId": "21",
        "tripId": "Unnasigned"
    },
    "2620": {
        "RecordedAtTime": 0,
        "Lat": -41.2929382,
        "Long": 174.774353,
        "DelaySeconds": 1133,
        "DestinationStopID": 5327,
        "OriginStopID": 5000,
        "Direction": "Outbound",
        "nearestStop": "null",
        "Bearing": 0,
        "routeId": "21",
        "tripId": "Unnasigned"
    },
    "3912": {
        "RecordedAtTime": 0,
        "Lat": -41.3031998,
        "Long": 174.7682495,
        "DelaySeconds": 0,
        "DestinationStopID": 7774,
        "OriginStopID": 6000,
        "Direction": "Outbound",
        "nearestStop": "null",
        "Bearing": 0,
        "routeId": "17e",
        "tripId": "Unnasigned"
    },
    "1763": {
        "RecordedAtTime": 0,
        "Lat": -41.2237663,
        "Long": 174.8229218,
        "DelaySeconds": 51,
        "DestinationStopID": 5516,
        "OriginStopID": 3000,
        "Direction": "Inbound",
        "nearestStop": "null",
        "Bearing": 0,
        "routeId": "52",
        "tripId": "Unnasigned"
    },
    "1764": {
        "RecordedAtTime": 0,
        "Lat": -41.293972,
        "Long": 174.7831421,
        "DelaySeconds": 0,
        "DestinationStopID": 5516,
        "OriginStopID": 3000,
        "Direction": "Inbound",
        "nearestStop": "null",
        "Bearing": 0,
        "routeId": "52",
        "tripId": "Unnasigned"
    },
    "1765": {
        "RecordedAtTime": 0,
        "Lat": -41.2815361,
        "Long": 174.7763062,
        "DelaySeconds": 565,
        "DestinationStopID": 3081,
        "OriginStopID": 5000,
        "Direction": "Outbound",
        "nearestStop": "null",
        "Bearing": 0,
        "routeId": "52",
        "tripId": "Unnasigned"
    },
    "3735": {
        "RecordedAtTime": 0,
        "Lat": -41.3039932,
        "Long": 174.7583618,
        "DelaySeconds": 127,
        "DestinationStopID": 7774,
        "OriginStopID": 7720,
        "Direction": "Outbound",
        "nearestStop": "null",
        "Bearing": 0,
        "routeId": "17",
        "tripId": "Unnasigned"
    },
    "2257": {
        "RecordedAtTime": 0,
        "Lat": -41.2794876,
        "Long": 174.7282257,
        "DelaySeconds": 66,
        "DestinationStopID": 4352,
        "OriginStopID": 5520,
        "Direction": "Outbound",
        "nearestStop": "null",
        "Bearing": 0,
        "routeId": "34",
        "tripId": "Unnasigned"
    }
}