{
    "3274": {
        "RecordedAtTime": 0,
        "Lat": -41.2944527,
        "Long": 174.7967987,
        "DelaySeconds": -78,
        "DestinationStopID": 6224,
        "OriginStopID": 5516,
        "Direction": "Outbound",
        "nearestStop": "null",
        "Bearing": 0,
        "routeId": "20",
        "tripId": "Unnasigned"
    },
    "3050": {
        "RecordedAtTime": 0,
        "Lat": -41.3149071,
        "Long": 174.8106689,
        "DelaySeconds": 0,
        "DestinationStopID": 7083,
        "OriginStopID": 7241,
        "Direction": "Inbound",
        "nearestStop": "null",
        "Bearing": 0,
        "routeId": "18",
        "tripId": "Unnasigned"
    },
    "3740": {
        "RecordedAtTime": 0,
        "Lat": -41.3126793,
        "Long": 174.7702789,
        "DelaySeconds": -13,
        "DestinationStopID": 6937,
        "OriginStopID": 6730,
        "Direction": "Outbound",
        "nearestStop": "null",
        "Bearing": 0,
        "routeId": "23",
        "tripId": "Unnasigned"
    },
    "3895": {
        "RecordedAtTime": 0,
        "Lat": -41.3118858,
        "Long": 174.7658997,
        "DelaySeconds": -3,
        "DestinationStopID": 5016,
        "OriginStopID": 6733,
        "Direction": "Inbound",
        "nearestStop": "null",
        "Bearing": 0,
        "routeId": "7",
        "tripId": "Unnasigned"
    },
    "3952": {
        "RecordedAtTime": 0,
        "Lat": -41.2894402,
        "Long": 174.7750092,
        "DelaySeconds": 137,
        "DestinationStopID": 6733,
        "OriginStopID": 6000,
        "Direction": "Outbound",
        "nearestStop": "null",
        "Bearing": 0,
        "routeId": "7",
        "tripId": "Unnasigned"
    },
    "3827": {
        "RecordedAtTime": 0,
        "Lat": -41.2925682,
        "Long": 174.7549286,
        "DelaySeconds": -213,
        "DestinationStopID": 4947,
        "OriginStopID": 4419,
        "Direction": "Inbound",
        "nearestStop": "null",
        "Bearing": 0,
        "routeId": "25",
        "tripId": "Unnasigned"
    },
    "3932": {
        "RecordedAtTime": 0,
        "Lat": -41.248455,
        "Long": 174.7872467,
        "DelaySeconds": 162,
        "DestinationStopID": 4419,
        "OriginStopID": 4947,
        "Direction": "Outbound",
        "nearestStop": "null",
        "Bearing": 0,
        "routeId": "25",
        "tripId": "Unnasigned"
    },
    "1135": {
        "RecordedAtTime": 0,
        "Lat": -41.2714043,
        "Long": 174.7549438,
        "DelaySeconds": 0,
        "DestinationStopID": 4136,
        "OriginStopID": 7557,
        "Direction": "Outbound",
        "nearestStop": "null",
        "Bearing": 0,
        "routeId": "14",
        "tripId": "Unnasigned"
    },
    "2088": {
        "RecordedAtTime": 0,
        "Lat": -41.2884407,
        "Long": 174.7994537,
        "DelaySeconds": -87,
        "DestinationStopID": 4136,
        "OriginStopID": 7557,
        "Direction": "Outbound",
        "nearestStop": "null",
        "Bearing": 0,
        "routeId": "14",
        "tripId": "Unnasigned"
    },
    "3312": {
        "RecordedAtTime": 0,
        "Lat": -41.2916679,
        "Long": 174.788147,
        "DelaySeconds": -175,
        "DestinationStopID": 7557,
        "OriginStopID": 4136,
        "Direction": "Inbound",
        "nearestStop": "null",
        "Bearing": 0,
        "routeId": "14",
        "tripId": "Unnasigned"
    },
    "1506": {
        "RecordedAtTime": 0,
        "Lat": -41.3159332,
        "Long": 174.7911377,
        "DelaySeconds": 44,
        "DestinationStopID": 5016,
        "OriginStopID": 7338,
        "Direction": "Inbound",
        "nearestStop": "null",
        "Bearing": 0,
        "routeId": "3",
        "tripId": "Unnasigned"
    },
    "3049": {
        "RecordedAtTime": 0,
        "Lat": -41.2959404,
        "Long": 174.7769318,
        "DelaySeconds": 215,
        "DestinationStopID": 6338,
        "OriginStopID": 6000,
        "Direction": "Outbound",
        "nearestStop": "null",
        "Bearing": 0,
        "routeId": "3",
        "tripId": "Unnasigned"
    },
    "3902": {
        "RecordedAtTime": 0,
        "Lat": -41.2931442,
        "Long": 174.7800446,
        "DelaySeconds": 112,
        "DestinationStopID": 3040,
        "OriginStopID": 7158,
        "Direction": "Outbound",
        "nearestStop": "null",
        "Bearing": 0,
        "routeId": "1",
        "tripId": "Unnasigned"
    },
    "3910": {
        "RecordedAtTime": 0,
        "Lat": -41.234211,
        "Long": 174.8071899,
        "DelaySeconds": -87,
        "DestinationStopID": 6158,
        "OriginStopID": 3050,
        "Direction": "Inbound",
        "nearestStop": "null",
        "Bearing": 0,
        "routeId": "1",
        "tripId": "Unnasigned"
    },
    "3918": {
        "RecordedAtTime": 0,
        "Lat": -41.1926193,
        "Long": 174.8083344,
        "DelaySeconds": 0,
        "DestinationStopID": 3279,
        "OriginStopID": 7158,
        "Direction": "Outbound",
        "nearestStop": "null",
        "Bearing": 0,
        "routeId": "1",
        "tripId": "Unnasigned"
    },
    "3944": {
        "RecordedAtTime": 0,
        "Lat": -41.2898102,
        "Long": 174.7752075,
        "DelaySeconds": -58,
        "DestinationStopID": 6158,
        "OriginStopID": 3451,
        "Direction": "Inbound",
        "nearestStop": "null",
        "Bearing": 0,
        "routeId": "1",
        "tripId": "Unnasigned"
    },
    "3950": {
        "RecordedAtTime": 0,
        "Lat": -41.3206558,
        "Long": 174.775238,
        "DelaySeconds": 17,
        "DestinationStopID": 6158,
        "OriginStopID": 3297,
        "Direction": "Inbound",
        "nearestStop": "null",
        "Bearing": 0,
        "routeId": "1",
        "tripId": "Unnasigned"
    },
    "3962": {
        "RecordedAtTime": 0,
        "Lat": -41.2389832,
        "Long": 174.8063049,
        "DelaySeconds": -77,
        "DestinationStopID": 3451,
        "OriginStopID": 7158,
        "Direction": "Outbound",
        "nearestStop": "null",
        "Bearing": 0,
        "routeId": "1",
        "tripId": "Unnasigned"
    },
    "3968": {
        "RecordedAtTime": 0,
        "Lat": -41.3430519,
        "Long": 174.7705078,
        "DelaySeconds": 0,
        "DestinationStopID": 3279,
        "OriginStopID": 7158,
        "Direction": "Outbound",
        "nearestStop": "null",
        "Bearing": 0,
        "routeId": "1",
        "tripId": "Unnasigned"
    },
    "1637": {
        "RecordedAtTime": 0,
        "Lat": -41.312542,
        "Long": 174.7933502,
        "DelaySeconds": 407,
        "DestinationStopID": 7042,
        "OriginStopID": 4332,
        "Direction": "Inbound",
        "nearestStop": "null",
        "Bearing": 0,
        "routeId": "2",
        "tripId": "Unnasigned"
    },
    "2072": {
        "RecordedAtTime": 0,
        "Lat": -41.3250771,
        "Long": 174.8182831,
        "DelaySeconds": 1481,
        "DestinationStopID": 7042,
        "OriginStopID": 4332,
        "Direction": "Inbound",
        "nearestStop": "null",
        "Bearing": 0,
        "routeId": "2",
        "tripId": "Unnasigned"
    },
    "2075": {
        "RecordedAtTime": 0,
        "Lat": -41.2855606,
        "Long": 174.734848,
        "DelaySeconds": 363,
        "DestinationStopID": 7042,
        "OriginStopID": 4332,
        "Direction": "Inbound",
        "nearestStop": "null",
        "Bearing": 0,
        "routeId": "2",
        "tripId": "Unnasigned"
    },
    "3736": {
        "RecordedAtTime": 0,
        "Lat": -41.3347359,
        "Long": 174.7727051,
        "DelaySeconds": -76,
        "DestinationStopID": 7746,
        "OriginStopID": 7720,
        "Direction": "Outbound",
        "nearestStop": "null",
        "Bearing": 0,
        "routeId": "29",
        "tripId": "Unnasigned"
    },
    "3738": {
        "RecordedAtTime": 0,
        "Lat": -41.3051491,
        "Long": 174.7653503,
        "DelaySeconds": 0,
        "DestinationStopID": 7720,
        "OriginStopID": 7746,
        "Direction": "Inbound",
        "nearestStop": "null",
        "Bearing": 0,
        "routeId": "29",
        "tripId": "Unnasigned"
    },
    "1307": {
        "RecordedAtTime": 0,
        "Lat": -41.2859192,
        "Long": 174.773468,
        "DelaySeconds": 244,
        "DestinationStopID": 5936,
        "OriginStopID": 6001,
        "Direction": "Outbound",
        "nearestStop": "null",
        "Bearing": 0,
        "routeId": "22",
        "tripId": "Unnasigned"
    },
    "1118": {
        "RecordedAtTime": 0,
        "Lat": -41.3173599,
        "Long": 174.7958832,
        "DelaySeconds": 0,
        "DestinationStopID": 7224,
        "OriginStopID": 7099,
        "Direction": "Inbound",
        "nearestStop": "null",
        "Bearing": 0,
        "routeId": "12",
        "tripId": "Unnasigned"
    },
    "3907": {
        "RecordedAtTime": 0,
        "Lat": -41.2957458,
        "Long": 174.8052826,
        "DelaySeconds": 264,
        "DestinationStopID": 7083,
        "OriginStopID": 3081,
        "Direction": "Inbound",
        "nearestStop": "null",
        "Bearing": 0,
        "routeId": "24",
        "tripId": "Unnasigned"
    },
    "3926": {
        "RecordedAtTime": 0,
        "Lat": -41.2949409,
        "Long": 174.8039856,
        "DelaySeconds": 139,
        "DestinationStopID": 3250,
        "OriginStopID": 6081,
        "Direction": "Outbound",
        "nearestStop": "null",
        "Bearing": 0,
        "routeId": "24",
        "tripId": "Unnasigned"
    },
    "2079": {
        "RecordedAtTime": 0,
        "Lat": -41.2877235,
        "Long": 174.7657318,
        "DelaySeconds": -27,
        "DestinationStopID": 5327,
        "OriginStopID": 5000,
        "Direction": "Outbound",
        "nearestStop": "null",
        "Bearing": 0,
        "routeId": "21",
        "tripId": "Unnasigned"
    },
    "2244": {
        "RecordedAtTime": 0,
        "Lat": -41.2194595,
        "Long": 174.8317719,
        "DelaySeconds": 159,
        "DestinationStopID": 3081,
        "OriginStopID": 5000,
        "Direction": "Outbound",
        "nearestStop": "null",
        "Bearing": 0,
        "routeId": "52",
        "tripId": "Unnasigned"
    },
    "2247": {
        "RecordedAtTime": 0,
        "Lat": -41.2836266,
        "Long": 174.775528,
        "DelaySeconds": 61,
        "DestinationStopID": 5516,
        "OriginStopID": 3000,
        "Direction": "Inbound",
        "nearestStop": "null",
        "Bearing": 0,
        "routeId": "52",
        "tripId": "Unnasigned"
    }
}