{
    "3895": {
        "RecordedAtTime": 0,
        "Lat": -41.2798386,
        "Long": 174.7767334,
        "DelaySeconds": 61,
        "DestinationStopID": 6733,
        "OriginStopID": 6000,
        "Direction": "Outbound",
        "nearestStop": "null",
        "Bearing": 0,
        "routeId": "7",
        "tripId": "Unnasigned"
    },
    "2071": {
        "RecordedAtTime": 0,
        "Lat": -41.3211441,
        "Long": 174.7960358,
        "DelaySeconds": 0,
        "DestinationStopID": 7557,
        "OriginStopID": 4136,
        "Direction": "Inbound",
        "nearestStop": "null",
        "Bearing": 0,
        "routeId": "14",
        "tripId": "Unnasigned"
    },
    "2097": {
        "RecordedAtTime": 0,
        "Lat": -41.2773628,
        "Long": 174.7557068,
        "DelaySeconds": 0,
        "DestinationStopID": 4136,
        "OriginStopID": 7557,
        "Direction": "Outbound",
        "nearestStop": "null",
        "Bearing": 0,
        "routeId": "14",
        "tripId": "Unnasigned"
    },
    "1135": {
        "RecordedAtTime": 0,
        "Lat": -41.2958794,
        "Long": 174.7769623,
        "DelaySeconds": -64,
        "DestinationStopID": 6338,
        "OriginStopID": 6000,
        "Direction": "Outbound",
        "nearestStop": "null",
        "Bearing": 0,
        "routeId": "3",
        "tripId": "Unnasigned"
    },
    "1307": {
        "RecordedAtTime": 0,
        "Lat": -41.2943878,
        "Long": 174.8032684,
        "DelaySeconds": 0,
        "DestinationStopID": 5016,
        "OriginStopID": 7338,
        "Direction": "Inbound",
        "nearestStop": "null",
        "Bearing": 0,
        "routeId": "3",
        "tripId": "Unnasigned"
    },
    "3902": {
        "RecordedAtTime": 0,
        "Lat": -41.2937622,
        "Long": 174.7822418,
        "DelaySeconds": -204,
        "DestinationStopID": 3279,
        "OriginStopID": 7158,
        "Direction": "Outbound",
        "nearestStop": "null",
        "Bearing": 0,
        "routeId": "1",
        "tripId": "Unnasigned"
    },
    "3932": {
        "RecordedAtTime": 0,
        "Lat": -41.309433,
        "Long": 174.778656,
        "DelaySeconds": -181,
        "DestinationStopID": 6158,
        "OriginStopID": 3451,
        "Direction": "Inbound",
        "nearestStop": "null",
        "Bearing": 0,
        "routeId": "1",
        "tripId": "Unnasigned"
    },
    "3943": {
        "RecordedAtTime": 0,
        "Lat": -41.2453499,
        "Long": 174.8137665,
        "DelaySeconds": -40,
        "DestinationStopID": 6158,
        "OriginStopID": 3297,
        "Direction": "Inbound",
        "nearestStop": "null",
        "Bearing": 0,
        "routeId": "1",
        "tripId": "Unnasigned"
    },
    "3962": {
        "RecordedAtTime": 0,
        "Lat": -41.2234001,
        "Long": 174.8049774,
        "DelaySeconds": -67,
        "DestinationStopID": 3451,
        "OriginStopID": 7158,
        "Direction": "Outbound",
        "nearestStop": "null",
        "Bearing": 0,
        "routeId": "1",
        "tripId": "Unnasigned"
    }
}