{
    "3941": {
        "RecordedAtTime": 0,
        "Lat": -41.3361549,
        "Long": 174.7892456,
        "DelaySeconds": -145,
        "DestinationStopID": 6937,
        "OriginStopID": 5500,
        "Direction": "Outbound",
        "nearestStop": "null",
        "Bearing": 0,
        "routeId": "23e",
        "tripId": "Unnasigned"
    },
    "1118": {
        "RecordedAtTime": 0,
        "Lat": -41.2937584,
        "Long": 174.7925415,
        "DelaySeconds": 69,
        "DestinationStopID": 5000,
        "OriginStopID": 7026,
        "Direction": "Inbound",
        "nearestStop": "null",
        "Bearing": 0,
        "routeId": "20",
        "tripId": "Unnasigned"
    },
    "2097": {
        "RecordedAtTime": 0,
        "Lat": -41.3207855,
        "Long": 174.7977905,
        "DelaySeconds": -294,
        "DestinationStopID": 6224,
        "OriginStopID": 5516,
        "Direction": "Outbound",
        "nearestStop": "null",
        "Bearing": 0,
        "routeId": "20",
        "tripId": "Unnasigned"
    },
    "2085": {
        "RecordedAtTime": 0,
        "Lat": -41.315918,
        "Long": 174.8155518,
        "DelaySeconds": 0,
        "DestinationStopID": 6241,
        "OriginStopID": 6081,
        "Direction": "Outbound",
        "nearestStop": "null",
        "Bearing": 0,
        "routeId": "18",
        "tripId": "Unnasigned"
    },
    "3049": {
        "RecordedAtTime": 0,
        "Lat": -41.305336,
        "Long": 174.8263092,
        "DelaySeconds": 0,
        "DestinationStopID": 6241,
        "OriginStopID": 6081,
        "Direction": "Outbound",
        "nearestStop": "null",
        "Bearing": 0,
        "routeId": "18",
        "tripId": "Unnasigned"
    },
    "2257": {
        "RecordedAtTime": 0,
        "Lat": -41.2373085,
        "Long": 174.8302765,
        "DelaySeconds": 62,
        "DestinationStopID": 9858,
        "OriginStopID": 6010,
        "Direction": "Outbound",
        "nearestStop": "null",
        "Bearing": 0,
        "routeId": "85x",
        "tripId": "Unnasigned"
    },
    "3736": {
        "RecordedAtTime": 0,
        "Lat": -41.3109245,
        "Long": 174.7790833,
        "DelaySeconds": 171,
        "DestinationStopID": 6937,
        "OriginStopID": 6730,
        "Direction": "Outbound",
        "nearestStop": "null",
        "Bearing": 0,
        "routeId": "23",
        "tripId": "Unnasigned"
    },
    "3837": {
        "RecordedAtTime": 0,
        "Lat": -41.3085594,
        "Long": 174.7788696,
        "DelaySeconds": 277,
        "DestinationStopID": 6730,
        "OriginStopID": 7937,
        "Direction": "Inbound",
        "nearestStop": "null",
        "Bearing": 0,
        "routeId": "23",
        "tripId": "Unnasigned"
    },
    "3915": {
        "RecordedAtTime": 0,
        "Lat": -41.3233223,
        "Long": 174.7635956,
        "DelaySeconds": 0,
        "DestinationStopID": 6733,
        "OriginStopID": 6000,
        "Direction": "Outbound",
        "nearestStop": "null",
        "Bearing": 0,
        "routeId": "7",
        "tripId": "Unnasigned"
    },
    "3921": {
        "RecordedAtTime": 0,
        "Lat": -41.3039932,
        "Long": 174.7636108,
        "DelaySeconds": 140,
        "DestinationStopID": 6733,
        "OriginStopID": 6000,
        "Direction": "Outbound",
        "nearestStop": "null",
        "Bearing": 0,
        "routeId": "7",
        "tripId": "Unnasigned"
    },
    "3926": {
        "RecordedAtTime": 0,
        "Lat": -41.2780762,
        "Long": 174.7795868,
        "DelaySeconds": 0,
        "DestinationStopID": 5016,
        "OriginStopID": 6733,
        "Direction": "Inbound",
        "nearestStop": "null",
        "Bearing": 0,
        "routeId": "7",
        "tripId": "Unnasigned"
    },
    "3952": {
        "RecordedAtTime": 0,
        "Lat": -41.2861786,
        "Long": 174.7763214,
        "DelaySeconds": 77,
        "DestinationStopID": 6733,
        "OriginStopID": 6000,
        "Direction": "Outbound",
        "nearestStop": "null",
        "Bearing": 0,
        "routeId": "7",
        "tripId": "Unnasigned"
    },
    "3963": {
        "RecordedAtTime": 0,
        "Lat": -41.287117,
        "Long": 174.7758331,
        "DelaySeconds": -270,
        "DestinationStopID": 5016,
        "OriginStopID": 6733,
        "Direction": "Inbound",
        "nearestStop": "null",
        "Bearing": 0,
        "routeId": "7",
        "tripId": "Unnasigned"
    },
    "3813": {
        "RecordedAtTime": 0,
        "Lat": -41.2600517,
        "Long": 174.7896881,
        "DelaySeconds": 13,
        "DestinationStopID": 4947,
        "OriginStopID": 4419,
        "Direction": "Inbound",
        "nearestStop": "null",
        "Bearing": 0,
        "routeId": "25",
        "tripId": "Unnasigned"
    },
    "3827": {
        "RecordedAtTime": 0,
        "Lat": -41.2969322,
        "Long": 174.7710724,
        "DelaySeconds": 174,
        "DestinationStopID": 4947,
        "OriginStopID": 4419,
        "Direction": "Inbound",
        "nearestStop": "null",
        "Bearing": 0,
        "routeId": "25",
        "tripId": "Unnasigned"
    },
    "3839": {
        "RecordedAtTime": 0,
        "Lat": -41.2831383,
        "Long": 174.7757874,
        "DelaySeconds": 290,
        "DestinationStopID": 4419,
        "OriginStopID": 4947,
        "Direction": "Outbound",
        "nearestStop": "null",
        "Bearing": 0,
        "routeId": "25",
        "tripId": "Unnasigned"
    },
    "3874": {
        "RecordedAtTime": 0,
        "Lat": -41.2911377,
        "Long": 174.7567596,
        "DelaySeconds": 73,
        "DestinationStopID": 4419,
        "OriginStopID": 4947,
        "Direction": "Outbound",
        "nearestStop": "null",
        "Bearing": 0,
        "routeId": "25",
        "tripId": "Unnasigned"
    },
    "1139": {
        "RecordedAtTime": 0,
        "Lat": -41.2925339,
        "Long": 174.7854156,
        "DelaySeconds": -88,
        "DestinationStopID": 4136,
        "OriginStopID": 7557,
        "Direction": "Outbound",
        "nearestStop": "null",
        "Bearing": 0,
        "routeId": "14",
        "tripId": "Unnasigned"
    },
    "1140": {
        "RecordedAtTime": 0,
        "Lat": -41.2714233,
        "Long": 174.7772522,
        "DelaySeconds": -32,
        "DestinationStopID": 7557,
        "OriginStopID": 4136,
        "Direction": "Inbound",
        "nearestStop": "null",
        "Bearing": 0,
        "routeId": "14",
        "tripId": "Unnasigned"
    },
    "1306": {
        "RecordedAtTime": 0,
        "Lat": -41.3038254,
        "Long": 174.7944031,
        "DelaySeconds": 0,
        "DestinationStopID": 4136,
        "OriginStopID": 7557,
        "Direction": "Outbound",
        "nearestStop": "null",
        "Bearing": 0,
        "routeId": "14",
        "tripId": "Unnasigned"
    },
    "1636": {
        "RecordedAtTime": 0,
        "Lat": -41.2922249,
        "Long": 174.7849121,
        "DelaySeconds": 125,
        "DestinationStopID": 7557,
        "OriginStopID": 5139,
        "Direction": "Inbound",
        "nearestStop": "null",
        "Bearing": 0,
        "routeId": "14",
        "tripId": "Unnasigned"
    },
    "2065": {
        "RecordedAtTime": 0,
        "Lat": -41.2696152,
        "Long": 174.7552338,
        "DelaySeconds": 331,
        "DestinationStopID": 4136,
        "OriginStopID": 7557,
        "Direction": "Outbound",
        "nearestStop": "null",
        "Bearing": 0,
        "routeId": "14",
        "tripId": "Unnasigned"
    },
    "2632": {
        "RecordedAtTime": 0,
        "Lat": -41.2772255,
        "Long": 174.7777252,
        "DelaySeconds": 275,
        "DestinationStopID": 4136,
        "OriginStopID": 7557,
        "Direction": "Outbound",
        "nearestStop": "null",
        "Bearing": 0,
        "routeId": "14",
        "tripId": "Unnasigned"
    },
    "1186": {
        "RecordedAtTime": 0,
        "Lat": -41.2837868,
        "Long": 174.7406311,
        "DelaySeconds": 25,
        "DestinationStopID": 6241,
        "OriginStopID": 4332,
        "Direction": "Outbound",
        "nearestStop": "null",
        "Bearing": 0,
        "routeId": "18e",
        "tripId": "Unnasigned"
    },
    "1283": {
        "RecordedAtTime": 0,
        "Lat": -41.3085327,
        "Long": 174.7784729,
        "DelaySeconds": -330,
        "DestinationStopID": 6241,
        "OriginStopID": 4332,
        "Direction": "Outbound",
        "nearestStop": "null",
        "Bearing": 0,
        "routeId": "18e",
        "tripId": "Unnasigned"
    },
    "1460": {
        "RecordedAtTime": 0,
        "Lat": -41.3128548,
        "Long": 174.8187714,
        "DelaySeconds": -50,
        "DestinationStopID": 5332,
        "OriginStopID": 7241,
        "Direction": "Inbound",
        "nearestStop": "null",
        "Bearing": 0,
        "routeId": "18e",
        "tripId": "Unnasigned"
    },
    "1578": {
        "RecordedAtTime": 0,
        "Lat": -41.3181725,
        "Long": 174.7964783,
        "DelaySeconds": 0,
        "DestinationStopID": 6241,
        "OriginStopID": 4332,
        "Direction": "Outbound",
        "nearestStop": "null",
        "Bearing": 0,
        "routeId": "18e",
        "tripId": "Unnasigned"
    },
    "2089": {
        "RecordedAtTime": 0,
        "Lat": -41.308712,
        "Long": 174.778595,
        "DelaySeconds": 212,
        "DestinationStopID": 5332,
        "OriginStopID": 7241,
        "Direction": "Inbound",
        "nearestStop": "null",
        "Bearing": 0,
        "routeId": "18e",
        "tripId": "Unnasigned"
    },
    "1112": {
        "RecordedAtTime": 0,
        "Lat": -41.2781715,
        "Long": 174.7794342,
        "DelaySeconds": 0,
        "DestinationStopID": 5016,
        "OriginStopID": 6345,
        "Direction": "Inbound",
        "nearestStop": "null",
        "Bearing": 0,
        "routeId": "3",
        "tripId": "Unnasigned"
    },
    "1136": {
        "RecordedAtTime": 0,
        "Lat": -41.3178139,
        "Long": 174.7947998,
        "DelaySeconds": 115,
        "DestinationStopID": 6224,
        "OriginStopID": 6000,
        "Direction": "Outbound",
        "nearestStop": "null",
        "Bearing": 0,
        "routeId": "3",
        "tripId": "Unnasigned"
    },
    "1231": {
        "RecordedAtTime": 0,
        "Lat": -41.3132172,
        "Long": 174.7824097,
        "DelaySeconds": -138,
        "DestinationStopID": 5016,
        "OriginStopID": 6345,
        "Direction": "Inbound",
        "nearestStop": "null",
        "Bearing": 0,
        "routeId": "3",
        "tripId": "Unnasigned"
    },
    "1362": {
        "RecordedAtTime": 0,
        "Lat": -41.2923164,
        "Long": 174.778717,
        "DelaySeconds": 70,
        "DestinationStopID": 7345,
        "OriginStopID": 6000,
        "Direction": "Outbound",
        "nearestStop": "null",
        "Bearing": 0,
        "routeId": "3",
        "tripId": "Unnasigned"
    },
    "2060": {
        "RecordedAtTime": 0,
        "Lat": -41.3104248,
        "Long": 174.779068,
        "DelaySeconds": 260,
        "DestinationStopID": 7345,
        "OriginStopID": 6000,
        "Direction": "Outbound",
        "nearestStop": "null",
        "Bearing": 0,
        "routeId": "3",
        "tripId": "Unnasigned"
    },
    "2068": {
        "RecordedAtTime": 0,
        "Lat": -41.3070908,
        "Long": 174.7776489,
        "DelaySeconds": -179,
        "DestinationStopID": 6338,
        "OriginStopID": 6000,
        "Direction": "Outbound",
        "nearestStop": "null",
        "Bearing": 0,
        "routeId": "3",
        "tripId": "Unnasigned"
    },
    "2076": {
        "RecordedAtTime": 0,
        "Lat": -41.2924957,
        "Long": 174.7788391,
        "DelaySeconds": 2,
        "DestinationStopID": 5016,
        "OriginStopID": 6345,
        "Direction": "Inbound",
        "nearestStop": "null",
        "Bearing": 0,
        "routeId": "3",
        "tripId": "Unnasigned"
    },
    "2077": {
        "RecordedAtTime": 0,
        "Lat": -41.3325768,
        "Long": 174.7909393,
        "DelaySeconds": -6,
        "DestinationStopID": 5016,
        "OriginStopID": 7338,
        "Direction": "Inbound",
        "nearestStop": "null",
        "Bearing": 0,
        "routeId": "3",
        "tripId": "Unnasigned"
    },
    "2079": {
        "RecordedAtTime": 0,
        "Lat": -41.283577,
        "Long": 174.7756195,
        "DelaySeconds": 62,
        "DestinationStopID": 5016,
        "OriginStopID": 7338,
        "Direction": "Inbound",
        "nearestStop": "null",
        "Bearing": 0,
        "routeId": "3",
        "tripId": "Unnasigned"
    },
    "3871": {
        "RecordedAtTime": 0,
        "Lat": -41.2006149,
        "Long": 174.8301849,
        "DelaySeconds": 0,
        "DestinationStopID": 6158,
        "OriginStopID": 3451,
        "Direction": "Inbound",
        "nearestStop": "null",
        "Bearing": 0,
        "routeId": "1",
        "tripId": "Unnasigned"
    },
    "3876": {
        "RecordedAtTime": 0,
        "Lat": -41.3028412,
        "Long": 174.7792358,
        "DelaySeconds": 511,
        "DestinationStopID": 3451,
        "OriginStopID": 7158,
        "Direction": "Outbound",
        "nearestStop": "null",
        "Bearing": 0,
        "routeId": "1",
        "tripId": "Unnasigned"
    },
    "3902": {
        "RecordedAtTime": 0,
        "Lat": -41.2525787,
        "Long": 174.8045502,
        "DelaySeconds": 11,
        "DestinationStopID": 3451,
        "OriginStopID": 7158,
        "Direction": "Outbound",
        "nearestStop": "null",
        "Bearing": 0,
        "routeId": "1",
        "tripId": "Unnasigned"
    },
    "3910": {
        "RecordedAtTime": 0,
        "Lat": -41.2910233,
        "Long": 174.7766876,
        "DelaySeconds": -362,
        "DestinationStopID": 6158,
        "OriginStopID": 3297,
        "Direction": "Inbound",
        "nearestStop": "null",
        "Bearing": 0,
        "routeId": "1",
        "tripId": "Unnasigned"
    },
    "3924": {
        "RecordedAtTime": 0,
        "Lat": -41.2179985,
        "Long": 174.8026733,
        "DelaySeconds": 455,
        "DestinationStopID": 3040,
        "OriginStopID": 7158,
        "Direction": "Outbound",
        "nearestStop": "null",
        "Bearing": 0,
        "routeId": "1",
        "tripId": "Unnasigned"
    },
    "3936": {
        "RecordedAtTime": 0,
        "Lat": -41.3249207,
        "Long": 174.7750092,
        "DelaySeconds": 46,
        "DestinationStopID": 3279,
        "OriginStopID": 7158,
        "Direction": "Outbound",
        "nearestStop": "null",
        "Bearing": 0,
        "routeId": "1",
        "tripId": "Unnasigned"
    },
    "3940": {
        "RecordedAtTime": 0,
        "Lat": -41.3012199,
        "Long": 174.7799225,
        "DelaySeconds": 178,
        "DestinationStopID": 6158,
        "OriginStopID": 3451,
        "Direction": "Inbound",
        "nearestStop": "null",
        "Bearing": 0,
        "routeId": "1",
        "tripId": "Unnasigned"
    },
    "3946": {
        "RecordedAtTime": 0,
        "Lat": -41.181366,
        "Long": 174.8352203,
        "DelaySeconds": 0,
        "DestinationStopID": 3451,
        "OriginStopID": 7158,
        "Direction": "Outbound",
        "nearestStop": "null",
        "Bearing": 0,
        "routeId": "1",
        "tripId": "Unnasigned"
    },
    "3947": {
        "RecordedAtTime": 0,
        "Lat": -41.3230362,
        "Long": 174.7751312,
        "DelaySeconds": 357,
        "DestinationStopID": 6158,
        "OriginStopID": 3297,
        "Direction": "Inbound",
        "nearestStop": "null",
        "Bearing": 0,
        "routeId": "1",
        "tripId": "Unnasigned"
    },
    "3950": {
        "RecordedAtTime": 0,
        "Lat": -41.2017288,
        "Long": 174.807785,
        "DelaySeconds": 282,
        "DestinationStopID": 6158,
        "OriginStopID": 3297,
        "Direction": "Inbound",
        "nearestStop": "null",
        "Bearing": 0,
        "routeId": "1",
        "tripId": "Unnasigned"
    },
    "3954": {
        "RecordedAtTime": 0,
        "Lat": -41.2859917,
        "Long": 174.7761841,
        "DelaySeconds": -20,
        "DestinationStopID": 3279,
        "OriginStopID": 7158,
        "Direction": "Outbound",
        "nearestStop": "null",
        "Bearing": 0,
        "routeId": "1",
        "tripId": "Unnasigned"
    },
    "3955": {
        "RecordedAtTime": 0,
        "Lat": -41.2927094,
        "Long": 174.7795258,
        "DelaySeconds": 289,
        "DestinationStopID": 6158,
        "OriginStopID": 3050,
        "Direction": "Inbound",
        "nearestStop": "null",
        "Bearing": 0,
        "routeId": "1",
        "tripId": "Unnasigned"
    },
    "3956": {
        "RecordedAtTime": 0,
        "Lat": -41.3430328,
        "Long": 174.7704315,
        "DelaySeconds": 0,
        "DestinationStopID": 6158,
        "OriginStopID": 3050,
        "Direction": "Inbound",
        "nearestStop": "null",
        "Bearing": 0,
        "routeId": "1",
        "tripId": "Unnasigned"
    },
    "3957": {
        "RecordedAtTime": 0,
        "Lat": -41.262394,
        "Long": 174.7868195,
        "DelaySeconds": -244,
        "DestinationStopID": 3040,
        "OriginStopID": 7158,
        "Direction": "Outbound",
        "nearestStop": "null",
        "Bearing": 0,
        "routeId": "1",
        "tripId": "Unnasigned"
    },
    "3958": {
        "RecordedAtTime": 0,
        "Lat": -41.2029228,
        "Long": 174.8154755,
        "DelaySeconds": 0,
        "DestinationStopID": 3279,
        "OriginStopID": 7158,
        "Direction": "Outbound",
        "nearestStop": "null",
        "Bearing": 0,
        "routeId": "1",
        "tripId": "Unnasigned"
    },
    "3960": {
        "RecordedAtTime": 0,
        "Lat": -41.3045845,
        "Long": 174.778717,
        "DelaySeconds": -58,
        "DestinationStopID": 3040,
        "OriginStopID": 7158,
        "Direction": "Outbound",
        "nearestStop": "null",
        "Bearing": 0,
        "routeId": "1",
        "tripId": "Unnasigned"
    },
    "3961": {
        "RecordedAtTime": 0,
        "Lat": -41.2239761,
        "Long": 174.8053589,
        "DelaySeconds": 69,
        "DestinationStopID": 3279,
        "OriginStopID": 7158,
        "Direction": "Outbound",
        "nearestStop": "null",
        "Bearing": 0,
        "routeId": "1",
        "tripId": "Unnasigned"
    },
    "1105": {
        "RecordedAtTime": 0,
        "Lat": -41.3157883,
        "Long": 174.8149567,
        "DelaySeconds": 197,
        "DestinationStopID": 5332,
        "OriginStopID": 7042,
        "Direction": "Outbound",
        "nearestStop": "null",
        "Bearing": 0,
        "routeId": "2",
        "tripId": "Unnasigned"
    },
    "1113": {
        "RecordedAtTime": 0,
        "Lat": -41.286335,
        "Long": 174.7762756,
        "DelaySeconds": 519,
        "DestinationStopID": 7042,
        "OriginStopID": 4332,
        "Direction": "Inbound",
        "nearestStop": "null",
        "Bearing": 0,
        "routeId": "2",
        "tripId": "Unnasigned"
    },
    "1129": {
        "RecordedAtTime": 0,
        "Lat": -41.2823143,
        "Long": 174.7463074,
        "DelaySeconds": 58,
        "DestinationStopID": 5332,
        "OriginStopID": 7042,
        "Direction": "Outbound",
        "nearestStop": "null",
        "Bearing": 0,
        "routeId": "2",
        "tripId": "Unnasigned"
    },
    "1285": {
        "RecordedAtTime": 0,
        "Lat": -41.298893,
        "Long": 174.7882538,
        "DelaySeconds": -179,
        "DestinationStopID": 5332,
        "OriginStopID": 7042,
        "Direction": "Outbound",
        "nearestStop": "null",
        "Bearing": 0,
        "routeId": "2",
        "tripId": "Unnasigned"
    },
    "1293": {
        "RecordedAtTime": 0,
        "Lat": -41.2834892,
        "Long": 174.7418823,
        "DelaySeconds": 614,
        "DestinationStopID": 5332,
        "OriginStopID": 7042,
        "Direction": "Outbound",
        "nearestStop": "null",
        "Bearing": 0,
        "routeId": "2",
        "tripId": "Unnasigned"
    },
    "1509": {
        "RecordedAtTime": 0,
        "Lat": -41.2865944,
        "Long": 174.7763672,
        "DelaySeconds": 419,
        "DestinationStopID": 5332,
        "OriginStopID": 7042,
        "Direction": "Outbound",
        "nearestStop": "null",
        "Bearing": 0,
        "routeId": "2",
        "tripId": "Unnasigned"
    },
    "1526": {
        "RecordedAtTime": 0,
        "Lat": -41.289917,
        "Long": 174.7753906,
        "DelaySeconds": -82,
        "DestinationStopID": 5332,
        "OriginStopID": 7042,
        "Direction": "Outbound",
        "nearestStop": "null",
        "Bearing": 0,
        "routeId": "2",
        "tripId": "Unnasigned"
    },
    "1541": {
        "RecordedAtTime": 0,
        "Lat": -41.2877998,
        "Long": 174.7576752,
        "DelaySeconds": -43,
        "DestinationStopID": 7042,
        "OriginStopID": 4332,
        "Direction": "Inbound",
        "nearestStop": "null",
        "Bearing": 0,
        "routeId": "2",
        "tripId": "Unnasigned"
    },
    "1634": {
        "RecordedAtTime": 0,
        "Lat": -41.2848511,
        "Long": 174.7754059,
        "DelaySeconds": 18,
        "DestinationStopID": 7042,
        "OriginStopID": 4332,
        "Direction": "Inbound",
        "nearestStop": "null",
        "Bearing": 0,
        "routeId": "2",
        "tripId": "Unnasigned"
    },
    "2064": {
        "RecordedAtTime": 0,
        "Lat": -41.3188019,
        "Long": 174.8019562,
        "DelaySeconds": 520,
        "DestinationStopID": 7042,
        "OriginStopID": 4332,
        "Direction": "Inbound",
        "nearestStop": "null",
        "Bearing": 0,
        "routeId": "2",
        "tripId": "Unnasigned"
    },
    "2075": {
        "RecordedAtTime": 0,
        "Lat": -41.3231277,
        "Long": 174.8336639,
        "DelaySeconds": 55,
        "DestinationStopID": 5332,
        "OriginStopID": 7042,
        "Direction": "Outbound",
        "nearestStop": "null",
        "Bearing": 0,
        "routeId": "2",
        "tripId": "Unnasigned"
    },
    "2081": {
        "RecordedAtTime": 0,
        "Lat": -41.2874527,
        "Long": 174.7758636,
        "DelaySeconds": 1084,
        "DestinationStopID": 7042,
        "OriginStopID": 4332,
        "Direction": "Inbound",
        "nearestStop": "null",
        "Bearing": 0,
        "routeId": "2",
        "tripId": "Unnasigned"
    },
    "3735": {
        "RecordedAtTime": 0,
        "Lat": -41.3429565,
        "Long": 174.7795258,
        "DelaySeconds": 455,
        "DestinationStopID": 7720,
        "OriginStopID": 6010,
        "Direction": "Inbound",
        "nearestStop": "null",
        "Bearing": 0,
        "routeId": "29",
        "tripId": "Unnasigned"
    },
    "3738": {
        "RecordedAtTime": 0,
        "Lat": -41.3440742,
        "Long": 174.7595215,
        "DelaySeconds": -110,
        "DestinationStopID": 7746,
        "OriginStopID": 7720,
        "Direction": "Outbound",
        "nearestStop": "null",
        "Bearing": 0,
        "routeId": "29",
        "tripId": "Unnasigned"
    },
    "3740": {
        "RecordedAtTime": 0,
        "Lat": -41.3076553,
        "Long": 174.7752228,
        "DelaySeconds": 0,
        "DestinationStopID": 7746,
        "OriginStopID": 7720,
        "Direction": "Outbound",
        "nearestStop": "null",
        "Bearing": 0,
        "routeId": "29",
        "tripId": "Unnasigned"
    },
    "2063": {
        "RecordedAtTime": 0,
        "Lat": -41.26511,
        "Long": 174.7641754,
        "DelaySeconds": 0,
        "DestinationStopID": 5936,
        "OriginStopID": 6001,
        "Direction": "Outbound",
        "nearestStop": "null",
        "Bearing": 0,
        "routeId": "22",
        "tripId": "Unnasigned"
    },
    "2070": {
        "RecordedAtTime": 0,
        "Lat": -41.2784538,
        "Long": 174.7787323,
        "DelaySeconds": 0,
        "DestinationStopID": 5016,
        "OriginStopID": 3081,
        "Direction": "Inbound",
        "nearestStop": "null",
        "Bearing": 0,
        "routeId": "22",
        "tripId": "Unnasigned"
    },
    "2071": {
        "RecordedAtTime": 0,
        "Lat": -41.2237167,
        "Long": 174.8049011,
        "DelaySeconds": 0,
        "DestinationStopID": 3250,
        "OriginStopID": 6001,
        "Direction": "Outbound",
        "nearestStop": "null",
        "Bearing": 0,
        "routeId": "22",
        "tripId": "Unnasigned"
    },
    "2150": {
        "RecordedAtTime": 0,
        "Lat": -41.2847824,
        "Long": 174.7740326,
        "DelaySeconds": -10,
        "DestinationStopID": 5016,
        "OriginStopID": 4915,
        "Direction": "Inbound",
        "nearestStop": "null",
        "Bearing": 0,
        "routeId": "22",
        "tripId": "Unnasigned"
    },
    "2212": {
        "RecordedAtTime": 0,
        "Lat": -41.2845573,
        "Long": 174.7740326,
        "DelaySeconds": 129,
        "DestinationStopID": 5936,
        "OriginStopID": 6001,
        "Direction": "Outbound",
        "nearestStop": "null",
        "Bearing": 0,
        "routeId": "22",
        "tripId": "Unnasigned"
    },
    "2620": {
        "RecordedAtTime": 0,
        "Lat": -41.3316345,
        "Long": 174.819931,
        "DelaySeconds": 70,
        "DestinationStopID": 7099,
        "OriginStopID": 6224,
        "Direction": "Outbound",
        "nearestStop": "null",
        "Bearing": 0,
        "routeId": "12",
        "tripId": "Unnasigned"
    },
    "3312": {
        "RecordedAtTime": 0,
        "Lat": -41.3185463,
        "Long": 174.8024445,
        "DelaySeconds": -28,
        "DestinationStopID": 7224,
        "OriginStopID": 7099,
        "Direction": "Inbound",
        "nearestStop": "null",
        "Bearing": 0,
        "routeId": "12",
        "tripId": "Unnasigned"
    },
    "3907": {
        "RecordedAtTime": 0,
        "Lat": -41.2784195,
        "Long": 174.7789307,
        "DelaySeconds": 313,
        "DestinationStopID": 4419,
        "OriginStopID": 5520,
        "Direction": "Outbound",
        "nearestStop": "null",
        "Bearing": 0,
        "routeId": "26",
        "tripId": "Unnasigned"
    },
    "3748": {
        "RecordedAtTime": 0,
        "Lat": -41.2936974,
        "Long": 174.7841187,
        "DelaySeconds": 154,
        "DestinationStopID": 3250,
        "OriginStopID": 6081,
        "Direction": "Outbound",
        "nearestStop": "null",
        "Bearing": 0,
        "routeId": "24",
        "tripId": "Unnasigned"
    },
    "3773": {
        "RecordedAtTime": 0,
        "Lat": -41.2471886,
        "Long": 174.7912598,
        "DelaySeconds": 129,
        "DestinationStopID": 3250,
        "OriginStopID": 5000,
        "Direction": "Outbound",
        "nearestStop": "null",
        "Bearing": 0,
        "routeId": "24",
        "tripId": "Unnasigned"
    },
    "3778": {
        "RecordedAtTime": 0,
        "Lat": -41.2798958,
        "Long": 174.7764587,
        "DelaySeconds": 63,
        "DestinationStopID": 5516,
        "OriginStopID": 3081,
        "Direction": "Inbound",
        "nearestStop": "null",
        "Bearing": 0,
        "routeId": "24",
        "tripId": "Unnasigned"
    },
    "3848": {
        "RecordedAtTime": 0,
        "Lat": -41.3020744,
        "Long": 174.8044739,
        "DelaySeconds": 827,
        "DestinationStopID": 7083,
        "OriginStopID": 3081,
        "Direction": "Inbound",
        "nearestStop": "null",
        "Bearing": 0,
        "routeId": "24",
        "tripId": "Unnasigned"
    },
    "3890": {
        "RecordedAtTime": 0,
        "Lat": -41.316925,
        "Long": 174.8194733,
        "DelaySeconds": 60,
        "DestinationStopID": 3250,
        "OriginStopID": 6081,
        "Direction": "Outbound",
        "nearestStop": "null",
        "Bearing": 0,
        "routeId": "24",
        "tripId": "Unnasigned"
    },
    "3911": {
        "RecordedAtTime": 0,
        "Lat": -41.2366295,
        "Long": 174.7924957,
        "DelaySeconds": 113,
        "DestinationStopID": 7083,
        "OriginStopID": 3081,
        "Direction": "Inbound",
        "nearestStop": "null",
        "Bearing": 0,
        "routeId": "24",
        "tripId": "Unnasigned"
    },
    "3918": {
        "RecordedAtTime": 0,
        "Lat": -41.3004036,
        "Long": 174.7816772,
        "DelaySeconds": 110,
        "DestinationStopID": 6163,
        "OriginStopID": 6001,
        "Direction": "Outbound",
        "nearestStop": "null",
        "Bearing": 0,
        "routeId": "32x",
        "tripId": "Unnasigned"
    },
    "1132": {
        "RecordedAtTime": 0,
        "Lat": -41.293396,
        "Long": 174.7759705,
        "DelaySeconds": 0,
        "DestinationStopID": 5516,
        "OriginStopID": 4915,
        "Direction": "Inbound",
        "nearestStop": "null",
        "Bearing": 0,
        "routeId": "21",
        "tripId": "Unnasigned"
    },
    "1386": {
        "RecordedAtTime": 0,
        "Lat": -41.2885323,
        "Long": 174.7671509,
        "DelaySeconds": 158,
        "DestinationStopID": 5327,
        "OriginStopID": 5000,
        "Direction": "Outbound",
        "nearestStop": "null",
        "Bearing": 0,
        "routeId": "21",
        "tripId": "Unnasigned"
    },
    "1392": {
        "RecordedAtTime": 0,
        "Lat": -41.2891693,
        "Long": 174.7636414,
        "DelaySeconds": 54,
        "DestinationStopID": 5516,
        "OriginStopID": 4396,
        "Direction": "Inbound",
        "nearestStop": "null",
        "Bearing": 0,
        "routeId": "21",
        "tripId": "Unnasigned"
    },
    "2078": {
        "RecordedAtTime": 0,
        "Lat": -41.2936668,
        "Long": 174.7818146,
        "DelaySeconds": -56,
        "DestinationStopID": 5516,
        "OriginStopID": 4915,
        "Direction": "Inbound",
        "nearestStop": "null",
        "Bearing": 0,
        "routeId": "21",
        "tripId": "Unnasigned"
    },
    "2588": {
        "RecordedAtTime": 0,
        "Lat": -41.293045,
        "Long": 174.7784576,
        "DelaySeconds": 25,
        "DestinationStopID": 5915,
        "OriginStopID": 5000,
        "Direction": "Outbound",
        "nearestStop": "null",
        "Bearing": 0,
        "routeId": "21",
        "tripId": "Unnasigned"
    },
    "3886": {
        "RecordedAtTime": 0,
        "Lat": -41.2969894,
        "Long": 174.7711639,
        "DelaySeconds": 178,
        "DestinationStopID": 7774,
        "OriginStopID": 6000,
        "Direction": "Outbound",
        "nearestStop": "null",
        "Bearing": 0,
        "routeId": "17e",
        "tripId": "Unnasigned"
    },
    "1249": {
        "RecordedAtTime": 0,
        "Lat": -41.2176857,
        "Long": 174.8197937,
        "DelaySeconds": 193,
        "DestinationStopID": 3081,
        "OriginStopID": 5000,
        "Direction": "Outbound",
        "nearestStop": "null",
        "Bearing": 0,
        "routeId": "52",
        "tripId": "Unnasigned"
    },
    "2168": {
        "RecordedAtTime": 0,
        "Lat": -41.2829475,
        "Long": 174.7757416,
        "DelaySeconds": -114,
        "DestinationStopID": 5516,
        "OriginStopID": 3000,
        "Direction": "Inbound",
        "nearestStop": "null",
        "Bearing": 0,
        "routeId": "52",
        "tripId": "Unnasigned"
    },
    "2224": {
        "RecordedAtTime": 0,
        "Lat": -41.2264519,
        "Long": 174.8192139,
        "DelaySeconds": 76,
        "DestinationStopID": 3081,
        "OriginStopID": 5000,
        "Direction": "Outbound",
        "nearestStop": "null",
        "Bearing": 0,
        "routeId": "52",
        "tripId": "Unnasigned"
    },
    "2247": {
        "RecordedAtTime": 0,
        "Lat": -41.2867737,
        "Long": 174.7763214,
        "DelaySeconds": 499,
        "DestinationStopID": 3081,
        "OriginStopID": 6010,
        "Direction": "Outbound",
        "nearestStop": "null",
        "Bearing": 0,
        "routeId": "52",
        "tripId": "Unnasigned"
    },
    "2485": {
        "RecordedAtTime": 0,
        "Lat": -41.293766,
        "Long": 174.782547,
        "DelaySeconds": 0,
        "DestinationStopID": 5516,
        "OriginStopID": 3000,
        "Direction": "Inbound",
        "nearestStop": "null",
        "Bearing": 0,
        "routeId": "52",
        "tripId": "Unnasigned"
    },
    "2497": {
        "RecordedAtTime": 0,
        "Lat": -41.2314911,
        "Long": 174.8123932,
        "DelaySeconds": 0,
        "DestinationStopID": 3081,
        "OriginStopID": 5000,
        "Direction": "Outbound",
        "nearestStop": "null",
        "Bearing": 0,
        "routeId": "52",
        "tripId": "Unnasigned"
    },
    "2537": {
        "RecordedAtTime": 0,
        "Lat": -41.2937584,
        "Long": 174.7821808,
        "DelaySeconds": 0,
        "DestinationStopID": 3081,
        "OriginStopID": 5000,
        "Direction": "Outbound",
        "nearestStop": "null",
        "Bearing": 0,
        "routeId": "52",
        "tripId": "Unnasigned"
    },
    "3746": {
        "RecordedAtTime": 0,
        "Lat": -41.3154602,
        "Long": 174.7583618,
        "DelaySeconds": 0,
        "DestinationStopID": 7774,
        "OriginStopID": 7720,
        "Direction": "Outbound",
        "nearestStop": "null",
        "Bearing": 0,
        "routeId": "17",
        "tripId": "Unnasigned"
    }
}