{
    "3915": {
        "RecordedAtTime": 0,
        "Lat": -41.3332481,
        "Long": 174.7883759,
        "DelaySeconds": 0,
        "DestinationStopID": 6937,
        "OriginStopID": 5500,
        "Direction": "Outbound",
        "nearestStop": "null",
        "Bearing": 0,
        "routeId": "23e",
        "tripId": "Unnasigned"
    },
    "3935": {
        "RecordedAtTime": 0,
        "Lat": -41.2848244,
        "Long": 174.7756348,
        "DelaySeconds": 3,
        "DestinationStopID": 6937,
        "OriginStopID": 5500,
        "Direction": "Outbound",
        "nearestStop": "null",
        "Bearing": 0,
        "routeId": "23e",
        "tripId": "Unnasigned"
    },
    "3955": {
        "RecordedAtTime": 0,
        "Lat": -41.2857933,
        "Long": 174.7763977,
        "DelaySeconds": 1176,
        "DestinationStopID": 6937,
        "OriginStopID": 5500,
        "Direction": "Outbound",
        "nearestStop": "null",
        "Bearing": 0,
        "routeId": "23e",
        "tripId": "Unnasigned"
    },
    "2097": {
        "RecordedAtTime": 0,
        "Lat": -41.3125877,
        "Long": 174.7881317,
        "DelaySeconds": 99,
        "DestinationStopID": 5000,
        "OriginStopID": 7026,
        "Direction": "Inbound",
        "nearestStop": "null",
        "Bearing": 0,
        "routeId": "20",
        "tripId": "Unnasigned"
    },
    "3314": {
        "RecordedAtTime": 0,
        "Lat": -41.2974358,
        "Long": 174.7960663,
        "DelaySeconds": 41,
        "DestinationStopID": 6224,
        "OriginStopID": 5516,
        "Direction": "Outbound",
        "nearestStop": "null",
        "Bearing": 0,
        "routeId": "20",
        "tripId": "Unnasigned"
    },
    "1132": {
        "RecordedAtTime": 0,
        "Lat": -41.2881737,
        "Long": 174.7753754,
        "DelaySeconds": -14,
        "DestinationStopID": 6224,
        "OriginStopID": 6000,
        "Direction": "Outbound",
        "nearestStop": "null",
        "Bearing": 0,
        "routeId": "36",
        "tripId": "Unnasigned"
    },
    "1352": {
        "RecordedAtTime": 0,
        "Lat": -41.2962799,
        "Long": 174.7852783,
        "DelaySeconds": 0,
        "DestinationStopID": 6338,
        "OriginStopID": 6000,
        "Direction": "Outbound",
        "nearestStop": "null",
        "Bearing": 0,
        "routeId": "36",
        "tripId": "Unnasigned"
    },
    "1386": {
        "RecordedAtTime": 0,
        "Lat": -41.29673,
        "Long": 174.7853851,
        "DelaySeconds": 216,
        "DestinationStopID": 6224,
        "OriginStopID": 6000,
        "Direction": "Outbound",
        "nearestStop": "null",
        "Bearing": 0,
        "routeId": "36",
        "tripId": "Unnasigned"
    },
    "2087": {
        "RecordedAtTime": 0,
        "Lat": -41.2907829,
        "Long": 174.7764587,
        "DelaySeconds": 33,
        "DestinationStopID": 6338,
        "OriginStopID": 6000,
        "Direction": "Outbound",
        "nearestStop": "null",
        "Bearing": 0,
        "routeId": "36",
        "tripId": "Unnasigned"
    },
    "3050": {
        "RecordedAtTime": 0,
        "Lat": -41.3027267,
        "Long": 174.7926636,
        "DelaySeconds": 616,
        "DestinationStopID": 6338,
        "OriginStopID": 6000,
        "Direction": "Outbound",
        "nearestStop": "null",
        "Bearing": 0,
        "routeId": "36",
        "tripId": "Unnasigned"
    },
    "3049": {
        "RecordedAtTime": 0,
        "Lat": -41.3053894,
        "Long": 174.8262024,
        "DelaySeconds": 0,
        "DestinationStopID": 6241,
        "OriginStopID": 6081,
        "Direction": "Outbound",
        "nearestStop": "null",
        "Bearing": 0,
        "routeId": "18",
        "tripId": "Unnasigned"
    },
    "3813": {
        "RecordedAtTime": 0,
        "Lat": -41.2192955,
        "Long": 174.8083954,
        "DelaySeconds": 424,
        "DestinationStopID": 3081,
        "OriginStopID": 5520,
        "Direction": "Outbound",
        "nearestStop": "null",
        "Bearing": 0,
        "routeId": "19e",
        "tripId": "Unnasigned"
    },
    "1249": {
        "RecordedAtTime": 0,
        "Lat": -41.2862091,
        "Long": 174.7761078,
        "DelaySeconds": -32,
        "DestinationStopID": 3534,
        "OriginStopID": 5000,
        "Direction": "Outbound",
        "nearestStop": "null",
        "Bearing": 0,
        "routeId": "58",
        "tripId": "Unnasigned"
    },
    "2182": {
        "RecordedAtTime": 0,
        "Lat": -41.2882614,
        "Long": 174.7753754,
        "DelaySeconds": 87,
        "DestinationStopID": 3534,
        "OriginStopID": 5000,
        "Direction": "Outbound",
        "nearestStop": "null",
        "Bearing": 0,
        "routeId": "58",
        "tripId": "Unnasigned"
    },
    "2185": {
        "RecordedAtTime": 0,
        "Lat": -41.2430496,
        "Long": 174.8130188,
        "DelaySeconds": -77,
        "DestinationStopID": 3534,
        "OriginStopID": 5000,
        "Direction": "Outbound",
        "nearestStop": "null",
        "Bearing": 0,
        "routeId": "58",
        "tripId": "Unnasigned"
    },
    "3734": {
        "RecordedAtTime": 0,
        "Lat": -41.3386536,
        "Long": 174.7897644,
        "DelaySeconds": -65,
        "DestinationStopID": 6937,
        "OriginStopID": 6730,
        "Direction": "Outbound",
        "nearestStop": "null",
        "Bearing": 0,
        "routeId": "23",
        "tripId": "Unnasigned"
    },
    "3737": {
        "RecordedAtTime": 0,
        "Lat": -41.3171577,
        "Long": 174.7680206,
        "DelaySeconds": 105,
        "DestinationStopID": 6937,
        "OriginStopID": 6730,
        "Direction": "Outbound",
        "nearestStop": "null",
        "Bearing": 0,
        "routeId": "23",
        "tripId": "Unnasigned"
    },
    "3746": {
        "RecordedAtTime": 0,
        "Lat": -41.324131,
        "Long": 174.7644043,
        "DelaySeconds": -103,
        "DestinationStopID": 6730,
        "OriginStopID": 7746,
        "Direction": "Inbound",
        "nearestStop": "null",
        "Bearing": 0,
        "routeId": "23",
        "tripId": "Unnasigned"
    },
    "3837": {
        "RecordedAtTime": 0,
        "Lat": -41.3110123,
        "Long": 174.7790375,
        "DelaySeconds": 152,
        "DestinationStopID": 6730,
        "OriginStopID": 7937,
        "Direction": "Inbound",
        "nearestStop": "null",
        "Bearing": 0,
        "routeId": "23",
        "tripId": "Unnasigned"
    },
    "3940": {
        "RecordedAtTime": 0,
        "Lat": -41.3049545,
        "Long": 174.7649384,
        "DelaySeconds": 29,
        "DestinationStopID": 6733,
        "OriginStopID": 6000,
        "Direction": "Outbound",
        "nearestStop": "null",
        "Bearing": 0,
        "routeId": "7",
        "tripId": "Unnasigned"
    },
    "3941": {
        "RecordedAtTime": 0,
        "Lat": -41.3234749,
        "Long": 174.7635956,
        "DelaySeconds": 0,
        "DestinationStopID": 6733,
        "OriginStopID": 6000,
        "Direction": "Outbound",
        "nearestStop": "null",
        "Bearing": 0,
        "routeId": "7",
        "tripId": "Unnasigned"
    },
    "3942": {
        "RecordedAtTime": 0,
        "Lat": -41.2811508,
        "Long": 174.7755127,
        "DelaySeconds": 60,
        "DestinationStopID": 6733,
        "OriginStopID": 6000,
        "Direction": "Outbound",
        "nearestStop": "null",
        "Bearing": 0,
        "routeId": "7",
        "tripId": "Unnasigned"
    },
    "3952": {
        "RecordedAtTime": 0,
        "Lat": -41.2937317,
        "Long": 174.7731934,
        "DelaySeconds": 145,
        "DestinationStopID": 6733,
        "OriginStopID": 6000,
        "Direction": "Outbound",
        "nearestStop": "null",
        "Bearing": 0,
        "routeId": "7",
        "tripId": "Unnasigned"
    },
    "3963": {
        "RecordedAtTime": 0,
        "Lat": -41.2917442,
        "Long": 174.7732086,
        "DelaySeconds": -806,
        "DestinationStopID": 5016,
        "OriginStopID": 6733,
        "Direction": "Inbound",
        "nearestStop": "null",
        "Bearing": 0,
        "routeId": "7",
        "tripId": "Unnasigned"
    },
    "3825": {
        "RecordedAtTime": 0,
        "Lat": -41.2939796,
        "Long": 174.7532349,
        "DelaySeconds": 0,
        "DestinationStopID": 4947,
        "OriginStopID": 4419,
        "Direction": "Inbound",
        "nearestStop": "null",
        "Bearing": 0,
        "routeId": "25",
        "tripId": "Unnasigned"
    },
    "3827": {
        "RecordedAtTime": 0,
        "Lat": -41.2528114,
        "Long": 174.7809906,
        "DelaySeconds": 326,
        "DestinationStopID": 4947,
        "OriginStopID": 4419,
        "Direction": "Inbound",
        "nearestStop": "null",
        "Bearing": 0,
        "routeId": "25",
        "tripId": "Unnasigned"
    },
    "3874": {
        "RecordedAtTime": 0,
        "Lat": -41.2933273,
        "Long": 174.7734222,
        "DelaySeconds": -8,
        "DestinationStopID": 4947,
        "OriginStopID": 4419,
        "Direction": "Inbound",
        "nearestStop": "null",
        "Bearing": 0,
        "routeId": "25",
        "tripId": "Unnasigned"
    },
    "3917": {
        "RecordedAtTime": 0,
        "Lat": -41.2920685,
        "Long": 174.772995,
        "DelaySeconds": 108,
        "DestinationStopID": 4419,
        "OriginStopID": 4947,
        "Direction": "Outbound",
        "nearestStop": "null",
        "Bearing": 0,
        "routeId": "25",
        "tripId": "Unnasigned"
    },
    "3918": {
        "RecordedAtTime": 0,
        "Lat": -41.2520599,
        "Long": 174.7853088,
        "DelaySeconds": 220,
        "DestinationStopID": 4419,
        "OriginStopID": 4947,
        "Direction": "Outbound",
        "nearestStop": "null",
        "Bearing": 0,
        "routeId": "25",
        "tripId": "Unnasigned"
    },
    "3930": {
        "RecordedAtTime": 0,
        "Lat": -41.2798538,
        "Long": 174.7767029,
        "DelaySeconds": 232,
        "DestinationStopID": 4419,
        "OriginStopID": 7709,
        "Direction": "Outbound",
        "nearestStop": "null",
        "Bearing": 0,
        "routeId": "25",
        "tripId": "Unnasigned"
    },
    "1761": {
        "RecordedAtTime": 0,
        "Lat": -41.2785149,
        "Long": 174.7788849,
        "DelaySeconds": -126,
        "DestinationStopID": 3754,
        "OriginStopID": 5000,
        "Direction": "Outbound",
        "nearestStop": "null",
        "Bearing": 0,
        "routeId": "57",
        "tripId": "Unnasigned"
    },
    "1765": {
        "RecordedAtTime": 0,
        "Lat": -41.2819328,
        "Long": 174.7759705,
        "DelaySeconds": 93,
        "DestinationStopID": 3754,
        "OriginStopID": 5000,
        "Direction": "Outbound",
        "nearestStop": "null",
        "Bearing": 0,
        "routeId": "57",
        "tripId": "Unnasigned"
    },
    "2196": {
        "RecordedAtTime": 0,
        "Lat": -41.2459793,
        "Long": 174.8149719,
        "DelaySeconds": 0,
        "DestinationStopID": 3754,
        "OriginStopID": 5000,
        "Direction": "Outbound",
        "nearestStop": "null",
        "Bearing": 0,
        "routeId": "57",
        "tripId": "Unnasigned"
    },
    "2292": {
        "RecordedAtTime": 0,
        "Lat": -41.219738,
        "Long": 174.8314819,
        "DelaySeconds": -181,
        "DestinationStopID": 3754,
        "OriginStopID": 5000,
        "Direction": "Outbound",
        "nearestStop": "null",
        "Bearing": 0,
        "routeId": "57",
        "tripId": "Unnasigned"
    },
    "3889": {
        "RecordedAtTime": 0,
        "Lat": -41.293911,
        "Long": 174.7835999,
        "DelaySeconds": 77,
        "DestinationStopID": 6960,
        "OriginStopID": 5500,
        "Direction": "Inbound",
        "nearestStop": "null",
        "Bearing": 0,
        "routeId": "29e",
        "tripId": "Unnasigned"
    },
    "3921": {
        "RecordedAtTime": 0,
        "Lat": -41.3375397,
        "Long": 174.7648773,
        "DelaySeconds": 231,
        "DestinationStopID": 6960,
        "OriginStopID": 6000,
        "Direction": "Outbound",
        "nearestStop": "null",
        "Bearing": 0,
        "routeId": "29e",
        "tripId": "Unnasigned"
    },
    "3926": {
        "RecordedAtTime": 0,
        "Lat": -41.2784538,
        "Long": 174.7792511,
        "DelaySeconds": 0,
        "DestinationStopID": 6960,
        "OriginStopID": 6000,
        "Direction": "Outbound",
        "nearestStop": "null",
        "Bearing": 0,
        "routeId": "29e",
        "tripId": "Unnasigned"
    },
    "3934": {
        "RecordedAtTime": 0,
        "Lat": -41.3366699,
        "Long": 174.7829742,
        "DelaySeconds": 786,
        "DestinationStopID": 6960,
        "OriginStopID": 5500,
        "Direction": "Inbound",
        "nearestStop": "null",
        "Bearing": 0,
        "routeId": "29e",
        "tripId": "Unnasigned"
    },
    "1113": {
        "RecordedAtTime": 0,
        "Lat": -41.2931671,
        "Long": 174.7803802,
        "DelaySeconds": 1147,
        "DestinationStopID": 4136,
        "OriginStopID": 7557,
        "Direction": "Outbound",
        "nearestStop": "null",
        "Bearing": 0,
        "routeId": "14",
        "tripId": "Unnasigned"
    },
    "1306": {
        "RecordedAtTime": 0,
        "Lat": -41.2817612,
        "Long": 174.776062,
        "DelaySeconds": 85,
        "DestinationStopID": 7557,
        "OriginStopID": 4136,
        "Direction": "Inbound",
        "nearestStop": "null",
        "Bearing": 0,
        "routeId": "14",
        "tripId": "Unnasigned"
    },
    "1636": {
        "RecordedAtTime": 0,
        "Lat": -41.2687111,
        "Long": 174.7571411,
        "DelaySeconds": 306,
        "DestinationStopID": 4136,
        "OriginStopID": 7557,
        "Direction": "Outbound",
        "nearestStop": "null",
        "Bearing": 0,
        "routeId": "14",
        "tripId": "Unnasigned"
    },
    "2065": {
        "RecordedAtTime": 0,
        "Lat": -41.2938461,
        "Long": 174.7826538,
        "DelaySeconds": 242,
        "DestinationStopID": 7557,
        "OriginStopID": 4136,
        "Direction": "Inbound",
        "nearestStop": "null",
        "Bearing": 0,
        "routeId": "14",
        "tripId": "Unnasigned"
    },
    "2095": {
        "RecordedAtTime": 0,
        "Lat": -41.298172,
        "Long": 174.7996979,
        "DelaySeconds": 20,
        "DestinationStopID": 4136,
        "OriginStopID": 7557,
        "Direction": "Outbound",
        "nearestStop": "null",
        "Bearing": 0,
        "routeId": "14",
        "tripId": "Unnasigned"
    },
    "2286": {
        "RecordedAtTime": 0,
        "Lat": -41.2932396,
        "Long": 174.7807312,
        "DelaySeconds": 207,
        "DestinationStopID": 4136,
        "OriginStopID": 7557,
        "Direction": "Outbound",
        "nearestStop": "null",
        "Bearing": 0,
        "routeId": "14",
        "tripId": "Unnasigned"
    },
    "2632": {
        "RecordedAtTime": 0,
        "Lat": -41.2998886,
        "Long": 174.8013916,
        "DelaySeconds": 315,
        "DestinationStopID": 7557,
        "OriginStopID": 4136,
        "Direction": "Inbound",
        "nearestStop": "null",
        "Bearing": 0,
        "routeId": "14",
        "tripId": "Unnasigned"
    },
    "3029": {
        "RecordedAtTime": 0,
        "Lat": -41.2828522,
        "Long": 174.7757111,
        "DelaySeconds": 119,
        "DestinationStopID": 4136,
        "OriginStopID": 5000,
        "Direction": "Outbound",
        "nearestStop": "null",
        "Bearing": 0,
        "routeId": "14",
        "tripId": "Unnasigned"
    },
    "3048": {
        "RecordedAtTime": 0,
        "Lat": -41.2641068,
        "Long": 174.7642517,
        "DelaySeconds": 6,
        "DestinationStopID": 4136,
        "OriginStopID": 5000,
        "Direction": "Outbound",
        "nearestStop": "null",
        "Bearing": 0,
        "routeId": "14",
        "tripId": "Unnasigned"
    },
    "3274": {
        "RecordedAtTime": 0,
        "Lat": -41.2685509,
        "Long": 174.7571106,
        "DelaySeconds": 235,
        "DestinationStopID": 7557,
        "OriginStopID": 4136,
        "Direction": "Inbound",
        "nearestStop": "null",
        "Bearing": 0,
        "routeId": "14",
        "tripId": "Unnasigned"
    },
    "1186": {
        "RecordedAtTime": 0,
        "Lat": -41.3136101,
        "Long": 174.7804565,
        "DelaySeconds": 166,
        "DestinationStopID": 5332,
        "OriginStopID": 7241,
        "Direction": "Inbound",
        "nearestStop": "null",
        "Bearing": 0,
        "routeId": "18e",
        "tripId": "Unnasigned"
    },
    "1283": {
        "RecordedAtTime": 0,
        "Lat": -41.2929459,
        "Long": 174.7749023,
        "DelaySeconds": 545,
        "DestinationStopID": 5332,
        "OriginStopID": 7241,
        "Direction": "Inbound",
        "nearestStop": "null",
        "Bearing": 0,
        "routeId": "18e",
        "tripId": "Unnasigned"
    },
    "1460": {
        "RecordedAtTime": 0,
        "Lat": -41.2920456,
        "Long": 174.7716827,
        "DelaySeconds": 160,
        "DestinationStopID": 6241,
        "OriginStopID": 4332,
        "Direction": "Outbound",
        "nearestStop": "null",
        "Bearing": 0,
        "routeId": "18e",
        "tripId": "Unnasigned"
    },
    "2080": {
        "RecordedAtTime": 0,
        "Lat": -41.286911,
        "Long": 174.728302,
        "DelaySeconds": 0,
        "DestinationStopID": 5332,
        "OriginStopID": 7241,
        "Direction": "Inbound",
        "nearestStop": "null",
        "Bearing": 0,
        "routeId": "18e",
        "tripId": "Unnasigned"
    },
    "2089": {
        "RecordedAtTime": 0,
        "Lat": -41.3069992,
        "Long": 174.7774048,
        "DelaySeconds": 783,
        "DestinationStopID": 6241,
        "OriginStopID": 4332,
        "Direction": "Outbound",
        "nearestStop": "null",
        "Bearing": 0,
        "routeId": "18e",
        "tripId": "Unnasigned"
    },
    "1392": {
        "RecordedAtTime": 0,
        "Lat": -41.2798157,
        "Long": 174.7765961,
        "DelaySeconds": 16,
        "DestinationStopID": 5327,
        "OriginStopID": 5520,
        "Direction": "Outbound",
        "nearestStop": "null",
        "Bearing": 0,
        "routeId": "37",
        "tripId": "Unnasigned"
    },
    "2588": {
        "RecordedAtTime": 0,
        "Lat": -41.2933083,
        "Long": 174.7444,
        "DelaySeconds": -244,
        "DestinationStopID": 5327,
        "OriginStopID": 5520,
        "Direction": "Outbound",
        "nearestStop": "null",
        "Bearing": 0,
        "routeId": "37",
        "tripId": "Unnasigned"
    },
    "1135": {
        "RecordedAtTime": 0,
        "Lat": -41.3126526,
        "Long": 174.7880402,
        "DelaySeconds": -133,
        "DestinationStopID": 5016,
        "OriginStopID": 6345,
        "Direction": "Inbound",
        "nearestStop": "null",
        "Bearing": 0,
        "routeId": "3",
        "tripId": "Unnasigned"
    },
    "1139": {
        "RecordedAtTime": 0,
        "Lat": -41.2979889,
        "Long": 174.7758026,
        "DelaySeconds": -54,
        "DestinationStopID": 6224,
        "OriginStopID": 5510,
        "Direction": "Outbound",
        "nearestStop": "null",
        "Bearing": 0,
        "routeId": "3",
        "tripId": "Unnasigned"
    },
    "1282": {
        "RecordedAtTime": 0,
        "Lat": -41.2840233,
        "Long": 174.775528,
        "DelaySeconds": 532,
        "DestinationStopID": 5016,
        "OriginStopID": 6345,
        "Direction": "Inbound",
        "nearestStop": "null",
        "Bearing": 0,
        "routeId": "3",
        "tripId": "Unnasigned"
    },
    "1303": {
        "RecordedAtTime": 0,
        "Lat": -41.3135757,
        "Long": 174.7801514,
        "DelaySeconds": -26,
        "DestinationStopID": 7345,
        "OriginStopID": 6000,
        "Direction": "Outbound",
        "nearestStop": "null",
        "Bearing": 0,
        "routeId": "3",
        "tripId": "Unnasigned"
    },
    "1307": {
        "RecordedAtTime": 0,
        "Lat": -41.3111458,
        "Long": 174.779068,
        "DelaySeconds": 183,
        "DestinationStopID": 5016,
        "OriginStopID": 7338,
        "Direction": "Inbound",
        "nearestStop": "null",
        "Bearing": 0,
        "routeId": "3",
        "tripId": "Unnasigned"
    },
    "1362": {
        "RecordedAtTime": 0,
        "Lat": -41.2957382,
        "Long": 174.7770538,
        "DelaySeconds": 41,
        "DestinationStopID": 5016,
        "OriginStopID": 6345,
        "Direction": "Inbound",
        "nearestStop": "null",
        "Bearing": 0,
        "routeId": "3",
        "tripId": "Unnasigned"
    },
    "1427": {
        "RecordedAtTime": 0,
        "Lat": -41.3129807,
        "Long": 174.7839966,
        "DelaySeconds": 432,
        "DestinationStopID": 6338,
        "OriginStopID": 6000,
        "Direction": "Outbound",
        "nearestStop": "null",
        "Bearing": 0,
        "routeId": "3",
        "tripId": "Unnasigned"
    },
    "1578": {
        "RecordedAtTime": 0,
        "Lat": -41.2827682,
        "Long": 174.7757416,
        "DelaySeconds": 63,
        "DestinationStopID": 6338,
        "OriginStopID": 6000,
        "Direction": "Outbound",
        "nearestStop": "null",
        "Bearing": 0,
        "routeId": "3",
        "tripId": "Unnasigned"
    },
    "2068": {
        "RecordedAtTime": 0,
        "Lat": -41.291687,
        "Long": 174.7775269,
        "DelaySeconds": 362,
        "DestinationStopID": 5016,
        "OriginStopID": 7338,
        "Direction": "Inbound",
        "nearestStop": "null",
        "Bearing": 0,
        "routeId": "3",
        "tripId": "Unnasigned"
    },
    "2076": {
        "RecordedAtTime": 0,
        "Lat": -41.3212357,
        "Long": 174.7968292,
        "DelaySeconds": 0,
        "DestinationStopID": 7345,
        "OriginStopID": 6000,
        "Direction": "Outbound",
        "nearestStop": "null",
        "Bearing": 0,
        "routeId": "3",
        "tripId": "Unnasigned"
    },
    "2077": {
        "RecordedAtTime": 0,
        "Lat": -41.2978897,
        "Long": 174.7757874,
        "DelaySeconds": 185,
        "DestinationStopID": 6338,
        "OriginStopID": 6000,
        "Direction": "Outbound",
        "nearestStop": "null",
        "Bearing": 0,
        "routeId": "3",
        "tripId": "Unnasigned"
    },
    "2150": {
        "RecordedAtTime": 0,
        "Lat": -41.3377495,
        "Long": 174.7921295,
        "DelaySeconds": 0,
        "DestinationStopID": 5016,
        "OriginStopID": 7338,
        "Direction": "Inbound",
        "nearestStop": "null",
        "Bearing": 0,
        "routeId": "3",
        "tripId": "Unnasigned"
    },
    "2550": {
        "RecordedAtTime": 0,
        "Lat": -41.2907715,
        "Long": 174.7765961,
        "DelaySeconds": -59,
        "DestinationStopID": 7345,
        "OriginStopID": 6000,
        "Direction": "Outbound",
        "nearestStop": "null",
        "Bearing": 0,
        "routeId": "3",
        "tripId": "Unnasigned"
    },
    "1511": {
        "RecordedAtTime": 0,
        "Lat": -41.3038864,
        "Long": 174.7938232,
        "DelaySeconds": 241,
        "DestinationStopID": 7099,
        "OriginStopID": 5500,
        "Direction": "Outbound",
        "nearestStop": "null",
        "Bearing": 0,
        "routeId": "12e",
        "tripId": "Unnasigned"
    },
    "1299": {
        "RecordedAtTime": 0,
        "Lat": -41.2902527,
        "Long": 174.7232056,
        "DelaySeconds": 0,
        "DestinationStopID": 5369,
        "OriginStopID": 5520,
        "Direction": "Outbound",
        "nearestStop": "null",
        "Bearing": 0,
        "routeId": "33",
        "tripId": "Unnasigned"
    },
    "1637": {
        "RecordedAtTime": 0,
        "Lat": -41.2838783,
        "Long": 174.7616577,
        "DelaySeconds": 165,
        "DestinationStopID": 5369,
        "OriginStopID": 5520,
        "Direction": "Outbound",
        "nearestStop": "null",
        "Bearing": 0,
        "routeId": "33",
        "tripId": "Unnasigned"
    },
    "2070": {
        "RecordedAtTime": 0,
        "Lat": -41.2887383,
        "Long": 174.7572174,
        "DelaySeconds": 77,
        "DestinationStopID": 5936,
        "OriginStopID": 5520,
        "Direction": "Outbound",
        "nearestStop": "null",
        "Bearing": 0,
        "routeId": "13",
        "tripId": "Unnasigned"
    },
    "2090": {
        "RecordedAtTime": 0,
        "Lat": -41.2648392,
        "Long": 174.7812195,
        "DelaySeconds": 0,
        "DestinationStopID": 5936,
        "OriginStopID": 5520,
        "Direction": "Outbound",
        "nearestStop": "null",
        "Bearing": 0,
        "routeId": "13",
        "tripId": "Unnasigned"
    },
    "3871": {
        "RecordedAtTime": 0,
        "Lat": -41.333931,
        "Long": 174.773468,
        "DelaySeconds": 251,
        "DestinationStopID": 6158,
        "OriginStopID": 3451,
        "Direction": "Inbound",
        "nearestStop": "null",
        "Bearing": 0,
        "routeId": "1",
        "tripId": "Unnasigned"
    },
    "3875": {
        "RecordedAtTime": 0,
        "Lat": -41.2822418,
        "Long": 174.7760925,
        "DelaySeconds": 12,
        "DestinationStopID": 3279,
        "OriginStopID": 5000,
        "Direction": "Outbound",
        "nearestStop": "null",
        "Bearing": 0,
        "routeId": "1",
        "tripId": "Unnasigned"
    },
    "3876": {
        "RecordedAtTime": 0,
        "Lat": -41.2242775,
        "Long": 174.8038788,
        "DelaySeconds": -61,
        "DestinationStopID": 6158,
        "OriginStopID": 3451,
        "Direction": "Inbound",
        "nearestStop": "null",
        "Bearing": 0,
        "routeId": "1",
        "tripId": "Unnasigned"
    },
    "3902": {
        "RecordedAtTime": 0,
        "Lat": -41.2923813,
        "Long": 174.7789764,
        "DelaySeconds": 83,
        "DestinationStopID": 6158,
        "OriginStopID": 3451,
        "Direction": "Inbound",
        "nearestStop": "null",
        "Bearing": 0,
        "routeId": "1",
        "tripId": "Unnasigned"
    },
    "3904": {
        "RecordedAtTime": 0,
        "Lat": -41.2886925,
        "Long": 174.7748718,
        "DelaySeconds": 622,
        "DestinationStopID": 3451,
        "OriginStopID": 7158,
        "Direction": "Outbound",
        "nearestStop": "null",
        "Bearing": 0,
        "routeId": "1",
        "tripId": "Unnasigned"
    },
    "3909": {
        "RecordedAtTime": 0,
        "Lat": -41.2938843,
        "Long": 174.7825012,
        "DelaySeconds": 0,
        "DestinationStopID": 3451,
        "OriginStopID": 5000,
        "Direction": "Outbound",
        "nearestStop": "null",
        "Bearing": 0,
        "routeId": "1",
        "tripId": "Unnasigned"
    },
    "3910": {
        "RecordedAtTime": 0,
        "Lat": -41.2927971,
        "Long": 174.779541,
        "DelaySeconds": 329,
        "DestinationStopID": 3040,
        "OriginStopID": 7158,
        "Direction": "Outbound",
        "nearestStop": "null",
        "Bearing": 0,
        "routeId": "1",
        "tripId": "Unnasigned"
    },
    "3916": {
        "RecordedAtTime": 0,
        "Lat": -41.316288,
        "Long": 174.7779999,
        "DelaySeconds": 167,
        "DestinationStopID": 3451,
        "OriginStopID": 7158,
        "Direction": "Outbound",
        "nearestStop": "null",
        "Bearing": 0,
        "routeId": "1",
        "tripId": "Unnasigned"
    },
    "3924": {
        "RecordedAtTime": 0,
        "Lat": -41.3214226,
        "Long": 174.7752228,
        "DelaySeconds": -23,
        "DestinationStopID": 6158,
        "OriginStopID": 3050,
        "Direction": "Inbound",
        "nearestStop": "null",
        "Bearing": 0,
        "routeId": "1",
        "tripId": "Unnasigned"
    },
    "3928": {
        "RecordedAtTime": 0,
        "Lat": -41.2475891,
        "Long": 174.8126984,
        "DelaySeconds": -22,
        "DestinationStopID": 3279,
        "OriginStopID": 7158,
        "Direction": "Outbound",
        "nearestStop": "null",
        "Bearing": 0,
        "routeId": "1",
        "tripId": "Unnasigned"
    },
    "3936": {
        "RecordedAtTime": 0,
        "Lat": -41.1926689,
        "Long": 174.8082581,
        "DelaySeconds": 0,
        "DestinationStopID": 3279,
        "OriginStopID": 7158,
        "Direction": "Outbound",
        "nearestStop": "null",
        "Bearing": 0,
        "routeId": "1",
        "tripId": "Unnasigned"
    },
    "3947": {
        "RecordedAtTime": 0,
        "Lat": -41.2254601,
        "Long": 174.8070831,
        "DelaySeconds": 179,
        "DestinationStopID": 3040,
        "OriginStopID": 7158,
        "Direction": "Outbound",
        "nearestStop": "null",
        "Bearing": 0,
        "routeId": "1",
        "tripId": "Unnasigned"
    },
    "3950": {
        "RecordedAtTime": 0,
        "Lat": -41.3302574,
        "Long": 174.7738037,
        "DelaySeconds": 10,
        "DestinationStopID": 3279,
        "OriginStopID": 7158,
        "Direction": "Outbound",
        "nearestStop": "null",
        "Bearing": 0,
        "routeId": "1",
        "tripId": "Unnasigned"
    },
    "3954": {
        "RecordedAtTime": 0,
        "Lat": -41.2557259,
        "Long": 174.7964783,
        "DelaySeconds": -4,
        "DestinationStopID": 6158,
        "OriginStopID": 3297,
        "Direction": "Inbound",
        "nearestStop": "null",
        "Bearing": 0,
        "routeId": "1",
        "tripId": "Unnasigned"
    },
    "3956": {
        "RecordedAtTime": 0,
        "Lat": -41.2189445,
        "Long": 174.8226776,
        "DelaySeconds": 294,
        "DestinationStopID": 3451,
        "OriginStopID": 7158,
        "Direction": "Outbound",
        "nearestStop": "null",
        "Bearing": 0,
        "routeId": "1",
        "tripId": "Unnasigned"
    },
    "3957": {
        "RecordedAtTime": 0,
        "Lat": -41.2794838,
        "Long": 174.7772217,
        "DelaySeconds": 133,
        "DestinationStopID": 6158,
        "OriginStopID": 3050,
        "Direction": "Inbound",
        "nearestStop": "null",
        "Bearing": 0,
        "routeId": "1",
        "tripId": "Unnasigned"
    },
    "3960": {
        "RecordedAtTime": 0,
        "Lat": -41.2208138,
        "Long": 174.7962952,
        "DelaySeconds": -74,
        "DestinationStopID": 6158,
        "OriginStopID": 3050,
        "Direction": "Inbound",
        "nearestStop": "null",
        "Bearing": 0,
        "routeId": "1",
        "tripId": "Unnasigned"
    },
    "3961": {
        "RecordedAtTime": 0,
        "Lat": -41.3013802,
        "Long": 174.7809143,
        "DelaySeconds": 127,
        "DestinationStopID": 6158,
        "OriginStopID": 3297,
        "Direction": "Inbound",
        "nearestStop": "null",
        "Bearing": 0,
        "routeId": "1",
        "tripId": "Unnasigned"
    },
    "1105": {
        "RecordedAtTime": 0,
        "Lat": -41.2848244,
        "Long": 174.7754669,
        "DelaySeconds": 378,
        "DestinationStopID": 7042,
        "OriginStopID": 4332,
        "Direction": "Inbound",
        "nearestStop": "null",
        "Bearing": 0,
        "routeId": "2",
        "tripId": "Unnasigned"
    },
    "1187": {
        "RecordedAtTime": 0,
        "Lat": -41.3242989,
        "Long": 174.8259125,
        "DelaySeconds": 190,
        "DestinationStopID": 7042,
        "OriginStopID": 4332,
        "Direction": "Inbound",
        "nearestStop": "null",
        "Bearing": 0,
        "routeId": "2",
        "tripId": "Unnasigned"
    },
    "1285": {
        "RecordedAtTime": 0,
        "Lat": -41.2991638,
        "Long": 174.7886047,
        "DelaySeconds": 242,
        "DestinationStopID": 7042,
        "OriginStopID": 4332,
        "Direction": "Inbound",
        "nearestStop": "null",
        "Bearing": 0,
        "routeId": "2",
        "tripId": "Unnasigned"
    },
    "1293": {
        "RecordedAtTime": 0,
        "Lat": -41.3147469,
        "Long": 174.8119659,
        "DelaySeconds": 583,
        "DestinationStopID": 5332,
        "OriginStopID": 7042,
        "Direction": "Outbound",
        "nearestStop": "null",
        "Bearing": 0,
        "routeId": "2",
        "tripId": "Unnasigned"
    },
    "1420": {
        "RecordedAtTime": 0,
        "Lat": -41.2903328,
        "Long": 174.7756195,
        "DelaySeconds": 70,
        "DestinationStopID": 5332,
        "OriginStopID": 5000,
        "Direction": "Outbound",
        "nearestStop": "null",
        "Bearing": 0,
        "routeId": "2",
        "tripId": "Unnasigned"
    },
    "1463": {
        "RecordedAtTime": 0,
        "Lat": -41.2788925,
        "Long": 174.7768097,
        "DelaySeconds": -78,
        "DestinationStopID": 7042,
        "OriginStopID": 4332,
        "Direction": "Inbound",
        "nearestStop": "null",
        "Bearing": 0,
        "routeId": "2",
        "tripId": "Unnasigned"
    },
    "1467": {
        "RecordedAtTime": 0,
        "Lat": -41.3159103,
        "Long": 174.815506,
        "DelaySeconds": 13,
        "DestinationStopID": 7042,
        "OriginStopID": 4332,
        "Direction": "Inbound",
        "nearestStop": "null",
        "Bearing": 0,
        "routeId": "2",
        "tripId": "Unnasigned"
    },
    "1497": {
        "RecordedAtTime": 0,
        "Lat": -41.2852707,
        "Long": 174.7354736,
        "DelaySeconds": 359,
        "DestinationStopID": 7042,
        "OriginStopID": 4332,
        "Direction": "Inbound",
        "nearestStop": "null",
        "Bearing": 0,
        "routeId": "2",
        "tripId": "Unnasigned"
    },
    "1541": {
        "RecordedAtTime": 0,
        "Lat": -41.2960052,
        "Long": 174.7838898,
        "DelaySeconds": 154,
        "DestinationStopID": 5332,
        "OriginStopID": 7042,
        "Direction": "Outbound",
        "nearestStop": "null",
        "Bearing": 0,
        "routeId": "2",
        "tripId": "Unnasigned"
    },
    "1632": {
        "RecordedAtTime": 0,
        "Lat": -41.2863693,
        "Long": 174.7582092,
        "DelaySeconds": 244,
        "DestinationStopID": 5332,
        "OriginStopID": 7042,
        "Direction": "Outbound",
        "nearestStop": "null",
        "Bearing": 0,
        "routeId": "2",
        "tripId": "Unnasigned"
    },
    "1634": {
        "RecordedAtTime": 0,
        "Lat": -41.287487,
        "Long": 174.7757416,
        "DelaySeconds": 327,
        "DestinationStopID": 5332,
        "OriginStopID": 7042,
        "Direction": "Outbound",
        "nearestStop": "null",
        "Bearing": 0,
        "routeId": "2",
        "tripId": "Unnasigned"
    },
    "2064": {
        "RecordedAtTime": 0,
        "Lat": -41.3150177,
        "Long": 174.8129272,
        "DelaySeconds": 2,
        "DestinationStopID": 5332,
        "OriginStopID": 7042,
        "Direction": "Outbound",
        "nearestStop": "null",
        "Bearing": 0,
        "routeId": "2",
        "tripId": "Unnasigned"
    },
    "2072": {
        "RecordedAtTime": 0,
        "Lat": -41.3253975,
        "Long": 174.834671,
        "DelaySeconds": 0,
        "DestinationStopID": 5332,
        "OriginStopID": 7042,
        "Direction": "Outbound",
        "nearestStop": "null",
        "Bearing": 0,
        "routeId": "2",
        "tripId": "Unnasigned"
    },
    "2081": {
        "RecordedAtTime": 0,
        "Lat": -41.2961884,
        "Long": 174.78479,
        "DelaySeconds": 1955,
        "DestinationStopID": 5332,
        "OriginStopID": 7042,
        "Direction": "Outbound",
        "nearestStop": "null",
        "Bearing": 0,
        "routeId": "2",
        "tripId": "Unnasigned"
    },
    "3736": {
        "RecordedAtTime": 0,
        "Lat": -41.3417816,
        "Long": 174.7805176,
        "DelaySeconds": -70,
        "DestinationStopID": 7720,
        "OriginStopID": 7746,
        "Direction": "Inbound",
        "nearestStop": "null",
        "Bearing": 0,
        "routeId": "29",
        "tripId": "Unnasigned"
    },
    "3738": {
        "RecordedAtTime": 0,
        "Lat": -41.3051643,
        "Long": 174.7654572,
        "DelaySeconds": 0,
        "DestinationStopID": 7720,
        "OriginStopID": 7746,
        "Direction": "Inbound",
        "nearestStop": "null",
        "Bearing": 0,
        "routeId": "29",
        "tripId": "Unnasigned"
    },
    "3740": {
        "RecordedAtTime": 0,
        "Lat": -41.3261185,
        "Long": 174.7805481,
        "DelaySeconds": -16,
        "DestinationStopID": 7746,
        "OriginStopID": 7720,
        "Direction": "Outbound",
        "nearestStop": "null",
        "Bearing": 0,
        "routeId": "29",
        "tripId": "Unnasigned"
    },
    "1138": {
        "RecordedAtTime": 0,
        "Lat": -41.2253532,
        "Long": 174.8029785,
        "DelaySeconds": 81,
        "DestinationStopID": 5016,
        "OriginStopID": 3081,
        "Direction": "Inbound",
        "nearestStop": "null",
        "Bearing": 0,
        "routeId": "22",
        "tripId": "Unnasigned"
    },
    "1241": {
        "RecordedAtTime": 0,
        "Lat": -41.2782936,
        "Long": 174.7795563,
        "DelaySeconds": 0,
        "DestinationStopID": 3250,
        "OriginStopID": 6001,
        "Direction": "Outbound",
        "nearestStop": "null",
        "Bearing": 0,
        "routeId": "22",
        "tripId": "Unnasigned"
    },
    "2063": {
        "RecordedAtTime": 0,
        "Lat": -41.2607841,
        "Long": 174.7896881,
        "DelaySeconds": 0,
        "DestinationStopID": 5936,
        "OriginStopID": 6001,
        "Direction": "Outbound",
        "nearestStop": "null",
        "Bearing": 0,
        "routeId": "22",
        "tripId": "Unnasigned"
    },
    "2066": {
        "RecordedAtTime": 0,
        "Lat": -41.2679939,
        "Long": 174.7647705,
        "DelaySeconds": -238,
        "DestinationStopID": 5936,
        "OriginStopID": 6001,
        "Direction": "Outbound",
        "nearestStop": "null",
        "Bearing": 0,
        "routeId": "22",
        "tripId": "Unnasigned"
    },
    "2093": {
        "RecordedAtTime": 0,
        "Lat": -41.2877235,
        "Long": 174.761322,
        "DelaySeconds": -185,
        "DestinationStopID": 5016,
        "OriginStopID": 4936,
        "Direction": "Inbound",
        "nearestStop": "null",
        "Bearing": 0,
        "routeId": "22",
        "tripId": "Unnasigned"
    },
    "1118": {
        "RecordedAtTime": 0,
        "Lat": -41.3203354,
        "Long": 174.8201904,
        "DelaySeconds": 173,
        "DestinationStopID": 7224,
        "OriginStopID": 7099,
        "Direction": "Inbound",
        "nearestStop": "null",
        "Bearing": 0,
        "routeId": "12",
        "tripId": "Unnasigned"
    },
    "2098": {
        "RecordedAtTime": 0,
        "Lat": -41.329792,
        "Long": 174.8215027,
        "DelaySeconds": 4,
        "DestinationStopID": 7099,
        "OriginStopID": 6224,
        "Direction": "Outbound",
        "nearestStop": "null",
        "Bearing": 0,
        "routeId": "12",
        "tripId": "Unnasigned"
    },
    "1313": {
        "RecordedAtTime": 0,
        "Lat": -41.3141022,
        "Long": 174.8178253,
        "DelaySeconds": 465,
        "DestinationStopID": 6246,
        "OriginStopID": 6001,
        "Direction": "Outbound",
        "nearestStop": "null",
        "Bearing": 0,
        "routeId": "31x",
        "tripId": "Unnasigned"
    },
    "1524": {
        "RecordedAtTime": 0,
        "Lat": -41.3057327,
        "Long": 174.8260803,
        "DelaySeconds": 0,
        "DestinationStopID": 5016,
        "OriginStopID": 7241,
        "Direction": "Inbound",
        "nearestStop": "null",
        "Bearing": 0,
        "routeId": "31x",
        "tripId": "Unnasigned"
    },
    "2079": {
        "RecordedAtTime": 0,
        "Lat": -41.293396,
        "Long": 174.7810974,
        "DelaySeconds": 94,
        "DestinationStopID": 6246,
        "OriginStopID": 6001,
        "Direction": "Outbound",
        "nearestStop": "null",
        "Bearing": 0,
        "routeId": "31x",
        "tripId": "Unnasigned"
    },
    "2212": {
        "RecordedAtTime": 0,
        "Lat": -41.2938004,
        "Long": 174.7827454,
        "DelaySeconds": 37,
        "DestinationStopID": 6246,
        "OriginStopID": 6001,
        "Direction": "Outbound",
        "nearestStop": "null",
        "Bearing": 0,
        "routeId": "31x",
        "tripId": "Unnasigned"
    },
    "3758": {
        "RecordedAtTime": 0,
        "Lat": -41.265564,
        "Long": 174.7833557,
        "DelaySeconds": 253,
        "DestinationStopID": 5520,
        "OriginStopID": 4419,
        "Direction": "Inbound",
        "nearestStop": "null",
        "Bearing": 0,
        "routeId": "26",
        "tripId": "Unnasigned"
    },
    "3907": {
        "RecordedAtTime": 0,
        "Lat": -41.2516518,
        "Long": 174.7852478,
        "DelaySeconds": 254,
        "DestinationStopID": 4419,
        "OriginStopID": 5520,
        "Direction": "Outbound",
        "nearestStop": "null",
        "Bearing": 0,
        "routeId": "26",
        "tripId": "Unnasigned"
    },
    "3931": {
        "RecordedAtTime": 0,
        "Lat": -41.2793694,
        "Long": 174.7774506,
        "DelaySeconds": 243,
        "DestinationStopID": 4419,
        "OriginStopID": 5520,
        "Direction": "Outbound",
        "nearestStop": "null",
        "Bearing": 0,
        "routeId": "26",
        "tripId": "Unnasigned"
    },
    "1763": {
        "RecordedAtTime": 0,
        "Lat": -41.2937431,
        "Long": 174.7820129,
        "DelaySeconds": 0,
        "DestinationStopID": 3081,
        "OriginStopID": 5000,
        "Direction": "Outbound",
        "nearestStop": "null",
        "Bearing": 0,
        "routeId": "56",
        "tripId": "Unnasigned"
    },
    "1764": {
        "RecordedAtTime": 0,
        "Lat": -41.2215118,
        "Long": 174.8230743,
        "DelaySeconds": 373,
        "DestinationStopID": 3081,
        "OriginStopID": 5000,
        "Direction": "Outbound",
        "nearestStop": "null",
        "Bearing": 0,
        "routeId": "56",
        "tripId": "Unnasigned"
    },
    "2247": {
        "RecordedAtTime": 0,
        "Lat": -41.2784691,
        "Long": 174.7787323,
        "DelaySeconds": 259,
        "DestinationStopID": 3081,
        "OriginStopID": 5000,
        "Direction": "Outbound",
        "nearestStop": "null",
        "Bearing": 0,
        "routeId": "56",
        "tripId": "Unnasigned"
    },
    "1134": {
        "RecordedAtTime": 0,
        "Lat": -41.2908287,
        "Long": 174.7766113,
        "DelaySeconds": 26,
        "DestinationStopID": 6052,
        "OriginStopID": 6001,
        "Direction": "Outbound",
        "nearestStop": "null",
        "Bearing": 0,
        "routeId": "30x",
        "tripId": "Unnasigned"
    },
    "1409": {
        "RecordedAtTime": 0,
        "Lat": -41.2992516,
        "Long": 174.7886047,
        "DelaySeconds": 55,
        "DestinationStopID": 7072,
        "OriginStopID": 6001,
        "Direction": "Outbound",
        "nearestStop": "null",
        "Bearing": 0,
        "routeId": "30x",
        "tripId": "Unnasigned"
    },
    "2091": {
        "RecordedAtTime": 0,
        "Lat": -41.3232155,
        "Long": 174.833786,
        "DelaySeconds": -27,
        "DestinationStopID": 6052,
        "OriginStopID": 6001,
        "Direction": "Outbound",
        "nearestStop": "null",
        "Bearing": 0,
        "routeId": "30x",
        "tripId": "Unnasigned"
    },
    "2528": {
        "RecordedAtTime": 0,
        "Lat": -41.2784424,
        "Long": 174.779068,
        "DelaySeconds": 0,
        "DestinationStopID": 7072,
        "OriginStopID": 6001,
        "Direction": "Outbound",
        "nearestStop": "null",
        "Bearing": 0,
        "routeId": "30x",
        "tripId": "Unnasigned"
    },
    "3748": {
        "RecordedAtTime": 0,
        "Lat": -41.2855759,
        "Long": 174.7765961,
        "DelaySeconds": -17,
        "DestinationStopID": 7083,
        "OriginStopID": 5500,
        "Direction": "Inbound",
        "nearestStop": "null",
        "Bearing": 0,
        "routeId": "24",
        "tripId": "Unnasigned"
    },
    "3773": {
        "RecordedAtTime": 0,
        "Lat": -41.2903214,
        "Long": 174.7968597,
        "DelaySeconds": 304,
        "DestinationStopID": 7083,
        "OriginStopID": 3081,
        "Direction": "Inbound",
        "nearestStop": "null",
        "Bearing": 0,
        "routeId": "24",
        "tripId": "Unnasigned"
    },
    "3778": {
        "RecordedAtTime": 0,
        "Lat": -41.2910843,
        "Long": 174.7766571,
        "DelaySeconds": 43,
        "DestinationStopID": 3250,
        "OriginStopID": 5000,
        "Direction": "Outbound",
        "nearestStop": "null",
        "Bearing": 0,
        "routeId": "24",
        "tripId": "Unnasigned"
    },
    "3791": {
        "RecordedAtTime": 0,
        "Lat": -41.2556953,
        "Long": 174.7966614,
        "DelaySeconds": 81,
        "DestinationStopID": 7083,
        "OriginStopID": 3081,
        "Direction": "Inbound",
        "nearestStop": "null",
        "Bearing": 0,
        "routeId": "24",
        "tripId": "Unnasigned"
    },
    "3810": {
        "RecordedAtTime": 0,
        "Lat": -41.3173294,
        "Long": 174.8045197,
        "DelaySeconds": 208,
        "DestinationStopID": 3250,
        "OriginStopID": 6081,
        "Direction": "Outbound",
        "nearestStop": "null",
        "Bearing": 0,
        "routeId": "24",
        "tripId": "Unnasigned"
    },
    "3848": {
        "RecordedAtTime": 0,
        "Lat": -41.2904472,
        "Long": 174.7757568,
        "DelaySeconds": 710,
        "DestinationStopID": 3250,
        "OriginStopID": 6081,
        "Direction": "Outbound",
        "nearestStop": "null",
        "Bearing": 0,
        "routeId": "24",
        "tripId": "Unnasigned"
    },
    "3890": {
        "RecordedAtTime": 0,
        "Lat": -41.234539,
        "Long": 174.797348,
        "DelaySeconds": 568,
        "DestinationStopID": 3250,
        "OriginStopID": 6081,
        "Direction": "Outbound",
        "nearestStop": "null",
        "Bearing": 0,
        "routeId": "24",
        "tripId": "Unnasigned"
    },
    "3911": {
        "RecordedAtTime": 0,
        "Lat": -41.3131332,
        "Long": 174.8228455,
        "DelaySeconds": -346,
        "DestinationStopID": 7083,
        "OriginStopID": 3081,
        "Direction": "Inbound",
        "nearestStop": "null",
        "Bearing": 0,
        "routeId": "24",
        "tripId": "Unnasigned"
    },
    "3923": {
        "RecordedAtTime": 0,
        "Lat": -41.2485046,
        "Long": 174.7931366,
        "DelaySeconds": 64,
        "DestinationStopID": 3250,
        "OriginStopID": 5000,
        "Direction": "Outbound",
        "nearestStop": "null",
        "Bearing": 0,
        "routeId": "24",
        "tripId": "Unnasigned"
    },
    "3886": {
        "RecordedAtTime": 0,
        "Lat": -41.3246498,
        "Long": 174.7750854,
        "DelaySeconds": 447,
        "DestinationStopID": 6163,
        "OriginStopID": 6001,
        "Direction": "Outbound",
        "nearestStop": "null",
        "Bearing": 0,
        "routeId": "32x",
        "tripId": "Unnasigned"
    },
    "3895": {
        "RecordedAtTime": 0,
        "Lat": -41.2938957,
        "Long": 174.7831116,
        "DelaySeconds": 320,
        "DestinationStopID": 6163,
        "OriginStopID": 6001,
        "Direction": "Outbound",
        "nearestStop": "null",
        "Bearing": 0,
        "routeId": "32x",
        "tripId": "Unnasigned"
    },
    "3929": {
        "RecordedAtTime": 0,
        "Lat": -41.3433151,
        "Long": 174.7725525,
        "DelaySeconds": 938,
        "DestinationStopID": 6163,
        "OriginStopID": 6001,
        "Direction": "Outbound",
        "nearestStop": "null",
        "Bearing": 0,
        "routeId": "32x",
        "tripId": "Unnasigned"
    },
    "3964": {
        "RecordedAtTime": 0,
        "Lat": -41.2867851,
        "Long": 174.776001,
        "DelaySeconds": 76,
        "DestinationStopID": 6163,
        "OriginStopID": 6001,
        "Direction": "Outbound",
        "nearestStop": "null",
        "Bearing": 0,
        "routeId": "32x",
        "tripId": "Unnasigned"
    },
    "1129": {
        "RecordedAtTime": 0,
        "Lat": -41.2935448,
        "Long": 174.7842255,
        "DelaySeconds": 0,
        "DestinationStopID": 5516,
        "OriginStopID": 4396,
        "Direction": "Inbound",
        "nearestStop": "null",
        "Bearing": 0,
        "routeId": "21",
        "tripId": "Unnasigned"
    },
    "1140": {
        "RecordedAtTime": 0,
        "Lat": -41.2826691,
        "Long": 174.7446594,
        "DelaySeconds": 0,
        "DestinationStopID": 5327,
        "OriginStopID": 5000,
        "Direction": "Outbound",
        "nearestStop": "null",
        "Bearing": 0,
        "routeId": "21",
        "tripId": "Unnasigned"
    },
    "1506": {
        "RecordedAtTime": 0,
        "Lat": -41.2873497,
        "Long": 174.7474976,
        "DelaySeconds": 43,
        "DestinationStopID": 5516,
        "OriginStopID": 4396,
        "Direction": "Inbound",
        "nearestStop": "null",
        "Bearing": 0,
        "routeId": "21",
        "tripId": "Unnasigned"
    },
    "2620": {
        "RecordedAtTime": 0,
        "Lat": -41.2928619,
        "Long": 174.7786102,
        "DelaySeconds": 489,
        "DestinationStopID": 5327,
        "OriginStopID": 5000,
        "Direction": "Outbound",
        "nearestStop": "null",
        "Bearing": 0,
        "routeId": "21",
        "tripId": "Unnasigned"
    },
    "3873": {
        "RecordedAtTime": 0,
        "Lat": -41.2812195,
        "Long": 174.7761536,
        "DelaySeconds": 39,
        "DestinationStopID": 7774,
        "OriginStopID": 6000,
        "Direction": "Outbound",
        "nearestStop": "null",
        "Bearing": 0,
        "routeId": "17e",
        "tripId": "Unnasigned"
    },
    "3912": {
        "RecordedAtTime": 0,
        "Lat": -41.3067703,
        "Long": 174.7597809,
        "DelaySeconds": 418,
        "DestinationStopID": 7774,
        "OriginStopID": 6000,
        "Direction": "Outbound",
        "nearestStop": "null",
        "Bearing": 0,
        "routeId": "17e",
        "tripId": "Unnasigned"
    },
    "2168": {
        "RecordedAtTime": 0,
        "Lat": -41.2168236,
        "Long": 174.8322296,
        "DelaySeconds": 85,
        "DestinationStopID": 5516,
        "OriginStopID": 3000,
        "Direction": "Inbound",
        "nearestStop": "null",
        "Bearing": 0,
        "routeId": "52",
        "tripId": "Unnasigned"
    },
    "2224": {
        "RecordedAtTime": 0,
        "Lat": -41.2808609,
        "Long": 174.7758484,
        "DelaySeconds": 79,
        "DestinationStopID": 5516,
        "OriginStopID": 3000,
        "Direction": "Inbound",
        "nearestStop": "null",
        "Bearing": 0,
        "routeId": "52",
        "tripId": "Unnasigned"
    },
    "3735": {
        "RecordedAtTime": 0,
        "Lat": -41.30513,
        "Long": 174.7653046,
        "DelaySeconds": 0,
        "DestinationStopID": 7720,
        "OriginStopID": 7774,
        "Direction": "Inbound",
        "nearestStop": "null",
        "Bearing": 0,
        "routeId": "17",
        "tripId": "Unnasigned"
    },
    "2084": {
        "RecordedAtTime": 0,
        "Lat": -41.2830353,
        "Long": 174.7758636,
        "DelaySeconds": 0,
        "DestinationStopID": 4352,
        "OriginStopID": 5520,
        "Direction": "Outbound",
        "nearestStop": "null",
        "Bearing": 0,
        "routeId": "34",
        "tripId": "Unnasigned"
    },
    "2641": {
        "RecordedAtTime": 0,
        "Lat": -41.2864838,
        "Long": 174.7313843,
        "DelaySeconds": 149,
        "DestinationStopID": 4352,
        "OriginStopID": 5520,
        "Direction": "Outbound",
        "nearestStop": "null",
        "Bearing": 0,
        "routeId": "34",
        "tripId": "Unnasigned"
    }
}