{
    "3869": {
        "RecordedAtTime": 0,
        "Lat": -41.2780609,
        "Long": 174.7798004,
        "DelaySeconds": 0,
        "DestinationStopID": 5016,
        "OriginStopID": 7937,
        "Direction": "Inbound",
        "nearestStop": "null",
        "Bearing": 0,
        "routeId": "23e",
        "tripId": "Unnasigned"
    },
    "3970": {
        "RecordedAtTime": 0,
        "Lat": -41.3188286,
        "Long": 174.8043365,
        "DelaySeconds": 0,
        "DestinationStopID": 5016,
        "OriginStopID": 7937,
        "Direction": "Inbound",
        "nearestStop": "null",
        "Bearing": 0,
        "routeId": "23e",
        "tripId": "Unnasigned"
    },
    "2633": {
        "RecordedAtTime": 0,
        "Lat": -41.3157463,
        "Long": 174.7919006,
        "DelaySeconds": -176,
        "DestinationStopID": 6224,
        "OriginStopID": 5516,
        "Direction": "Outbound",
        "nearestStop": "null",
        "Bearing": 0,
        "routeId": "20",
        "tripId": "Unnasigned"
    },
    "2620": {
        "RecordedAtTime": 0,
        "Lat": -41.3159294,
        "Long": 174.815506,
        "DelaySeconds": 0,
        "DestinationStopID": 6241,
        "OriginStopID": 6081,
        "Direction": "Outbound",
        "nearestStop": "null",
        "Bearing": 0,
        "routeId": "18",
        "tripId": "Unnasigned"
    },
    "3739": {
        "RecordedAtTime": 0,
        "Lat": -41.3134308,
        "Long": 174.7796783,
        "DelaySeconds": 163,
        "DestinationStopID": 6730,
        "OriginStopID": 7937,
        "Direction": "Inbound",
        "nearestStop": "null",
        "Bearing": 0,
        "routeId": "23",
        "tripId": "Unnasigned"
    },
    "3748": {
        "RecordedAtTime": 0,
        "Lat": -41.3180695,
        "Long": 174.7811737,
        "DelaySeconds": 154,
        "DestinationStopID": 6937,
        "OriginStopID": 6730,
        "Direction": "Outbound",
        "nearestStop": "null",
        "Bearing": 0,
        "routeId": "23",
        "tripId": "Unnasigned"
    },
    "3851": {
        "RecordedAtTime": 0,
        "Lat": -41.32341,
        "Long": 174.7635803,
        "DelaySeconds": 0,
        "DestinationStopID": 5016,
        "OriginStopID": 6733,
        "Direction": "Inbound",
        "nearestStop": "null",
        "Bearing": 0,
        "routeId": "7",
        "tripId": "Unnasigned"
    },
    "3921": {
        "RecordedAtTime": 0,
        "Lat": -41.2780762,
        "Long": 174.7796478,
        "DelaySeconds": 0,
        "DestinationStopID": 6733,
        "OriginStopID": 6000,
        "Direction": "Outbound",
        "nearestStop": "null",
        "Bearing": 0,
        "routeId": "7",
        "tripId": "Unnasigned"
    },
    "3935": {
        "RecordedAtTime": 0,
        "Lat": -41.2953606,
        "Long": 174.772171,
        "DelaySeconds": 285,
        "DestinationStopID": 6733,
        "OriginStopID": 6000,
        "Direction": "Outbound",
        "nearestStop": "null",
        "Bearing": 0,
        "routeId": "7",
        "tripId": "Unnasigned"
    },
    "3965": {
        "RecordedAtTime": 0,
        "Lat": -41.2909737,
        "Long": 174.7736359,
        "DelaySeconds": -278,
        "DestinationStopID": 5016,
        "OriginStopID": 6733,
        "Direction": "Inbound",
        "nearestStop": "null",
        "Bearing": 0,
        "routeId": "7",
        "tripId": "Unnasigned"
    },
    "3966": {
        "RecordedAtTime": 0,
        "Lat": -41.3142662,
        "Long": 174.7799377,
        "DelaySeconds": 0,
        "DestinationStopID": 6733,
        "OriginStopID": 6000,
        "Direction": "Outbound",
        "nearestStop": "null",
        "Bearing": 0,
        "routeId": "7",
        "tripId": "Unnasigned"
    },
    "3838": {
        "RecordedAtTime": 0,
        "Lat": -41.2763367,
        "Long": 174.7814789,
        "DelaySeconds": 178,
        "DestinationStopID": 4947,
        "OriginStopID": 4419,
        "Direction": "Inbound",
        "nearestStop": "null",
        "Bearing": 0,
        "routeId": "25",
        "tripId": "Unnasigned"
    },
    "3839": {
        "RecordedAtTime": 0,
        "Lat": -41.2940216,
        "Long": 174.7531891,
        "DelaySeconds": 0,
        "DestinationStopID": 4947,
        "OriginStopID": 4419,
        "Direction": "Inbound",
        "nearestStop": "null",
        "Bearing": 0,
        "routeId": "25",
        "tripId": "Unnasigned"
    },
    "3845": {
        "RecordedAtTime": 0,
        "Lat": -41.2860832,
        "Long": 174.7761993,
        "DelaySeconds": 202,
        "DestinationStopID": 4419,
        "OriginStopID": 4947,
        "Direction": "Outbound",
        "nearestStop": "null",
        "Bearing": 0,
        "routeId": "25",
        "tripId": "Unnasigned"
    },
    "3931": {
        "RecordedAtTime": 0,
        "Lat": -41.2472725,
        "Long": 174.7911072,
        "DelaySeconds": 0,
        "DestinationStopID": 4947,
        "OriginStopID": 4419,
        "Direction": "Inbound",
        "nearestStop": "null",
        "Bearing": 0,
        "routeId": "25",
        "tripId": "Unnasigned"
    },
    "1282": {
        "RecordedAtTime": 0,
        "Lat": -41.293644,
        "Long": 174.7816315,
        "DelaySeconds": 257,
        "DestinationStopID": 4136,
        "OriginStopID": 7557,
        "Direction": "Outbound",
        "nearestStop": "null",
        "Bearing": 0,
        "routeId": "14",
        "tripId": "Unnasigned"
    },
    "1640": {
        "RecordedAtTime": 0,
        "Lat": -41.2739639,
        "Long": 174.7788544,
        "DelaySeconds": 284,
        "DestinationStopID": 7557,
        "OriginStopID": 4136,
        "Direction": "Inbound",
        "nearestStop": "null",
        "Bearing": 0,
        "routeId": "14",
        "tripId": "Unnasigned"
    },
    "2262": {
        "RecordedAtTime": 0,
        "Lat": -41.3024979,
        "Long": 174.7982635,
        "DelaySeconds": 313,
        "DestinationStopID": 7557,
        "OriginStopID": 4136,
        "Direction": "Inbound",
        "nearestStop": "null",
        "Bearing": 0,
        "routeId": "14",
        "tripId": "Unnasigned"
    },
    "2288": {
        "RecordedAtTime": 0,
        "Lat": -41.2615967,
        "Long": 174.767868,
        "DelaySeconds": 614,
        "DestinationStopID": 4136,
        "OriginStopID": 7557,
        "Direction": "Outbound",
        "nearestStop": "null",
        "Bearing": 0,
        "routeId": "14",
        "tripId": "Unnasigned"
    },
    "2080": {
        "RecordedAtTime": 0,
        "Lat": -41.3203354,
        "Long": 174.7966003,
        "DelaySeconds": 0,
        "DestinationStopID": 6241,
        "OriginStopID": 4332,
        "Direction": "Outbound",
        "nearestStop": "null",
        "Bearing": 0,
        "routeId": "18e",
        "tripId": "Unnasigned"
    },
    "2087": {
        "RecordedAtTime": 0,
        "Lat": -41.2836685,
        "Long": 174.7411652,
        "DelaySeconds": 4,
        "DestinationStopID": 6241,
        "OriginStopID": 4332,
        "Direction": "Outbound",
        "nearestStop": "null",
        "Bearing": 0,
        "routeId": "18e",
        "tripId": "Unnasigned"
    },
    "3312": {
        "RecordedAtTime": 0,
        "Lat": -41.3189812,
        "Long": 174.8004608,
        "DelaySeconds": -19,
        "DestinationStopID": 5332,
        "OriginStopID": 7241,
        "Direction": "Inbound",
        "nearestStop": "null",
        "Bearing": 0,
        "routeId": "18e",
        "tripId": "Unnasigned"
    },
    "1132": {
        "RecordedAtTime": 0,
        "Lat": -41.2825851,
        "Long": 174.7757416,
        "DelaySeconds": 247,
        "DestinationStopID": 5016,
        "OriginStopID": 7338,
        "Direction": "Inbound",
        "nearestStop": "null",
        "Bearing": 0,
        "routeId": "3",
        "tripId": "Unnasigned"
    },
    "1140": {
        "RecordedAtTime": 0,
        "Lat": -41.2854881,
        "Long": 174.7778778,
        "DelaySeconds": 0,
        "DestinationStopID": 5016,
        "OriginStopID": 7026,
        "Direction": "Inbound",
        "nearestStop": "null",
        "Bearing": 0,
        "routeId": "3",
        "tripId": "Unnasigned"
    },
    "1270": {
        "RecordedAtTime": 0,
        "Lat": -41.3177223,
        "Long": 174.7943268,
        "DelaySeconds": 74,
        "DestinationStopID": 7345,
        "OriginStopID": 6000,
        "Direction": "Outbound",
        "nearestStop": "null",
        "Bearing": 0,
        "routeId": "3",
        "tripId": "Unnasigned"
    },
    "1352": {
        "RecordedAtTime": 0,
        "Lat": -41.3376312,
        "Long": 174.7921906,
        "DelaySeconds": 0,
        "DestinationStopID": 6338,
        "OriginStopID": 6000,
        "Direction": "Outbound",
        "nearestStop": "null",
        "Bearing": 0,
        "routeId": "3",
        "tripId": "Unnasigned"
    },
    "1506": {
        "RecordedAtTime": 0,
        "Lat": -41.307251,
        "Long": 174.7762451,
        "DelaySeconds": 115,
        "DestinationStopID": 5016,
        "OriginStopID": 7338,
        "Direction": "Inbound",
        "nearestStop": "null",
        "Bearing": 0,
        "routeId": "3",
        "tripId": "Unnasigned"
    },
    "1634": {
        "RecordedAtTime": 0,
        "Lat": -41.3172722,
        "Long": 174.7951813,
        "DelaySeconds": 1193,
        "DestinationStopID": 7345,
        "OriginStopID": 6000,
        "Direction": "Outbound",
        "nearestStop": "null",
        "Bearing": 0,
        "routeId": "3",
        "tripId": "Unnasigned"
    },
    "1641": {
        "RecordedAtTime": 0,
        "Lat": -41.3071823,
        "Long": 174.7760925,
        "DelaySeconds": 7,
        "DestinationStopID": 6338,
        "OriginStopID": 6000,
        "Direction": "Outbound",
        "nearestStop": "null",
        "Bearing": 0,
        "routeId": "3",
        "tripId": "Unnasigned"
    },
    "2061": {
        "RecordedAtTime": 0,
        "Lat": -41.3047485,
        "Long": 174.7751465,
        "DelaySeconds": 3,
        "DestinationStopID": 5016,
        "OriginStopID": 7026,
        "Direction": "Inbound",
        "nearestStop": "null",
        "Bearing": 0,
        "routeId": "3",
        "tripId": "Unnasigned"
    },
    "2072": {
        "RecordedAtTime": 0,
        "Lat": -41.2926941,
        "Long": 174.7788696,
        "DelaySeconds": 3,
        "DestinationStopID": 7345,
        "OriginStopID": 6000,
        "Direction": "Outbound",
        "nearestStop": "null",
        "Bearing": 0,
        "routeId": "3",
        "tripId": "Unnasigned"
    },
    "2075": {
        "RecordedAtTime": 0,
        "Lat": -41.2803345,
        "Long": 174.7805023,
        "DelaySeconds": 0,
        "DestinationStopID": 5016,
        "OriginStopID": 6345,
        "Direction": "Inbound",
        "nearestStop": "null",
        "Bearing": 0,
        "routeId": "3",
        "tripId": "Unnasigned"
    },
    "2081": {
        "RecordedAtTime": 0,
        "Lat": -41.294117,
        "Long": 174.7778778,
        "DelaySeconds": 157,
        "DestinationStopID": 5016,
        "OriginStopID": 6345,
        "Direction": "Inbound",
        "nearestStop": "null",
        "Bearing": 0,
        "routeId": "3",
        "tripId": "Unnasigned"
    },
    "2212": {
        "RecordedAtTime": 0,
        "Lat": -41.2783966,
        "Long": 174.7792664,
        "DelaySeconds": 0,
        "DestinationStopID": 6338,
        "OriginStopID": 6000,
        "Direction": "Outbound",
        "nearestStop": "null",
        "Bearing": 0,
        "routeId": "3",
        "tripId": "Unnasigned"
    },
    "3903": {
        "RecordedAtTime": 0,
        "Lat": -41.2005882,
        "Long": 174.8301697,
        "DelaySeconds": 0,
        "DestinationStopID": 3451,
        "OriginStopID": 7158,
        "Direction": "Outbound",
        "nearestStop": "null",
        "Bearing": 0,
        "routeId": "1",
        "tripId": "Unnasigned"
    },
    "3911": {
        "RecordedAtTime": 0,
        "Lat": -41.3344231,
        "Long": 174.7733765,
        "DelaySeconds": 64,
        "DestinationStopID": 3040,
        "OriginStopID": 7158,
        "Direction": "Outbound",
        "nearestStop": "null",
        "Bearing": 0,
        "routeId": "1",
        "tripId": "Unnasigned"
    },
    "3912": {
        "RecordedAtTime": 0,
        "Lat": -41.2938499,
        "Long": 174.7825165,
        "DelaySeconds": -49,
        "DestinationStopID": 3279,
        "OriginStopID": 7158,
        "Direction": "Outbound",
        "nearestStop": "null",
        "Bearing": 0,
        "routeId": "1",
        "tripId": "Unnasigned"
    },
    "3938": {
        "RecordedAtTime": 0,
        "Lat": -41.2937851,
        "Long": 174.7822876,
        "DelaySeconds": 548,
        "DestinationStopID": 3040,
        "OriginStopID": 7158,
        "Direction": "Outbound",
        "nearestStop": "null",
        "Bearing": 0,
        "routeId": "1",
        "tripId": "Unnasigned"
    },
    "3939": {
        "RecordedAtTime": 0,
        "Lat": -41.2802391,
        "Long": 174.7760925,
        "DelaySeconds": 367,
        "DestinationStopID": 3451,
        "OriginStopID": 7158,
        "Direction": "Outbound",
        "nearestStop": "null",
        "Bearing": 0,
        "routeId": "1",
        "tripId": "Unnasigned"
    },
    "3940": {
        "RecordedAtTime": 0,
        "Lat": -41.3110123,
        "Long": 174.7790222,
        "DelaySeconds": 68,
        "DestinationStopID": 3451,
        "OriginStopID": 7158,
        "Direction": "Outbound",
        "nearestStop": "null",
        "Bearing": 0,
        "routeId": "1",
        "tripId": "Unnasigned"
    },
    "3942": {
        "RecordedAtTime": 0,
        "Lat": -41.2206154,
        "Long": 174.8075714,
        "DelaySeconds": 1625,
        "DestinationStopID": 3279,
        "OriginStopID": 7158,
        "Direction": "Outbound",
        "nearestStop": "null",
        "Bearing": 0,
        "routeId": "1",
        "tripId": "Unnasigned"
    },
    "3943": {
        "RecordedAtTime": 0,
        "Lat": -41.2835693,
        "Long": 174.7753601,
        "DelaySeconds": 38,
        "DestinationStopID": 6158,
        "OriginStopID": 3297,
        "Direction": "Inbound",
        "nearestStop": "null",
        "Bearing": 0,
        "routeId": "1",
        "tripId": "Unnasigned"
    },
    "3945": {
        "RecordedAtTime": 0,
        "Lat": -41.2243462,
        "Long": 174.8041534,
        "DelaySeconds": 525,
        "DestinationStopID": 6158,
        "OriginStopID": 3451,
        "Direction": "Inbound",
        "nearestStop": "null",
        "Bearing": 0,
        "routeId": "1",
        "tripId": "Unnasigned"
    },
    "3950": {
        "RecordedAtTime": 0,
        "Lat": -41.2062607,
        "Long": 174.8036346,
        "DelaySeconds": -52,
        "DestinationStopID": 6158,
        "OriginStopID": 3297,
        "Direction": "Inbound",
        "nearestStop": "null",
        "Bearing": 0,
        "routeId": "1",
        "tripId": "Unnasigned"
    },
    "3951": {
        "RecordedAtTime": 0,
        "Lat": -41.2236671,
        "Long": 174.8047791,
        "DelaySeconds": -58,
        "DestinationStopID": 3279,
        "OriginStopID": 7158,
        "Direction": "Outbound",
        "nearestStop": "null",
        "Bearing": 0,
        "routeId": "1",
        "tripId": "Unnasigned"
    },
    "3953": {
        "RecordedAtTime": 0,
        "Lat": -41.3199043,
        "Long": 174.7769165,
        "DelaySeconds": 347,
        "DestinationStopID": 6158,
        "OriginStopID": 3297,
        "Direction": "Inbound",
        "nearestStop": "null",
        "Bearing": 0,
        "routeId": "1",
        "tripId": "Unnasigned"
    },
    "3957": {
        "RecordedAtTime": 0,
        "Lat": -41.2992134,
        "Long": 174.7810974,
        "DelaySeconds": 489,
        "DestinationStopID": 6158,
        "OriginStopID": 3451,
        "Direction": "Inbound",
        "nearestStop": "null",
        "Bearing": 0,
        "routeId": "1",
        "tripId": "Unnasigned"
    },
    "3959": {
        "RecordedAtTime": 0,
        "Lat": -41.2931175,
        "Long": 174.7800293,
        "DelaySeconds": 177,
        "DestinationStopID": 6158,
        "OriginStopID": 3050,
        "Direction": "Inbound",
        "nearestStop": "null",
        "Bearing": 0,
        "routeId": "1",
        "tripId": "Unnasigned"
    },
    "3961": {
        "RecordedAtTime": 0,
        "Lat": -41.2228584,
        "Long": 174.8051758,
        "DelaySeconds": 2,
        "DestinationStopID": 6158,
        "OriginStopID": 3050,
        "Direction": "Inbound",
        "nearestStop": "null",
        "Bearing": 0,
        "routeId": "1",
        "tripId": "Unnasigned"
    },
    "3967": {
        "RecordedAtTime": 0,
        "Lat": -41.3170586,
        "Long": 174.7780151,
        "DelaySeconds": 1022,
        "DestinationStopID": 6158,
        "OriginStopID": 3050,
        "Direction": "Inbound",
        "nearestStop": "null",
        "Bearing": 0,
        "routeId": "1",
        "tripId": "Unnasigned"
    },
    "1101": {
        "RecordedAtTime": 0,
        "Lat": -41.2983398,
        "Long": 174.7858734,
        "DelaySeconds": -293,
        "DestinationStopID": 5332,
        "OriginStopID": 7042,
        "Direction": "Outbound",
        "nearestStop": "null",
        "Bearing": 0,
        "routeId": "2",
        "tripId": "Unnasigned"
    },
    "1129": {
        "RecordedAtTime": 0,
        "Lat": -41.31707,
        "Long": 174.806488,
        "DelaySeconds": -79,
        "DestinationStopID": 5332,
        "OriginStopID": 7042,
        "Direction": "Outbound",
        "nearestStop": "null",
        "Bearing": 0,
        "routeId": "2",
        "tripId": "Unnasigned"
    },
    "1293": {
        "RecordedAtTime": 0,
        "Lat": -41.2809639,
        "Long": 174.7510681,
        "DelaySeconds": 617,
        "DestinationStopID": 5332,
        "OriginStopID": 7042,
        "Direction": "Outbound",
        "nearestStop": "null",
        "Bearing": 0,
        "routeId": "2",
        "tripId": "Unnasigned"
    },
    "1313": {
        "RecordedAtTime": 0,
        "Lat": -41.2796974,
        "Long": 174.7765961,
        "DelaySeconds": -9,
        "DestinationStopID": 5332,
        "OriginStopID": 7042,
        "Direction": "Outbound",
        "nearestStop": "null",
        "Bearing": 0,
        "routeId": "2",
        "tripId": "Unnasigned"
    },
    "1409": {
        "RecordedAtTime": 0,
        "Lat": -41.3248367,
        "Long": 174.8119659,
        "DelaySeconds": -126,
        "DestinationStopID": 7042,
        "OriginStopID": 4332,
        "Direction": "Inbound",
        "nearestStop": "null",
        "Bearing": 0,
        "routeId": "2",
        "tripId": "Unnasigned"
    },
    "1463": {
        "RecordedAtTime": 0,
        "Lat": -41.2857399,
        "Long": 174.7342529,
        "DelaySeconds": -229,
        "DestinationStopID": 5332,
        "OriginStopID": 7042,
        "Direction": "Outbound",
        "nearestStop": "null",
        "Bearing": 0,
        "routeId": "2",
        "tripId": "Unnasigned"
    },
    "1526": {
        "RecordedAtTime": 0,
        "Lat": -41.2874565,
        "Long": 174.7756653,
        "DelaySeconds": -88,
        "DestinationStopID": 7042,
        "OriginStopID": 4332,
        "Direction": "Inbound",
        "nearestStop": "null",
        "Bearing": 0,
        "routeId": "2",
        "tripId": "Unnasigned"
    },
    "1541": {
        "RecordedAtTime": 0,
        "Lat": -41.2990417,
        "Long": 174.788208,
        "DelaySeconds": 364,
        "DestinationStopID": 5332,
        "OriginStopID": 7042,
        "Direction": "Outbound",
        "nearestStop": "null",
        "Bearing": 0,
        "routeId": "2",
        "tripId": "Unnasigned"
    },
    "1578": {
        "RecordedAtTime": 0,
        "Lat": -41.2939377,
        "Long": 174.7832489,
        "DelaySeconds": 544,
        "DestinationStopID": 7042,
        "OriginStopID": 4332,
        "Direction": "Inbound",
        "nearestStop": "null",
        "Bearing": 0,
        "routeId": "2",
        "tripId": "Unnasigned"
    },
    "1637": {
        "RecordedAtTime": 0,
        "Lat": -41.2946587,
        "Long": 174.7837067,
        "DelaySeconds": 85,
        "DestinationStopID": 7042,
        "OriginStopID": 4332,
        "Direction": "Inbound",
        "nearestStop": "null",
        "Bearing": 0,
        "routeId": "2",
        "tripId": "Unnasigned"
    },
    "2076": {
        "RecordedAtTime": 0,
        "Lat": -41.282856,
        "Long": 174.744278,
        "DelaySeconds": 1054,
        "DestinationStopID": 5332,
        "OriginStopID": 7042,
        "Direction": "Outbound",
        "nearestStop": "null",
        "Bearing": 0,
        "routeId": "2",
        "tripId": "Unnasigned"
    },
    "2078": {
        "RecordedAtTime": 0,
        "Lat": -41.32547,
        "Long": 174.8346252,
        "DelaySeconds": 0,
        "DestinationStopID": 7042,
        "OriginStopID": 4332,
        "Direction": "Inbound",
        "nearestStop": "null",
        "Bearing": 0,
        "routeId": "2",
        "tripId": "Unnasigned"
    },
    "3735": {
        "RecordedAtTime": 0,
        "Lat": -41.3072205,
        "Long": 174.7774658,
        "DelaySeconds": 9,
        "DestinationStopID": 7746,
        "OriginStopID": 7720,
        "Direction": "Outbound",
        "nearestStop": "null",
        "Bearing": 0,
        "routeId": "29",
        "tripId": "Unnasigned"
    },
    "3743": {
        "RecordedAtTime": 0,
        "Lat": -41.342598,
        "Long": 174.7695313,
        "DelaySeconds": -82,
        "DestinationStopID": 7720,
        "OriginStopID": 7746,
        "Direction": "Inbound",
        "nearestStop": "null",
        "Bearing": 0,
        "routeId": "29",
        "tripId": "Unnasigned"
    },
    "3749": {
        "RecordedAtTime": 0,
        "Lat": -41.3335762,
        "Long": 174.7574463,
        "DelaySeconds": -112,
        "DestinationStopID": 7746,
        "OriginStopID": 7720,
        "Direction": "Outbound",
        "nearestStop": "null",
        "Bearing": 0,
        "routeId": "29",
        "tripId": "Unnasigned"
    },
    "1105": {
        "RecordedAtTime": 0,
        "Lat": -41.2872467,
        "Long": 174.7665558,
        "DelaySeconds": 0,
        "DestinationStopID": 5915,
        "OriginStopID": 6001,
        "Direction": "Outbound",
        "nearestStop": "null",
        "Bearing": 0,
        "routeId": "22",
        "tripId": "Unnasigned"
    },
    "1134": {
        "RecordedAtTime": 0,
        "Lat": -41.2883034,
        "Long": 174.7672272,
        "DelaySeconds": 0,
        "DestinationStopID": 5915,
        "OriginStopID": 6001,
        "Direction": "Outbound",
        "nearestStop": "null",
        "Bearing": 0,
        "routeId": "22",
        "tripId": "Unnasigned"
    },
    "1376": {
        "RecordedAtTime": 0,
        "Lat": -41.2879028,
        "Long": 174.761322,
        "DelaySeconds": 115,
        "DestinationStopID": 5016,
        "OriginStopID": 3081,
        "Direction": "Inbound",
        "nearestStop": "null",
        "Bearing": 0,
        "routeId": "22",
        "tripId": "Unnasigned"
    },
    "1655": {
        "RecordedAtTime": 0,
        "Lat": -41.2678108,
        "Long": 174.7650146,
        "DelaySeconds": 308,
        "DestinationStopID": 5936,
        "OriginStopID": 6001,
        "Direction": "Outbound",
        "nearestStop": "null",
        "Bearing": 0,
        "routeId": "22",
        "tripId": "Unnasigned"
    },
    "2066": {
        "RecordedAtTime": 0,
        "Lat": -41.2607841,
        "Long": 174.7897949,
        "DelaySeconds": 0,
        "DestinationStopID": 5016,
        "OriginStopID": 4936,
        "Direction": "Inbound",
        "nearestStop": "null",
        "Bearing": 0,
        "routeId": "22",
        "tripId": "Unnasigned"
    },
    "2093": {
        "RecordedAtTime": 0,
        "Lat": -41.2801552,
        "Long": 174.7753754,
        "DelaySeconds": 64,
        "DestinationStopID": 5915,
        "OriginStopID": 6001,
        "Direction": "Outbound",
        "nearestStop": "null",
        "Bearing": 0,
        "routeId": "22",
        "tripId": "Unnasigned"
    },
    "2257": {
        "RecordedAtTime": 0,
        "Lat": -41.2237053,
        "Long": 174.8048859,
        "DelaySeconds": 0,
        "DestinationStopID": 3250,
        "OriginStopID": 6001,
        "Direction": "Outbound",
        "nearestStop": "null",
        "Bearing": 0,
        "routeId": "22",
        "tripId": "Unnasigned"
    },
    "1118": {
        "RecordedAtTime": 0,
        "Lat": -41.3213234,
        "Long": 174.7962341,
        "DelaySeconds": 0,
        "DestinationStopID": 7224,
        "OriginStopID": 7099,
        "Direction": "Inbound",
        "nearestStop": "null",
        "Bearing": 0,
        "routeId": "12",
        "tripId": "Unnasigned"
    },
    "3050": {
        "RecordedAtTime": 0,
        "Lat": -41.3361855,
        "Long": 174.8139496,
        "DelaySeconds": 0,
        "DestinationStopID": 7099,
        "OriginStopID": 6224,
        "Direction": "Outbound",
        "nearestStop": "null",
        "Bearing": 0,
        "routeId": "12",
        "tripId": "Unnasigned"
    },
    "1673": {
        "RecordedAtTime": 0,
        "Lat": -41.2916641,
        "Long": 174.7775269,
        "DelaySeconds": 1199,
        "DestinationStopID": 5016,
        "OriginStopID": 7246,
        "Direction": "Inbound",
        "nearestStop": "null",
        "Bearing": 0,
        "routeId": "31x",
        "tripId": "Unnasigned"
    },
    "1357": {
        "RecordedAtTime": 0,
        "Lat": -41.3100967,
        "Long": 174.7924347,
        "DelaySeconds": 3,
        "DestinationStopID": 5016,
        "OriginStopID": 7052,
        "Direction": "Inbound",
        "nearestStop": "null",
        "Bearing": 0,
        "routeId": "30x",
        "tripId": "Unnasigned"
    },
    "2086": {
        "RecordedAtTime": 0,
        "Lat": -41.2789841,
        "Long": 174.7694244,
        "DelaySeconds": 0,
        "DestinationStopID": 5016,
        "OriginStopID": 7072,
        "Direction": "Inbound",
        "nearestStop": "null",
        "Bearing": 0,
        "routeId": "30x",
        "tripId": "Unnasigned"
    },
    "3832": {
        "RecordedAtTime": 0,
        "Lat": -41.2931404,
        "Long": 174.7800751,
        "DelaySeconds": 68,
        "DestinationStopID": 3250,
        "OriginStopID": 6081,
        "Direction": "Outbound",
        "nearestStop": "null",
        "Bearing": 0,
        "routeId": "24",
        "tripId": "Unnasigned"
    },
    "3837": {
        "RecordedAtTime": 0,
        "Lat": -41.2922287,
        "Long": 174.7849121,
        "DelaySeconds": 1202,
        "DestinationStopID": 7083,
        "OriginStopID": 3081,
        "Direction": "Inbound",
        "nearestStop": "null",
        "Bearing": 0,
        "routeId": "24",
        "tripId": "Unnasigned"
    },
    "3890": {
        "RecordedAtTime": 0,
        "Lat": -41.2225609,
        "Long": 174.8055725,
        "DelaySeconds": 0,
        "DestinationStopID": 7083,
        "OriginStopID": 3081,
        "Direction": "Inbound",
        "nearestStop": "null",
        "Bearing": 0,
        "routeId": "24",
        "tripId": "Unnasigned"
    },
    "3918": {
        "RecordedAtTime": 0,
        "Lat": -41.2925377,
        "Long": 174.7791748,
        "DelaySeconds": 2513,
        "DestinationStopID": 6224,
        "OriginStopID": 3081,
        "Direction": "Inbound",
        "nearestStop": "null",
        "Bearing": 0,
        "routeId": "24",
        "tripId": "Unnasigned"
    },
    "1139": {
        "RecordedAtTime": 0,
        "Lat": -41.3094139,
        "Long": 174.7913666,
        "DelaySeconds": 0,
        "DestinationStopID": 5516,
        "OriginStopID": 4396,
        "Direction": "Inbound",
        "nearestStop": "null",
        "Bearing": 0,
        "routeId": "21",
        "tripId": "Unnasigned"
    },
    "1283": {
        "RecordedAtTime": 0,
        "Lat": -41.2897949,
        "Long": 174.7716827,
        "DelaySeconds": 313,
        "DestinationStopID": 5327,
        "OriginStopID": 5000,
        "Direction": "Outbound",
        "nearestStop": "null",
        "Bearing": 0,
        "routeId": "21",
        "tripId": "Unnasigned"
    },
    "1390": {
        "RecordedAtTime": 0,
        "Lat": -41.3156509,
        "Long": 174.7936096,
        "DelaySeconds": 0,
        "DestinationStopID": 5516,
        "OriginStopID": 4915,
        "Direction": "Inbound",
        "nearestStop": "null",
        "Bearing": 0,
        "routeId": "21",
        "tripId": "Unnasigned"
    },
    "1472": {
        "RecordedAtTime": 0,
        "Lat": -41.2837563,
        "Long": 174.7412872,
        "DelaySeconds": 0,
        "DestinationStopID": 5915,
        "OriginStopID": 5000,
        "Direction": "Outbound",
        "nearestStop": "null",
        "Bearing": 0,
        "routeId": "21",
        "tripId": "Unnasigned"
    },
    "1511": {
        "RecordedAtTime": 0,
        "Lat": -41.2908516,
        "Long": 174.7422638,
        "DelaySeconds": -20,
        "DestinationStopID": 5516,
        "OriginStopID": 4396,
        "Direction": "Inbound",
        "nearestStop": "null",
        "Bearing": 0,
        "routeId": "21",
        "tripId": "Unnasigned"
    },
    "2073": {
        "RecordedAtTime": 0,
        "Lat": -41.2856102,
        "Long": 174.7670288,
        "DelaySeconds": 0,
        "DestinationStopID": 5915,
        "OriginStopID": 5000,
        "Direction": "Outbound",
        "nearestStop": "null",
        "Bearing": 0,
        "routeId": "21",
        "tripId": "Unnasigned"
    },
    "2551": {
        "RecordedAtTime": 0,
        "Lat": -41.2934647,
        "Long": 174.7781982,
        "DelaySeconds": 131,
        "DestinationStopID": 5516,
        "OriginStopID": 4396,
        "Direction": "Inbound",
        "nearestStop": "null",
        "Bearing": 0,
        "routeId": "21",
        "tripId": "Unnasigned"
    },
    "3314": {
        "RecordedAtTime": 0,
        "Lat": -41.2939262,
        "Long": 174.7828674,
        "DelaySeconds": 0,
        "DestinationStopID": 5915,
        "OriginStopID": 5000,
        "Direction": "Outbound",
        "nearestStop": "null",
        "Bearing": 0,
        "routeId": "21",
        "tripId": "Unnasigned"
    },
    "1249": {
        "RecordedAtTime": 0,
        "Lat": -41.2780609,
        "Long": 174.7796631,
        "DelaySeconds": 467,
        "DestinationStopID": 3081,
        "OriginStopID": 5000,
        "Direction": "Outbound",
        "nearestStop": "null",
        "Bearing": 0,
        "routeId": "52",
        "tripId": "Unnasigned"
    },
    "1763": {
        "RecordedAtTime": 0,
        "Lat": -41.2290611,
        "Long": 174.8237305,
        "DelaySeconds": 119,
        "DestinationStopID": 5516,
        "OriginStopID": 3000,
        "Direction": "Inbound",
        "nearestStop": "null",
        "Bearing": 0,
        "routeId": "52",
        "tripId": "Unnasigned"
    },
    "1764": {
        "RecordedAtTime": 0,
        "Lat": -41.2565002,
        "Long": 174.796936,
        "DelaySeconds": 0,
        "DestinationStopID": 5516,
        "OriginStopID": 3000,
        "Direction": "Inbound",
        "nearestStop": "null",
        "Bearing": 0,
        "routeId": "52",
        "tripId": "Unnasigned"
    },
    "1765": {
        "RecordedAtTime": 0,
        "Lat": -41.2880592,
        "Long": 174.7754974,
        "DelaySeconds": 282,
        "DestinationStopID": 5516,
        "OriginStopID": 3000,
        "Direction": "Inbound",
        "nearestStop": "null",
        "Bearing": 0,
        "routeId": "52",
        "tripId": "Unnasigned"
    },
    "2224": {
        "RecordedAtTime": 0,
        "Lat": -41.2218323,
        "Long": 174.806778,
        "DelaySeconds": 226,
        "DestinationStopID": 3081,
        "OriginStopID": 5000,
        "Direction": "Outbound",
        "nearestStop": "null",
        "Bearing": 0,
        "routeId": "52",
        "tripId": "Unnasigned"
    },
    "3740": {
        "RecordedAtTime": 0,
        "Lat": -41.3051605,
        "Long": 174.7654266,
        "DelaySeconds": 0,
        "DestinationStopID": 7774,
        "OriginStopID": 7720,
        "Direction": "Outbound",
        "nearestStop": "null",
        "Bearing": 0,
        "routeId": "17",
        "tripId": "Unnasigned"
    },
    "2090": {
        "RecordedAtTime": 0,
        "Lat": -41.2929459,
        "Long": 174.7800293,
        "DelaySeconds": 0,
        "DestinationStopID": 5520,
        "OriginStopID": 4352,
        "Direction": "Inbound",
        "nearestStop": "null",
        "Bearing": 0,
        "routeId": "34",
        "tripId": "Unnasigned"
    }
}