{
    "3961": {
        "RecordedAtTime": 0,
        "Lat": -41.2985382,
        "Long": 174.7810822,
        "DelaySeconds": 1,
        "DestinationStopID": 5016,
        "OriginStopID": 7937,
        "Direction": "Inbound",
        "nearestStop": "null",
        "Bearing": 0,
        "routeId": "23e",
        "tripId": "Unnasigned"
    },
    "1118": {
        "RecordedAtTime": 0,
        "Lat": -41.2939377,
        "Long": 174.7828827,
        "DelaySeconds": 0,
        "DestinationStopID": 5000,
        "OriginStopID": 7026,
        "Direction": "Inbound",
        "nearestStop": "null",
        "Bearing": 0,
        "routeId": "20",
        "tripId": "Unnasigned"
    },
    "1515": {
        "RecordedAtTime": 0,
        "Lat": -41.2937584,
        "Long": 174.7918243,
        "DelaySeconds": 17,
        "DestinationStopID": 6224,
        "OriginStopID": 5516,
        "Direction": "Outbound",
        "nearestStop": "null",
        "Bearing": 0,
        "routeId": "20",
        "tripId": "Unnasigned"
    },
    "3050": {
        "RecordedAtTime": 0,
        "Lat": -41.3108788,
        "Long": 174.788269,
        "DelaySeconds": 9,
        "DestinationStopID": 5000,
        "OriginStopID": 7026,
        "Direction": "Inbound",
        "nearestStop": "null",
        "Bearing": 0,
        "routeId": "20",
        "tripId": "Unnasigned"
    },
    "1112": {
        "RecordedAtTime": 0,
        "Lat": -41.3076324,
        "Long": 174.7929077,
        "DelaySeconds": 65,
        "DestinationStopID": 5016,
        "OriginStopID": 7224,
        "Direction": "Inbound",
        "nearestStop": "null",
        "Bearing": 0,
        "routeId": "36",
        "tripId": "Unnasigned"
    },
    "1282": {
        "RecordedAtTime": 0,
        "Lat": -41.2906075,
        "Long": 174.7758942,
        "DelaySeconds": 104,
        "DestinationStopID": 5016,
        "OriginStopID": 7338,
        "Direction": "Inbound",
        "nearestStop": "null",
        "Bearing": 0,
        "routeId": "36",
        "tripId": "Unnasigned"
    },
    "1525": {
        "RecordedAtTime": 0,
        "Lat": -41.3295212,
        "Long": 174.7944489,
        "DelaySeconds": 46,
        "DestinationStopID": 5016,
        "OriginStopID": 7338,
        "Direction": "Inbound",
        "nearestStop": "null",
        "Bearing": 0,
        "routeId": "36",
        "tripId": "Unnasigned"
    },
    "3817": {
        "RecordedAtTime": 0,
        "Lat": -41.224472,
        "Long": 174.8052368,
        "DelaySeconds": 160,
        "DestinationStopID": 5520,
        "OriginStopID": 3000,
        "Direction": "Outbound",
        "nearestStop": "null",
        "Bearing": 0,
        "routeId": "19e",
        "tripId": "Unnasigned"
    },
    "3823": {
        "RecordedAtTime": 0,
        "Lat": -41.2831459,
        "Long": 174.7759094,
        "DelaySeconds": 0,
        "DestinationStopID": 5520,
        "OriginStopID": 3000,
        "Direction": "Outbound",
        "nearestStop": "null",
        "Bearing": 0,
        "routeId": "19e",
        "tripId": "Unnasigned"
    },
    "3916": {
        "RecordedAtTime": 0,
        "Lat": -41.2018204,
        "Long": 174.7994385,
        "DelaySeconds": 63,
        "DestinationStopID": 5520,
        "OriginStopID": 3000,
        "Direction": "Outbound",
        "nearestStop": "null",
        "Bearing": 0,
        "routeId": "19e",
        "tripId": "Unnasigned"
    },
    "1763": {
        "RecordedAtTime": 0,
        "Lat": -41.2468185,
        "Long": 174.8134155,
        "DelaySeconds": 195,
        "DestinationStopID": 5516,
        "OriginStopID": 3760,
        "Direction": "Inbound",
        "nearestStop": "null",
        "Bearing": 0,
        "routeId": "58",
        "tripId": "Unnasigned"
    },
    "2196": {
        "RecordedAtTime": 0,
        "Lat": -41.2291603,
        "Long": 174.8239594,
        "DelaySeconds": -31,
        "DestinationStopID": 5516,
        "OriginStopID": 3760,
        "Direction": "Inbound",
        "nearestStop": "null",
        "Bearing": 0,
        "routeId": "58",
        "tripId": "Unnasigned"
    },
    "2544": {
        "RecordedAtTime": 0,
        "Lat": -41.2899628,
        "Long": 174.7787781,
        "DelaySeconds": 0,
        "DestinationStopID": 5516,
        "OriginStopID": 3760,
        "Direction": "Inbound",
        "nearestStop": "null",
        "Bearing": 0,
        "routeId": "58",
        "tripId": "Unnasigned"
    },
    "1217": {
        "RecordedAtTime": 0,
        "Lat": -41.2753792,
        "Long": 174.7797852,
        "DelaySeconds": -50,
        "DestinationStopID": 5516,
        "OriginStopID": 8858,
        "Direction": "Inbound",
        "nearestStop": "null",
        "Bearing": 0,
        "routeId": "85x",
        "tripId": "Unnasigned"
    },
    "1352": {
        "RecordedAtTime": 0,
        "Lat": -41.2441177,
        "Long": 174.9093475,
        "DelaySeconds": 291,
        "DestinationStopID": 5516,
        "OriginStopID": 8858,
        "Direction": "Inbound",
        "nearestStop": "null",
        "Bearing": 0,
        "routeId": "85x",
        "tripId": "Unnasigned"
    },
    "2262": {
        "RecordedAtTime": 0,
        "Lat": -41.269886,
        "Long": 174.7810974,
        "DelaySeconds": 73,
        "DestinationStopID": 5516,
        "OriginStopID": 8858,
        "Direction": "Inbound",
        "nearestStop": "null",
        "Bearing": 0,
        "routeId": "85x",
        "tripId": "Unnasigned"
    },
    "3739": {
        "RecordedAtTime": 0,
        "Lat": -41.3122902,
        "Long": 174.7793121,
        "DelaySeconds": 70,
        "DestinationStopID": 6730,
        "OriginStopID": 7937,
        "Direction": "Inbound",
        "nearestStop": "null",
        "Bearing": 0,
        "routeId": "23",
        "tripId": "Unnasigned"
    },
    "3743": {
        "RecordedAtTime": 0,
        "Lat": -41.3154602,
        "Long": 174.7703094,
        "DelaySeconds": 0,
        "DestinationStopID": 6746,
        "OriginStopID": 6730,
        "Direction": "Outbound",
        "nearestStop": "null",
        "Bearing": 0,
        "routeId": "23",
        "tripId": "Unnasigned"
    },
    "3748": {
        "RecordedAtTime": 0,
        "Lat": -41.316494,
        "Long": 174.767868,
        "DelaySeconds": -49,
        "DestinationStopID": 6937,
        "OriginStopID": 6730,
        "Direction": "Outbound",
        "nearestStop": "null",
        "Bearing": 0,
        "routeId": "23",
        "tripId": "Unnasigned"
    },
    "3851": {
        "RecordedAtTime": 0,
        "Lat": -41.3052292,
        "Long": 174.7639923,
        "DelaySeconds": -23,
        "DestinationStopID": 5016,
        "OriginStopID": 6733,
        "Direction": "Inbound",
        "nearestStop": "null",
        "Bearing": 0,
        "routeId": "7",
        "tripId": "Unnasigned"
    },
    "3935": {
        "RecordedAtTime": 0,
        "Lat": -41.3233261,
        "Long": 174.7635345,
        "DelaySeconds": 0,
        "DestinationStopID": 5016,
        "OriginStopID": 6733,
        "Direction": "Inbound",
        "nearestStop": "null",
        "Bearing": 0,
        "routeId": "7",
        "tripId": "Unnasigned"
    },
    "3936": {
        "RecordedAtTime": 0,
        "Lat": -41.2789993,
        "Long": 174.778183,
        "DelaySeconds": 208,
        "DestinationStopID": 6733,
        "OriginStopID": 6000,
        "Direction": "Outbound",
        "nearestStop": "null",
        "Bearing": 0,
        "routeId": "7",
        "tripId": "Unnasigned"
    },
    "3946": {
        "RecordedAtTime": 0,
        "Lat": -41.3235664,
        "Long": 174.7636108,
        "DelaySeconds": 0,
        "DestinationStopID": 5016,
        "OriginStopID": 6733,
        "Direction": "Inbound",
        "nearestStop": "null",
        "Bearing": 0,
        "routeId": "7",
        "tripId": "Unnasigned"
    },
    "3965": {
        "RecordedAtTime": 0,
        "Lat": -41.278141,
        "Long": 174.7795868,
        "DelaySeconds": 0,
        "DestinationStopID": 6733,
        "OriginStopID": 6000,
        "Direction": "Outbound",
        "nearestStop": "null",
        "Bearing": 0,
        "routeId": "7",
        "tripId": "Unnasigned"
    },
    "3970": {
        "RecordedAtTime": 0,
        "Lat": -41.3015137,
        "Long": 174.769577,
        "DelaySeconds": 153,
        "DestinationStopID": 6733,
        "OriginStopID": 6000,
        "Direction": "Outbound",
        "nearestStop": "null",
        "Bearing": 0,
        "routeId": "7",
        "tripId": "Unnasigned"
    },
    "3972": {
        "RecordedAtTime": 0,
        "Lat": -41.2947731,
        "Long": 174.7715149,
        "DelaySeconds": -4,
        "DestinationStopID": 5016,
        "OriginStopID": 6733,
        "Direction": "Inbound",
        "nearestStop": "null",
        "Bearing": 0,
        "routeId": "7",
        "tripId": "Unnasigned"
    },
    "3819": {
        "RecordedAtTime": 0,
        "Lat": -41.2562981,
        "Long": 174.7724152,
        "DelaySeconds": 249,
        "DestinationStopID": 4947,
        "OriginStopID": 4419,
        "Direction": "Inbound",
        "nearestStop": "null",
        "Bearing": 0,
        "routeId": "25",
        "tripId": "Unnasigned"
    },
    "3838": {
        "RecordedAtTime": 0,
        "Lat": -41.2473755,
        "Long": 174.7910156,
        "DelaySeconds": 0,
        "DestinationStopID": 4947,
        "OriginStopID": 4419,
        "Direction": "Inbound",
        "nearestStop": "null",
        "Bearing": 0,
        "routeId": "25",
        "tripId": "Unnasigned"
    },
    "3839": {
        "RecordedAtTime": 0,
        "Lat": -41.2893028,
        "Long": 174.7748871,
        "DelaySeconds": 20,
        "DestinationStopID": 4947,
        "OriginStopID": 4419,
        "Direction": "Inbound",
        "nearestStop": "null",
        "Bearing": 0,
        "routeId": "25",
        "tripId": "Unnasigned"
    },
    "3845": {
        "RecordedAtTime": 0,
        "Lat": -41.2940636,
        "Long": 174.7531738,
        "DelaySeconds": 0,
        "DestinationStopID": 4947,
        "OriginStopID": 4419,
        "Direction": "Inbound",
        "nearestStop": "null",
        "Bearing": 0,
        "routeId": "25",
        "tripId": "Unnasigned"
    },
    "3873": {
        "RecordedAtTime": 0,
        "Lat": -41.2897301,
        "Long": 174.7743835,
        "DelaySeconds": 649,
        "DestinationStopID": 4419,
        "OriginStopID": 4947,
        "Direction": "Outbound",
        "nearestStop": "null",
        "Bearing": 0,
        "routeId": "25",
        "tripId": "Unnasigned"
    },
    "3902": {
        "RecordedAtTime": 0,
        "Lat": -41.2879829,
        "Long": 174.7546692,
        "DelaySeconds": 169,
        "DestinationStopID": 4419,
        "OriginStopID": 4947,
        "Direction": "Outbound",
        "nearestStop": "null",
        "Bearing": 0,
        "routeId": "25",
        "tripId": "Unnasigned"
    },
    "1764": {
        "RecordedAtTime": 0,
        "Lat": -41.2242546,
        "Long": 174.8213196,
        "DelaySeconds": 11,
        "DestinationStopID": 5516,
        "OriginStopID": 3710,
        "Direction": "Inbound",
        "nearestStop": "null",
        "Bearing": 0,
        "routeId": "57",
        "tripId": "Unnasigned"
    },
    "1765": {
        "RecordedAtTime": 0,
        "Lat": -41.2761269,
        "Long": 174.7818298,
        "DelaySeconds": 12,
        "DestinationStopID": 5516,
        "OriginStopID": 3710,
        "Direction": "Inbound",
        "nearestStop": "null",
        "Bearing": 0,
        "routeId": "57",
        "tripId": "Unnasigned"
    },
    "2168": {
        "RecordedAtTime": 0,
        "Lat": -41.2238503,
        "Long": 174.8228149,
        "DelaySeconds": -53,
        "DestinationStopID": 5516,
        "OriginStopID": 3710,
        "Direction": "Inbound",
        "nearestStop": "null",
        "Bearing": 0,
        "routeId": "57",
        "tripId": "Unnasigned"
    },
    "3872": {
        "RecordedAtTime": 0,
        "Lat": -41.3111496,
        "Long": 174.7789917,
        "DelaySeconds": 166,
        "DestinationStopID": 5016,
        "OriginStopID": 6960,
        "Direction": "Outbound",
        "nearestStop": "null",
        "Bearing": 0,
        "routeId": "29e",
        "tripId": "Unnasigned"
    },
    "3923": {
        "RecordedAtTime": 0,
        "Lat": -41.3382301,
        "Long": 174.776825,
        "DelaySeconds": -14,
        "DestinationStopID": 5016,
        "OriginStopID": 7746,
        "Direction": "Inbound",
        "nearestStop": "null",
        "Bearing": 0,
        "routeId": "29e",
        "tripId": "Unnasigned"
    },
    "3924": {
        "RecordedAtTime": 0,
        "Lat": -41.2911758,
        "Long": 174.7736359,
        "DelaySeconds": -267,
        "DestinationStopID": 5016,
        "OriginStopID": 7746,
        "Direction": "Inbound",
        "nearestStop": "null",
        "Bearing": 0,
        "routeId": "29e",
        "tripId": "Unnasigned"
    },
    "1241": {
        "RecordedAtTime": 0,
        "Lat": -41.261692,
        "Long": 174.7757874,
        "DelaySeconds": 178,
        "DestinationStopID": 7557,
        "OriginStopID": 4136,
        "Direction": "Inbound",
        "nearestStop": "null",
        "Bearing": 0,
        "routeId": "14",
        "tripId": "Unnasigned"
    },
    "1573": {
        "RecordedAtTime": 0,
        "Lat": -41.2929459,
        "Long": 174.7796783,
        "DelaySeconds": 183,
        "DestinationStopID": 4136,
        "OriginStopID": 7557,
        "Direction": "Outbound",
        "nearestStop": "null",
        "Bearing": 0,
        "routeId": "14",
        "tripId": "Unnasigned"
    },
    "2059": {
        "RecordedAtTime": 0,
        "Lat": -41.2879028,
        "Long": 174.7754974,
        "DelaySeconds": 61,
        "DestinationStopID": 7557,
        "OriginStopID": 4136,
        "Direction": "Inbound",
        "nearestStop": "null",
        "Bearing": 0,
        "routeId": "14",
        "tripId": "Unnasigned"
    },
    "2091": {
        "RecordedAtTime": 0,
        "Lat": -41.3037567,
        "Long": 174.7945709,
        "DelaySeconds": 0,
        "DestinationStopID": 7557,
        "OriginStopID": 4136,
        "Direction": "Inbound",
        "nearestStop": "null",
        "Bearing": 0,
        "routeId": "14",
        "tripId": "Unnasigned"
    },
    "2092": {
        "RecordedAtTime": 0,
        "Lat": -41.2687111,
        "Long": 174.7571411,
        "DelaySeconds": 543,
        "DestinationStopID": 4136,
        "OriginStopID": 7557,
        "Direction": "Outbound",
        "nearestStop": "null",
        "Bearing": 0,
        "routeId": "14",
        "tripId": "Unnasigned"
    },
    "2632": {
        "RecordedAtTime": 0,
        "Lat": -41.2946663,
        "Long": 174.8006897,
        "DelaySeconds": 66,
        "DestinationStopID": 7557,
        "OriginStopID": 4136,
        "Direction": "Inbound",
        "nearestStop": "null",
        "Bearing": 0,
        "routeId": "14",
        "tripId": "Unnasigned"
    },
    "3045": {
        "RecordedAtTime": 0,
        "Lat": -41.2722015,
        "Long": 174.7777863,
        "DelaySeconds": 405,
        "DestinationStopID": 4136,
        "OriginStopID": 7557,
        "Direction": "Outbound",
        "nearestStop": "null",
        "Bearing": 0,
        "routeId": "14",
        "tripId": "Unnasigned"
    },
    "3312": {
        "RecordedAtTime": 0,
        "Lat": -41.2971954,
        "Long": 174.8012695,
        "DelaySeconds": 73,
        "DestinationStopID": 4136,
        "OriginStopID": 7557,
        "Direction": "Outbound",
        "nearestStop": "null",
        "Bearing": 0,
        "routeId": "14",
        "tripId": "Unnasigned"
    },
    "2065": {
        "RecordedAtTime": 0,
        "Lat": -41.2873611,
        "Long": 174.7567902,
        "DelaySeconds": -58,
        "DestinationStopID": 6241,
        "OriginStopID": 4332,
        "Direction": "Outbound",
        "nearestStop": "null",
        "Bearing": 0,
        "routeId": "18e",
        "tripId": "Unnasigned"
    },
    "2270": {
        "RecordedAtTime": 0,
        "Lat": -41.3177795,
        "Long": 174.7950745,
        "DelaySeconds": 158,
        "DestinationStopID": 5332,
        "OriginStopID": 7241,
        "Direction": "Inbound",
        "nearestStop": "null",
        "Bearing": 0,
        "routeId": "18e",
        "tripId": "Unnasigned"
    },
    "2066": {
        "RecordedAtTime": 0,
        "Lat": -41.2796135,
        "Long": 174.7753754,
        "DelaySeconds": -58,
        "DestinationStopID": 5520,
        "OriginStopID": 4396,
        "Direction": "Inbound",
        "nearestStop": "null",
        "Bearing": 0,
        "routeId": "37",
        "tripId": "Unnasigned"
    },
    "1132": {
        "RecordedAtTime": 0,
        "Lat": -41.3125877,
        "Long": 174.7864685,
        "DelaySeconds": 276,
        "DestinationStopID": 6338,
        "OriginStopID": 6000,
        "Direction": "Outbound",
        "nearestStop": "null",
        "Bearing": 0,
        "routeId": "3",
        "tripId": "Unnasigned"
    },
    "1138": {
        "RecordedAtTime": 0,
        "Lat": -41.2827301,
        "Long": 174.7759247,
        "DelaySeconds": 161,
        "DestinationStopID": 5016,
        "OriginStopID": 7026,
        "Direction": "Inbound",
        "nearestStop": "null",
        "Bearing": 0,
        "routeId": "3",
        "tripId": "Unnasigned"
    },
    "1234": {
        "RecordedAtTime": 0,
        "Lat": -41.3129044,
        "Long": 174.7849274,
        "DelaySeconds": 123,
        "DestinationStopID": 5016,
        "OriginStopID": 7026,
        "Direction": "Inbound",
        "nearestStop": "null",
        "Bearing": 0,
        "routeId": "3",
        "tripId": "Unnasigned"
    },
    "1307": {
        "RecordedAtTime": 0,
        "Lat": -41.2621384,
        "Long": 174.7658386,
        "DelaySeconds": 0,
        "DestinationStopID": 5016,
        "OriginStopID": 7338,
        "Direction": "Inbound",
        "nearestStop": "null",
        "Bearing": 0,
        "routeId": "3",
        "tripId": "Unnasigned"
    },
    "1368": {
        "RecordedAtTime": 0,
        "Lat": -41.3111916,
        "Long": 174.779007,
        "DelaySeconds": 305,
        "DestinationStopID": 5016,
        "OriginStopID": 7026,
        "Direction": "Inbound",
        "nearestStop": "null",
        "Bearing": 0,
        "routeId": "3",
        "tripId": "Unnasigned"
    },
    "1390": {
        "RecordedAtTime": 0,
        "Lat": -41.3073616,
        "Long": 174.7779999,
        "DelaySeconds": -201,
        "DestinationStopID": 7345,
        "OriginStopID": 6000,
        "Direction": "Outbound",
        "nearestStop": "null",
        "Bearing": 0,
        "routeId": "3",
        "tripId": "Unnasigned"
    },
    "1615": {
        "RecordedAtTime": 0,
        "Lat": -41.2836685,
        "Long": 174.7756195,
        "DelaySeconds": 245,
        "DestinationStopID": 5016,
        "OriginStopID": 7338,
        "Direction": "Inbound",
        "nearestStop": "null",
        "Bearing": 0,
        "routeId": "3",
        "tripId": "Unnasigned"
    },
    "1632": {
        "RecordedAtTime": 0,
        "Lat": -41.3172722,
        "Long": 174.7955627,
        "DelaySeconds": 0,
        "DestinationStopID": 5016,
        "OriginStopID": 7026,
        "Direction": "Inbound",
        "nearestStop": "null",
        "Bearing": 0,
        "routeId": "3",
        "tripId": "Unnasigned"
    },
    "1641": {
        "RecordedAtTime": 0,
        "Lat": -41.2951088,
        "Long": 174.7772827,
        "DelaySeconds": 126,
        "DestinationStopID": 5016,
        "OriginStopID": 7026,
        "Direction": "Inbound",
        "nearestStop": "null",
        "Bearing": 0,
        "routeId": "3",
        "tripId": "Unnasigned"
    },
    "2068": {
        "RecordedAtTime": 0,
        "Lat": -41.2846603,
        "Long": 174.7753754,
        "DelaySeconds": 2,
        "DestinationStopID": 6338,
        "OriginStopID": 6000,
        "Direction": "Outbound",
        "nearestStop": "null",
        "Bearing": 0,
        "routeId": "3",
        "tripId": "Unnasigned"
    },
    "2069": {
        "RecordedAtTime": 0,
        "Lat": -41.3129463,
        "Long": 174.7891998,
        "DelaySeconds": 107,
        "DestinationStopID": 5016,
        "OriginStopID": 7338,
        "Direction": "Inbound",
        "nearestStop": "null",
        "Bearing": 0,
        "routeId": "3",
        "tripId": "Unnasigned"
    },
    "2095": {
        "RecordedAtTime": 0,
        "Lat": -41.3081703,
        "Long": 174.7927856,
        "DelaySeconds": 231,
        "DestinationStopID": 5016,
        "OriginStopID": 7099,
        "Direction": "Inbound",
        "nearestStop": "null",
        "Bearing": 0,
        "routeId": "12e",
        "tripId": "Unnasigned"
    },
    "1293": {
        "RecordedAtTime": 0,
        "Lat": -41.2851982,
        "Long": 174.7360535,
        "DelaySeconds": 233,
        "DestinationStopID": 5520,
        "OriginStopID": 4369,
        "Direction": "Inbound",
        "nearestStop": "null",
        "Bearing": 0,
        "routeId": "33",
        "tripId": "Unnasigned"
    },
    "1634": {
        "RecordedAtTime": 0,
        "Lat": -41.2840691,
        "Long": 174.7614899,
        "DelaySeconds": 0,
        "DestinationStopID": 5520,
        "OriginStopID": 4369,
        "Direction": "Inbound",
        "nearestStop": "null",
        "Bearing": 0,
        "routeId": "33",
        "tripId": "Unnasigned"
    },
    "1673": {
        "RecordedAtTime": 0,
        "Lat": -41.284008,
        "Long": 174.7401581,
        "DelaySeconds": 299,
        "DestinationStopID": 5520,
        "OriginStopID": 4327,
        "Direction": "Inbound",
        "nearestStop": "null",
        "Bearing": 0,
        "routeId": "33",
        "tripId": "Unnasigned"
    },
    "2286": {
        "RecordedAtTime": 0,
        "Lat": -41.2809906,
        "Long": 174.759201,
        "DelaySeconds": -36,
        "DestinationStopID": 5520,
        "OriginStopID": 4936,
        "Direction": "Inbound",
        "nearestStop": "null",
        "Bearing": 0,
        "routeId": "13",
        "tripId": "Unnasigned"
    },
    "3911": {
        "RecordedAtTime": 0,
        "Lat": -41.2869682,
        "Long": 174.776123,
        "DelaySeconds": 513,
        "DestinationStopID": 3279,
        "OriginStopID": 7158,
        "Direction": "Outbound",
        "nearestStop": "null",
        "Bearing": 0,
        "routeId": "1",
        "tripId": "Unnasigned"
    },
    "3922": {
        "RecordedAtTime": 0,
        "Lat": -41.2228508,
        "Long": 174.7920685,
        "DelaySeconds": 0,
        "DestinationStopID": 5516,
        "OriginStopID": 3050,
        "Direction": "Inbound",
        "nearestStop": "null",
        "Bearing": 0,
        "routeId": "1",
        "tripId": "Unnasigned"
    },
    "3937": {
        "RecordedAtTime": 0,
        "Lat": -41.2660179,
        "Long": 174.7828522,
        "DelaySeconds": 331,
        "DestinationStopID": 6158,
        "OriginStopID": 3050,
        "Direction": "Inbound",
        "nearestStop": "null",
        "Bearing": 0,
        "routeId": "1",
        "tripId": "Unnasigned"
    },
    "3939": {
        "RecordedAtTime": 0,
        "Lat": -41.2006378,
        "Long": 174.8301849,
        "DelaySeconds": 0,
        "DestinationStopID": 6158,
        "OriginStopID": 3451,
        "Direction": "Inbound",
        "nearestStop": "null",
        "Bearing": 0,
        "routeId": "1",
        "tripId": "Unnasigned"
    },
    "3942": {
        "RecordedAtTime": 0,
        "Lat": -41.2265244,
        "Long": 174.8072357,
        "DelaySeconds": 599,
        "DestinationStopID": 6158,
        "OriginStopID": 3297,
        "Direction": "Inbound",
        "nearestStop": "null",
        "Bearing": 0,
        "routeId": "1",
        "tripId": "Unnasigned"
    },
    "3945": {
        "RecordedAtTime": 0,
        "Lat": -41.2752457,
        "Long": 174.7834015,
        "DelaySeconds": 567,
        "DestinationStopID": 6158,
        "OriginStopID": 3451,
        "Direction": "Inbound",
        "nearestStop": "null",
        "Bearing": 0,
        "routeId": "1",
        "tripId": "Unnasigned"
    },
    "3948": {
        "RecordedAtTime": 0,
        "Lat": -41.2244949,
        "Long": 174.80513,
        "DelaySeconds": 105,
        "DestinationStopID": 6158,
        "OriginStopID": 3451,
        "Direction": "Inbound",
        "nearestStop": "null",
        "Bearing": 0,
        "routeId": "1",
        "tripId": "Unnasigned"
    },
    "3950": {
        "RecordedAtTime": 0,
        "Lat": -41.3430367,
        "Long": 174.770462,
        "DelaySeconds": 0,
        "DestinationStopID": 3451,
        "OriginStopID": 7158,
        "Direction": "Outbound",
        "nearestStop": "null",
        "Bearing": 0,
        "routeId": "1",
        "tripId": "Unnasigned"
    },
    "3951": {
        "RecordedAtTime": 0,
        "Lat": -41.2113419,
        "Long": 174.8052521,
        "DelaySeconds": -90,
        "DestinationStopID": 6158,
        "OriginStopID": 3297,
        "Direction": "Inbound",
        "nearestStop": "null",
        "Bearing": 0,
        "routeId": "1",
        "tripId": "Unnasigned"
    },
    "3953": {
        "RecordedAtTime": 0,
        "Lat": -41.3198395,
        "Long": 174.7757568,
        "DelaySeconds": -69,
        "DestinationStopID": 3279,
        "OriginStopID": 7158,
        "Direction": "Outbound",
        "nearestStop": "null",
        "Bearing": 0,
        "routeId": "1",
        "tripId": "Unnasigned"
    },
    "3958": {
        "RecordedAtTime": 0,
        "Lat": -41.3330307,
        "Long": 174.7735748,
        "DelaySeconds": -329,
        "DestinationStopID": 6158,
        "OriginStopID": 3050,
        "Direction": "Inbound",
        "nearestStop": "null",
        "Bearing": 0,
        "routeId": "1",
        "tripId": "Unnasigned"
    },
    "3959": {
        "RecordedAtTime": 0,
        "Lat": -41.3431244,
        "Long": 174.7707825,
        "DelaySeconds": 0,
        "DestinationStopID": 3040,
        "OriginStopID": 7158,
        "Direction": "Outbound",
        "nearestStop": "null",
        "Bearing": 0,
        "routeId": "1",
        "tripId": "Unnasigned"
    },
    "3962": {
        "RecordedAtTime": 0,
        "Lat": -41.2949753,
        "Long": 174.783493,
        "DelaySeconds": 156,
        "DestinationStopID": 6158,
        "OriginStopID": 3297,
        "Direction": "Inbound",
        "nearestStop": "null",
        "Bearing": 0,
        "routeId": "1",
        "tripId": "Unnasigned"
    },
    "3963": {
        "RecordedAtTime": 0,
        "Lat": -41.2905693,
        "Long": 174.776001,
        "DelaySeconds": 122,
        "DestinationStopID": 3451,
        "OriginStopID": 7158,
        "Direction": "Outbound",
        "nearestStop": "null",
        "Bearing": 0,
        "routeId": "1",
        "tripId": "Unnasigned"
    },
    "3967": {
        "RecordedAtTime": 0,
        "Lat": -41.3014488,
        "Long": 174.7796631,
        "DelaySeconds": 44,
        "DestinationStopID": 3040,
        "OriginStopID": 7158,
        "Direction": "Outbound",
        "nearestStop": "null",
        "Bearing": 0,
        "routeId": "1",
        "tripId": "Unnasigned"
    },
    "3968": {
        "RecordedAtTime": 0,
        "Lat": -41.2077293,
        "Long": 174.819931,
        "DelaySeconds": -80,
        "DestinationStopID": 3451,
        "OriginStopID": 7158,
        "Direction": "Outbound",
        "nearestStop": "null",
        "Bearing": 0,
        "routeId": "1",
        "tripId": "Unnasigned"
    },
    "1101": {
        "RecordedAtTime": 0,
        "Lat": -41.3240128,
        "Long": 174.8231659,
        "DelaySeconds": 66,
        "DestinationStopID": 5332,
        "OriginStopID": 7042,
        "Direction": "Outbound",
        "nearestStop": "null",
        "Bearing": 0,
        "routeId": "2",
        "tripId": "Unnasigned"
    },
    "1129": {
        "RecordedAtTime": 0,
        "Lat": -41.322937,
        "Long": 174.8324127,
        "DelaySeconds": 4,
        "DestinationStopID": 7042,
        "OriginStopID": 4332,
        "Direction": "Inbound",
        "nearestStop": "null",
        "Bearing": 0,
        "routeId": "2",
        "tripId": "Unnasigned"
    },
    "1409": {
        "RecordedAtTime": 0,
        "Lat": -41.3156509,
        "Long": 174.7936096,
        "DelaySeconds": -119,
        "DestinationStopID": 7042,
        "OriginStopID": 4332,
        "Direction": "Inbound",
        "nearestStop": "null",
        "Bearing": 0,
        "routeId": "2",
        "tripId": "Unnasigned"
    },
    "1420": {
        "RecordedAtTime": 0,
        "Lat": -41.3184433,
        "Long": 174.7979126,
        "DelaySeconds": 68,
        "DestinationStopID": 5332,
        "OriginStopID": 7042,
        "Direction": "Outbound",
        "nearestStop": "null",
        "Bearing": 0,
        "routeId": "2",
        "tripId": "Unnasigned"
    },
    "1511": {
        "RecordedAtTime": 0,
        "Lat": -41.2849312,
        "Long": 174.7756195,
        "DelaySeconds": 271,
        "DestinationStopID": 5332,
        "OriginStopID": 7042,
        "Direction": "Outbound",
        "nearestStop": "null",
        "Bearing": 0,
        "routeId": "2",
        "tripId": "Unnasigned"
    },
    "1526": {
        "RecordedAtTime": 0,
        "Lat": -41.2840691,
        "Long": 174.7398224,
        "DelaySeconds": -1,
        "DestinationStopID": 7042,
        "OriginStopID": 4332,
        "Direction": "Inbound",
        "nearestStop": "null",
        "Bearing": 0,
        "routeId": "2",
        "tripId": "Unnasigned"
    },
    "1541": {
        "RecordedAtTime": 0,
        "Lat": -41.298645,
        "Long": 174.7869415,
        "DelaySeconds": 289,
        "DestinationStopID": 5332,
        "OriginStopID": 7042,
        "Direction": "Outbound",
        "nearestStop": "null",
        "Bearing": 0,
        "routeId": "2",
        "tripId": "Unnasigned"
    },
    "1578": {
        "RecordedAtTime": 0,
        "Lat": -41.2862816,
        "Long": 174.7764587,
        "DelaySeconds": 192,
        "DestinationStopID": 7042,
        "OriginStopID": 4332,
        "Direction": "Inbound",
        "nearestStop": "null",
        "Bearing": 0,
        "routeId": "2",
        "tripId": "Unnasigned"
    },
    "1637": {
        "RecordedAtTime": 0,
        "Lat": -41.2873497,
        "Long": 174.756546,
        "DelaySeconds": 243,
        "DestinationStopID": 7042,
        "OriginStopID": 4332,
        "Direction": "Inbound",
        "nearestStop": "null",
        "Bearing": 0,
        "routeId": "2",
        "tripId": "Unnasigned"
    },
    "2076": {
        "RecordedAtTime": 0,
        "Lat": -41.2874527,
        "Long": 174.7566681,
        "DelaySeconds": 602,
        "DestinationStopID": 5332,
        "OriginStopID": 7042,
        "Direction": "Outbound",
        "nearestStop": "null",
        "Bearing": 0,
        "routeId": "2",
        "tripId": "Unnasigned"
    },
    "2528": {
        "RecordedAtTime": 0,
        "Lat": -41.320694,
        "Long": 174.8241272,
        "DelaySeconds": -48,
        "DestinationStopID": 7036,
        "OriginStopID": 7298,
        "Direction": "Inbound",
        "nearestStop": "null",
        "Bearing": 0,
        "routeId": "28",
        "tripId": "Unnasigned"
    },
    "3735": {
        "RecordedAtTime": 0,
        "Lat": -41.3430367,
        "Long": 174.7794189,
        "DelaySeconds": -21,
        "DestinationStopID": 7746,
        "OriginStopID": 7720,
        "Direction": "Outbound",
        "nearestStop": "null",
        "Bearing": 0,
        "routeId": "29",
        "tripId": "Unnasigned"
    },
    "3746": {
        "RecordedAtTime": 0,
        "Lat": -41.3170776,
        "Long": 174.7609863,
        "DelaySeconds": 19,
        "DestinationStopID": 7720,
        "OriginStopID": 7746,
        "Direction": "Inbound",
        "nearestStop": "null",
        "Bearing": 0,
        "routeId": "29",
        "tripId": "Unnasigned"
    },
    "3749": {
        "RecordedAtTime": 0,
        "Lat": -41.3071671,
        "Long": 174.7776337,
        "DelaySeconds": 96,
        "DestinationStopID": 7720,
        "OriginStopID": 7746,
        "Direction": "Inbound",
        "nearestStop": "null",
        "Bearing": 0,
        "routeId": "29",
        "tripId": "Unnasigned"
    },
    "1134": {
        "RecordedAtTime": 0,
        "Lat": -41.278389,
        "Long": 174.7794037,
        "DelaySeconds": 0,
        "DestinationStopID": 5915,
        "OriginStopID": 6001,
        "Direction": "Outbound",
        "nearestStop": "null",
        "Bearing": 0,
        "routeId": "22",
        "tripId": "Unnasigned"
    },
    "1653": {
        "RecordedAtTime": 0,
        "Lat": -41.2847481,
        "Long": 174.7740631,
        "DelaySeconds": 67,
        "DestinationStopID": 5016,
        "OriginStopID": 4936,
        "Direction": "Inbound",
        "nearestStop": "null",
        "Bearing": 0,
        "routeId": "22",
        "tripId": "Unnasigned"
    },
    "2063": {
        "RecordedAtTime": 0,
        "Lat": -41.2714157,
        "Long": 174.7550049,
        "DelaySeconds": 354,
        "DestinationStopID": 5936,
        "OriginStopID": 6001,
        "Direction": "Outbound",
        "nearestStop": "null",
        "Bearing": 0,
        "routeId": "22",
        "tripId": "Unnasigned"
    },
    "2085": {
        "RecordedAtTime": 0,
        "Lat": -41.3187141,
        "Long": 174.8198395,
        "DelaySeconds": 64,
        "DestinationStopID": 7224,
        "OriginStopID": 7099,
        "Direction": "Inbound",
        "nearestStop": "null",
        "Bearing": 0,
        "routeId": "12",
        "tripId": "Unnasigned"
    },
    "2551": {
        "RecordedAtTime": 0,
        "Lat": -41.3159256,
        "Long": 174.8154449,
        "DelaySeconds": -40,
        "DestinationStopID": 7099,
        "OriginStopID": 6224,
        "Direction": "Outbound",
        "nearestStop": "null",
        "Bearing": 0,
        "routeId": "12",
        "tripId": "Unnasigned"
    },
    "3274": {
        "RecordedAtTime": 0,
        "Lat": -41.3372459,
        "Long": 174.8145905,
        "DelaySeconds": 133,
        "DestinationStopID": 7099,
        "OriginStopID": 6224,
        "Direction": "Outbound",
        "nearestStop": "null",
        "Bearing": 0,
        "routeId": "12",
        "tripId": "Unnasigned"
    },
    "1392": {
        "RecordedAtTime": 0,
        "Lat": -41.287674,
        "Long": 174.7755127,
        "DelaySeconds": 10,
        "DestinationStopID": 6241,
        "OriginStopID": 6001,
        "Direction": "Outbound",
        "nearestStop": "null",
        "Bearing": 0,
        "routeId": "31x",
        "tripId": "Unnasigned"
    },
    "1692": {
        "RecordedAtTime": 0,
        "Lat": -41.3133087,
        "Long": 174.8186646,
        "DelaySeconds": 24,
        "DestinationStopID": 5016,
        "OriginStopID": 7246,
        "Direction": "Inbound",
        "nearestStop": "null",
        "Bearing": 0,
        "routeId": "31x",
        "tripId": "Unnasigned"
    },
    "2550": {
        "RecordedAtTime": 0,
        "Lat": -41.3054695,
        "Long": 174.8259277,
        "DelaySeconds": 0,
        "DestinationStopID": 6241,
        "OriginStopID": 6001,
        "Direction": "Outbound",
        "nearestStop": "null",
        "Bearing": 0,
        "routeId": "31x",
        "tripId": "Unnasigned"
    },
    "2588": {
        "RecordedAtTime": 0,
        "Lat": -41.2899017,
        "Long": 174.774826,
        "DelaySeconds": 67,
        "DestinationStopID": 5016,
        "OriginStopID": 7246,
        "Direction": "Inbound",
        "nearestStop": "null",
        "Bearing": 0,
        "routeId": "31x",
        "tripId": "Unnasigned"
    },
    "3029": {
        "RecordedAtTime": 0,
        "Lat": -41.312355,
        "Long": 174.8193512,
        "DelaySeconds": -47,
        "DestinationStopID": 5016,
        "OriginStopID": 7246,
        "Direction": "Inbound",
        "nearestStop": "null",
        "Bearing": 0,
        "routeId": "31x",
        "tripId": "Unnasigned"
    },
    "3848": {
        "RecordedAtTime": 0,
        "Lat": -41.2501373,
        "Long": 174.7735596,
        "DelaySeconds": 506,
        "DestinationStopID": 5520,
        "OriginStopID": 4419,
        "Direction": "Inbound",
        "nearestStop": "null",
        "Bearing": 0,
        "routeId": "26",
        "tripId": "Unnasigned"
    },
    "3874": {
        "RecordedAtTime": 0,
        "Lat": -41.2485123,
        "Long": 174.7873077,
        "DelaySeconds": 70,
        "DestinationStopID": 4419,
        "OriginStopID": 5520,
        "Direction": "Outbound",
        "nearestStop": "null",
        "Bearing": 0,
        "routeId": "26",
        "tripId": "Unnasigned"
    },
    "2247": {
        "RecordedAtTime": 0,
        "Lat": -41.2897987,
        "Long": 174.7754211,
        "DelaySeconds": -209,
        "DestinationStopID": 5516,
        "OriginStopID": 3000,
        "Direction": "Inbound",
        "nearestStop": "null",
        "Bearing": 0,
        "routeId": "56",
        "tripId": "Unnasigned"
    },
    "2529": {
        "RecordedAtTime": 0,
        "Lat": -41.2216187,
        "Long": 174.8106995,
        "DelaySeconds": -49,
        "DestinationStopID": 5516,
        "OriginStopID": 3000,
        "Direction": "Inbound",
        "nearestStop": "null",
        "Bearing": 0,
        "routeId": "56",
        "tripId": "Unnasigned"
    },
    "2539": {
        "RecordedAtTime": 0,
        "Lat": -41.2391624,
        "Long": 174.8067322,
        "DelaySeconds": 62,
        "DestinationStopID": 5516,
        "OriginStopID": 3000,
        "Direction": "Inbound",
        "nearestStop": "null",
        "Bearing": 0,
        "routeId": "56",
        "tripId": "Unnasigned"
    },
    "1524": {
        "RecordedAtTime": 0,
        "Lat": -41.2870979,
        "Long": 174.7760315,
        "DelaySeconds": 137,
        "DestinationStopID": 5016,
        "OriginStopID": 7052,
        "Direction": "Inbound",
        "nearestStop": "null",
        "Bearing": 0,
        "routeId": "30x",
        "tripId": "Unnasigned"
    },
    "2212": {
        "RecordedAtTime": 0,
        "Lat": -41.3259773,
        "Long": 174.8335419,
        "DelaySeconds": 50,
        "DestinationStopID": 5016,
        "OriginStopID": 7052,
        "Direction": "Inbound",
        "nearestStop": "null",
        "Bearing": 0,
        "routeId": "30x",
        "tripId": "Unnasigned"
    },
    "2257": {
        "RecordedAtTime": 0,
        "Lat": -41.3229408,
        "Long": 174.8127747,
        "DelaySeconds": 70,
        "DestinationStopID": 5016,
        "OriginStopID": 7072,
        "Direction": "Inbound",
        "nearestStop": "null",
        "Bearing": 0,
        "routeId": "30x",
        "tripId": "Unnasigned"
    },
    "3791": {
        "RecordedAtTime": 0,
        "Lat": -41.3020477,
        "Long": 174.8292236,
        "DelaySeconds": 138,
        "DestinationStopID": 5016,
        "OriginStopID": 6081,
        "Direction": "Outbound",
        "nearestStop": "null",
        "Bearing": 0,
        "routeId": "24",
        "tripId": "Unnasigned"
    },
    "3810": {
        "RecordedAtTime": 0,
        "Lat": -41.2761841,
        "Long": 174.7814789,
        "DelaySeconds": 124,
        "DestinationStopID": 3250,
        "OriginStopID": 6081,
        "Direction": "Outbound",
        "nearestStop": "null",
        "Bearing": 0,
        "routeId": "24",
        "tripId": "Unnasigned"
    },
    "3832": {
        "RecordedAtTime": 0,
        "Lat": -41.2227516,
        "Long": 174.8053436,
        "DelaySeconds": 0,
        "DestinationStopID": 7083,
        "OriginStopID": 3081,
        "Direction": "Inbound",
        "nearestStop": "null",
        "Bearing": 0,
        "routeId": "24",
        "tripId": "Unnasigned"
    },
    "3833": {
        "RecordedAtTime": 0,
        "Lat": -41.3166542,
        "Long": 174.8082275,
        "DelaySeconds": -227,
        "DestinationStopID": 7083,
        "OriginStopID": 3081,
        "Direction": "Inbound",
        "nearestStop": "null",
        "Bearing": 0,
        "routeId": "24",
        "tripId": "Unnasigned"
    },
    "3834": {
        "RecordedAtTime": 0,
        "Lat": -41.3159637,
        "Long": 174.8156433,
        "DelaySeconds": 0,
        "DestinationStopID": 7083,
        "OriginStopID": 3081,
        "Direction": "Inbound",
        "nearestStop": "null",
        "Bearing": 0,
        "routeId": "24",
        "tripId": "Unnasigned"
    },
    "3837": {
        "RecordedAtTime": 0,
        "Lat": -41.3043556,
        "Long": 174.8018494,
        "DelaySeconds": 302,
        "DestinationStopID": 3250,
        "OriginStopID": 6081,
        "Direction": "Outbound",
        "nearestStop": "null",
        "Bearing": 0,
        "routeId": "24",
        "tripId": "Unnasigned"
    },
    "3917": {
        "RecordedAtTime": 0,
        "Lat": -41.249176,
        "Long": 174.7918701,
        "DelaySeconds": 0,
        "DestinationStopID": 3250,
        "OriginStopID": 6081,
        "Direction": "Outbound",
        "nearestStop": "null",
        "Bearing": 0,
        "routeId": "24",
        "tripId": "Unnasigned"
    },
    "3919": {
        "RecordedAtTime": 0,
        "Lat": -41.236145,
        "Long": 174.7981415,
        "DelaySeconds": 152,
        "DestinationStopID": 6224,
        "OriginStopID": 3081,
        "Direction": "Inbound",
        "nearestStop": "null",
        "Bearing": 0,
        "routeId": "24",
        "tripId": "Unnasigned"
    },
    "3921": {
        "RecordedAtTime": 0,
        "Lat": -41.2785645,
        "Long": 174.7789307,
        "DelaySeconds": 8,
        "DestinationStopID": 6224,
        "OriginStopID": 3081,
        "Direction": "Inbound",
        "nearestStop": "null",
        "Bearing": 0,
        "routeId": "24",
        "tripId": "Unnasigned"
    },
    "3929": {
        "RecordedAtTime": 0,
        "Lat": -41.2485886,
        "Long": 174.792984,
        "DelaySeconds": 433,
        "DestinationStopID": 6224,
        "OriginStopID": 3081,
        "Direction": "Inbound",
        "nearestStop": "null",
        "Bearing": 0,
        "routeId": "24",
        "tripId": "Unnasigned"
    },
    "3941": {
        "RecordedAtTime": 0,
        "Lat": -41.332531,
        "Long": 174.7735596,
        "DelaySeconds": 95,
        "DestinationStopID": 5113,
        "OriginStopID": 7163,
        "Direction": "Inbound",
        "nearestStop": "null",
        "Bearing": 0,
        "routeId": "32x",
        "tripId": "Unnasigned"
    },
    "3954": {
        "RecordedAtTime": 0,
        "Lat": -41.3433647,
        "Long": 174.7874146,
        "DelaySeconds": 0,
        "DestinationStopID": 5113,
        "OriginStopID": 7163,
        "Direction": "Inbound",
        "nearestStop": "null",
        "Bearing": 0,
        "routeId": "32x",
        "tripId": "Unnasigned"
    },
    "3955": {
        "RecordedAtTime": 0,
        "Lat": -41.3102722,
        "Long": 174.776947,
        "DelaySeconds": 262,
        "DestinationStopID": 5113,
        "OriginStopID": 7163,
        "Direction": "Inbound",
        "nearestStop": "null",
        "Bearing": 0,
        "routeId": "32x",
        "tripId": "Unnasigned"
    },
    "3969": {
        "RecordedAtTime": 0,
        "Lat": -41.289608,
        "Long": 174.775238,
        "DelaySeconds": 90,
        "DestinationStopID": 5113,
        "OriginStopID": 7163,
        "Direction": "Inbound",
        "nearestStop": "null",
        "Bearing": 0,
        "routeId": "32x",
        "tripId": "Unnasigned"
    },
    "2620": {
        "RecordedAtTime": 0,
        "Lat": -41.2888451,
        "Long": 174.7389832,
        "DelaySeconds": -101,
        "DestinationStopID": 5327,
        "OriginStopID": 5000,
        "Direction": "Outbound",
        "nearestStop": "null",
        "Bearing": 0,
        "routeId": "21",
        "tripId": "Unnasigned"
    },
    "3048": {
        "RecordedAtTime": 0,
        "Lat": -41.2857323,
        "Long": 174.7493134,
        "DelaySeconds": -2,
        "DestinationStopID": 5516,
        "OriginStopID": 4396,
        "Direction": "Inbound",
        "nearestStop": "null",
        "Bearing": 0,
        "routeId": "21",
        "tripId": "Unnasigned"
    },
    "3907": {
        "RecordedAtTime": 0,
        "Lat": -41.3034515,
        "Long": 174.7598419,
        "DelaySeconds": -4,
        "DestinationStopID": 5016,
        "OriginStopID": 7774,
        "Direction": "Inbound",
        "nearestStop": "null",
        "Bearing": 0,
        "routeId": "17e",
        "tripId": "Unnasigned"
    },
    "3931": {
        "RecordedAtTime": 0,
        "Lat": -41.2881088,
        "Long": 174.7755585,
        "DelaySeconds": -132,
        "DestinationStopID": 5016,
        "OriginStopID": 7774,
        "Direction": "Inbound",
        "nearestStop": "null",
        "Bearing": 0,
        "routeId": "17e",
        "tripId": "Unnasigned"
    },
    "1249": {
        "RecordedAtTime": 0,
        "Lat": -41.2913971,
        "Long": 174.7770538,
        "DelaySeconds": 76,
        "DestinationStopID": 3081,
        "OriginStopID": 5000,
        "Direction": "Outbound",
        "nearestStop": "null",
        "Bearing": 0,
        "routeId": "52",
        "tripId": "Unnasigned"
    },
    "2485": {
        "RecordedAtTime": 0,
        "Lat": -41.2224579,
        "Long": 174.830307,
        "DelaySeconds": 16,
        "DestinationStopID": 3081,
        "OriginStopID": 5000,
        "Direction": "Outbound",
        "nearestStop": "null",
        "Bearing": 0,
        "routeId": "52",
        "tripId": "Unnasigned"
    },
    "2084": {
        "RecordedAtTime": 0,
        "Lat": -41.2792549,
        "Long": 174.7770538,
        "DelaySeconds": -42,
        "DestinationStopID": 5520,
        "OriginStopID": 4352,
        "Direction": "Inbound",
        "nearestStop": "null",
        "Bearing": 0,
        "routeId": "34",
        "tripId": "Unnasigned"
    },
    "2093": {
        "RecordedAtTime": 0,
        "Lat": -41.2824059,
        "Long": 174.7308044,
        "DelaySeconds": 33,
        "DestinationStopID": 5520,
        "OriginStopID": 4352,
        "Direction": "Inbound",
        "nearestStop": "null",
        "Bearing": 0,
        "routeId": "34",
        "tripId": "Unnasigned"
    }
}