{
    "2068": {
        "RecordedAtTime": 0,
        "Lat": -41.3216858,
        "Long": 174.7966003,
        "DelaySeconds": 0,
        "DestinationStopID": 7083,
        "OriginStopID": 7241,
        "Direction": "Inbound",
        "nearestStop": "null",
        "Bearing": 0,
        "routeId": "18",
        "tripId": "Unnasigned"
    },
    "2085": {
        "RecordedAtTime": 0,
        "Lat": -41.3056488,
        "Long": 174.8260345,
        "DelaySeconds": 0,
        "DestinationStopID": 6241,
        "OriginStopID": 6081,
        "Direction": "Outbound",
        "nearestStop": "null",
        "Bearing": 0,
        "routeId": "18",
        "tripId": "Unnasigned"
    },
    "2095": {
        "RecordedAtTime": 0,
        "Lat": -41.3142967,
        "Long": 174.8175659,
        "DelaySeconds": 2,
        "DestinationStopID": 6241,
        "OriginStopID": 6081,
        "Direction": "Outbound",
        "nearestStop": "null",
        "Bearing": 0,
        "routeId": "18",
        "tripId": "Unnasigned"
    },
    "3734": {
        "RecordedAtTime": 0,
        "Lat": -41.3355255,
        "Long": 174.789093,
        "DelaySeconds": 107,
        "DestinationStopID": 6937,
        "OriginStopID": 6730,
        "Direction": "Outbound",
        "nearestStop": "null",
        "Bearing": 0,
        "routeId": "23",
        "tripId": "Unnasigned"
    },
    "3890": {
        "RecordedAtTime": 0,
        "Lat": -41.315155,
        "Long": 174.7691956,
        "DelaySeconds": 360,
        "DestinationStopID": 6730,
        "OriginStopID": 7937,
        "Direction": "Inbound",
        "nearestStop": "null",
        "Bearing": 0,
        "routeId": "23",
        "tripId": "Unnasigned"
    },
    "3921": {
        "RecordedAtTime": 0,
        "Lat": -41.29245,
        "Long": 174.7741394,
        "DelaySeconds": 164,
        "DestinationStopID": 6733,
        "OriginStopID": 6000,
        "Direction": "Outbound",
        "nearestStop": "null",
        "Bearing": 0,
        "routeId": "7",
        "tripId": "Unnasigned"
    },
    "3926": {
        "RecordedAtTime": 0,
        "Lat": -41.3027306,
        "Long": 174.7649689,
        "DelaySeconds": 159,
        "DestinationStopID": 5016,
        "OriginStopID": 6733,
        "Direction": "Inbound",
        "nearestStop": "null",
        "Bearing": 0,
        "routeId": "7",
        "tripId": "Unnasigned"
    },
    "3935": {
        "RecordedAtTime": 0,
        "Lat": -41.2809944,
        "Long": 174.776413,
        "DelaySeconds": 229,
        "DestinationStopID": 5016,
        "OriginStopID": 6733,
        "Direction": "Inbound",
        "nearestStop": "null",
        "Bearing": 0,
        "routeId": "7",
        "tripId": "Unnasigned"
    },
    "3960": {
        "RecordedAtTime": 0,
        "Lat": -41.3152504,
        "Long": 174.7654114,
        "DelaySeconds": 114,
        "DestinationStopID": 6733,
        "OriginStopID": 6000,
        "Direction": "Outbound",
        "nearestStop": "null",
        "Bearing": 0,
        "routeId": "7",
        "tripId": "Unnasigned"
    },
    "3825": {
        "RecordedAtTime": 0,
        "Lat": -41.2959938,
        "Long": 174.7696686,
        "DelaySeconds": 2,
        "DestinationStopID": 4947,
        "OriginStopID": 4419,
        "Direction": "Inbound",
        "nearestStop": "null",
        "Bearing": 0,
        "routeId": "25",
        "tripId": "Unnasigned"
    },
    "3835": {
        "RecordedAtTime": 0,
        "Lat": -41.2926559,
        "Long": 174.754776,
        "DelaySeconds": -22,
        "DestinationStopID": 4419,
        "OriginStopID": 4947,
        "Direction": "Outbound",
        "nearestStop": "null",
        "Bearing": 0,
        "routeId": "25",
        "tripId": "Unnasigned"
    },
    "3839": {
        "RecordedAtTime": 0,
        "Lat": -41.2781525,
        "Long": 174.7796936,
        "DelaySeconds": 585,
        "DestinationStopID": 4419,
        "OriginStopID": 4947,
        "Direction": "Outbound",
        "nearestStop": "null",
        "Bearing": 0,
        "routeId": "25",
        "tripId": "Unnasigned"
    },
    "1282": {
        "RecordedAtTime": 0,
        "Lat": -41.2914963,
        "Long": 174.7893982,
        "DelaySeconds": 1134,
        "DestinationStopID": 4136,
        "OriginStopID": 7557,
        "Direction": "Outbound",
        "nearestStop": "null",
        "Bearing": 0,
        "routeId": "14",
        "tripId": "Unnasigned"
    },
    "1636": {
        "RecordedAtTime": 0,
        "Lat": -41.3167305,
        "Long": 174.7948151,
        "DelaySeconds": 224,
        "DestinationStopID": 7557,
        "OriginStopID": 4136,
        "Direction": "Inbound",
        "nearestStop": "null",
        "Bearing": 0,
        "routeId": "14",
        "tripId": "Unnasigned"
    },
    "2288": {
        "RecordedAtTime": 0,
        "Lat": -41.2714157,
        "Long": 174.7550049,
        "DelaySeconds": 0,
        "DestinationStopID": 7557,
        "OriginStopID": 4136,
        "Direction": "Inbound",
        "nearestStop": "null",
        "Bearing": 0,
        "routeId": "14",
        "tripId": "Unnasigned"
    },
    "2620": {
        "RecordedAtTime": 0,
        "Lat": -41.3036461,
        "Long": 174.7945709,
        "DelaySeconds": 0,
        "DestinationStopID": 4136,
        "OriginStopID": 7557,
        "Direction": "Outbound",
        "nearestStop": "null",
        "Bearing": 0,
        "routeId": "14",
        "tripId": "Unnasigned"
    },
    "2641": {
        "RecordedAtTime": 0,
        "Lat": -41.293541,
        "Long": 174.7813416,
        "DelaySeconds": 163,
        "DestinationStopID": 7557,
        "OriginStopID": 4136,
        "Direction": "Inbound",
        "nearestStop": "null",
        "Bearing": 0,
        "routeId": "14",
        "tripId": "Unnasigned"
    },
    "2089": {
        "RecordedAtTime": 0,
        "Lat": -41.3110542,
        "Long": 174.779068,
        "DelaySeconds": 2,
        "DestinationStopID": 5332,
        "OriginStopID": 7241,
        "Direction": "Inbound",
        "nearestStop": "null",
        "Bearing": 0,
        "routeId": "18e",
        "tripId": "Unnasigned"
    },
    "3274": {
        "RecordedAtTime": 0,
        "Lat": -41.2922974,
        "Long": 174.7728729,
        "DelaySeconds": -418,
        "DestinationStopID": 6241,
        "OriginStopID": 4332,
        "Direction": "Outbound",
        "nearestStop": "null",
        "Bearing": 0,
        "routeId": "18e",
        "tripId": "Unnasigned"
    },
    "1352": {
        "RecordedAtTime": 0,
        "Lat": -41.308712,
        "Long": 174.7915955,
        "DelaySeconds": 0,
        "DestinationStopID": 5016,
        "OriginStopID": 7338,
        "Direction": "Inbound",
        "nearestStop": "null",
        "Bearing": 0,
        "routeId": "3",
        "tripId": "Unnasigned"
    },
    "1357": {
        "RecordedAtTime": 0,
        "Lat": -41.3022766,
        "Long": 174.7743835,
        "DelaySeconds": 302,
        "DestinationStopID": 7345,
        "OriginStopID": 6000,
        "Direction": "Outbound",
        "nearestStop": "null",
        "Bearing": 0,
        "routeId": "3",
        "tripId": "Unnasigned"
    },
    "1420": {
        "RecordedAtTime": 0,
        "Lat": -41.2795219,
        "Long": 174.7774048,
        "DelaySeconds": 61,
        "DestinationStopID": 7345,
        "OriginStopID": 6000,
        "Direction": "Outbound",
        "nearestStop": "null",
        "Bearing": 0,
        "routeId": "3",
        "tripId": "Unnasigned"
    },
    "1452": {
        "RecordedAtTime": 0,
        "Lat": -41.301918,
        "Long": 174.7740326,
        "DelaySeconds": 60,
        "DestinationStopID": 5016,
        "OriginStopID": 6345,
        "Direction": "Inbound",
        "nearestStop": "null",
        "Bearing": 0,
        "routeId": "3",
        "tripId": "Unnasigned"
    },
    "1524": {
        "RecordedAtTime": 0,
        "Lat": -41.3251877,
        "Long": 174.7954254,
        "DelaySeconds": -137,
        "DestinationStopID": 6338,
        "OriginStopID": 6000,
        "Direction": "Outbound",
        "nearestStop": "null",
        "Bearing": 0,
        "routeId": "3",
        "tripId": "Unnasigned"
    },
    "2060": {
        "RecordedAtTime": 0,
        "Lat": -41.3245697,
        "Long": 174.8029175,
        "DelaySeconds": 0,
        "DestinationStopID": 7345,
        "OriginStopID": 6000,
        "Direction": "Outbound",
        "nearestStop": "null",
        "Bearing": 0,
        "routeId": "3",
        "tripId": "Unnasigned"
    },
    "2072": {
        "RecordedAtTime": 0,
        "Lat": -41.3127174,
        "Long": 174.7857208,
        "DelaySeconds": -77,
        "DestinationStopID": 5016,
        "OriginStopID": 7338,
        "Direction": "Inbound",
        "nearestStop": "null",
        "Bearing": 0,
        "routeId": "3",
        "tripId": "Unnasigned"
    },
    "2077": {
        "RecordedAtTime": 0,
        "Lat": -41.2905159,
        "Long": 174.7757721,
        "DelaySeconds": 152,
        "DestinationStopID": 5016,
        "OriginStopID": 7338,
        "Direction": "Inbound",
        "nearestStop": "null",
        "Bearing": 0,
        "routeId": "3",
        "tripId": "Unnasigned"
    },
    "3029": {
        "RecordedAtTime": 0,
        "Lat": -41.292263,
        "Long": 174.7787018,
        "DelaySeconds": 77,
        "DestinationStopID": 6338,
        "OriginStopID": 6000,
        "Direction": "Outbound",
        "nearestStop": "null",
        "Bearing": 0,
        "routeId": "3",
        "tripId": "Unnasigned"
    },
    "3876": {
        "RecordedAtTime": 0,
        "Lat": -41.2871094,
        "Long": 174.7757416,
        "DelaySeconds": -30,
        "DestinationStopID": 6158,
        "OriginStopID": 3451,
        "Direction": "Inbound",
        "nearestStop": "null",
        "Bearing": 0,
        "routeId": "1",
        "tripId": "Unnasigned"
    },
    "3902": {
        "RecordedAtTime": 0,
        "Lat": -41.3051758,
        "Long": 174.778595,
        "DelaySeconds": 244,
        "DestinationStopID": 6158,
        "OriginStopID": 3050,
        "Direction": "Inbound",
        "nearestStop": "null",
        "Bearing": 0,
        "routeId": "1",
        "tripId": "Unnasigned"
    },
    "3910": {
        "RecordedAtTime": 0,
        "Lat": -41.2608643,
        "Long": 174.7888489,
        "DelaySeconds": 27,
        "DestinationStopID": 3040,
        "OriginStopID": 7158,
        "Direction": "Outbound",
        "nearestStop": "null",
        "Bearing": 0,
        "routeId": "1",
        "tripId": "Unnasigned"
    },
    "3920": {
        "RecordedAtTime": 0,
        "Lat": -41.2833176,
        "Long": 174.7756653,
        "DelaySeconds": -28,
        "DestinationStopID": 3279,
        "OriginStopID": 7158,
        "Direction": "Outbound",
        "nearestStop": "null",
        "Bearing": 0,
        "routeId": "1",
        "tripId": "Unnasigned"
    },
    "3936": {
        "RecordedAtTime": 0,
        "Lat": -41.2241936,
        "Long": 174.8038788,
        "DelaySeconds": 10,
        "DestinationStopID": 6158,
        "OriginStopID": 3297,
        "Direction": "Inbound",
        "nearestStop": "null",
        "Bearing": 0,
        "routeId": "1",
        "tripId": "Unnasigned"
    },
    "3940": {
        "RecordedAtTime": 0,
        "Lat": -41.2021255,
        "Long": 174.8078156,
        "DelaySeconds": -19,
        "DestinationStopID": 3279,
        "OriginStopID": 7158,
        "Direction": "Outbound",
        "nearestStop": "null",
        "Bearing": 0,
        "routeId": "1",
        "tripId": "Unnasigned"
    },
    "3946": {
        "RecordedAtTime": 0,
        "Lat": -41.3346481,
        "Long": 174.773407,
        "DelaySeconds": 128,
        "DestinationStopID": 3279,
        "OriginStopID": 7158,
        "Direction": "Outbound",
        "nearestStop": "null",
        "Bearing": 0,
        "routeId": "1",
        "tripId": "Unnasigned"
    },
    "3947": {
        "RecordedAtTime": 0,
        "Lat": -41.223156,
        "Long": 174.7920074,
        "DelaySeconds": 0,
        "DestinationStopID": 3040,
        "OriginStopID": 7158,
        "Direction": "Outbound",
        "nearestStop": "null",
        "Bearing": 0,
        "routeId": "1",
        "tripId": "Unnasigned"
    },
    "3951": {
        "RecordedAtTime": 0,
        "Lat": -41.2664948,
        "Long": 174.7823639,
        "DelaySeconds": -76,
        "DestinationStopID": 6158,
        "OriginStopID": 3050,
        "Direction": "Inbound",
        "nearestStop": "null",
        "Bearing": 0,
        "routeId": "1",
        "tripId": "Unnasigned"
    },
    "3955": {
        "RecordedAtTime": 0,
        "Lat": -41.2233391,
        "Long": 174.8050385,
        "DelaySeconds": -13,
        "DestinationStopID": 3451,
        "OriginStopID": 7158,
        "Direction": "Outbound",
        "nearestStop": "null",
        "Bearing": 0,
        "routeId": "1",
        "tripId": "Unnasigned"
    },
    "3956": {
        "RecordedAtTime": 0,
        "Lat": -41.2125816,
        "Long": 174.8178406,
        "DelaySeconds": -31,
        "DestinationStopID": 6158,
        "OriginStopID": 3451,
        "Direction": "Inbound",
        "nearestStop": "null",
        "Bearing": 0,
        "routeId": "1",
        "tripId": "Unnasigned"
    },
    "3957": {
        "RecordedAtTime": 0,
        "Lat": -41.2937813,
        "Long": 174.7826996,
        "DelaySeconds": 126,
        "DestinationStopID": 6158,
        "OriginStopID": 3297,
        "Direction": "Inbound",
        "nearestStop": "null",
        "Bearing": 0,
        "routeId": "1",
        "tripId": "Unnasigned"
    },
    "3958": {
        "RecordedAtTime": 0,
        "Lat": -41.3075829,
        "Long": 174.7779694,
        "DelaySeconds": -2,
        "DestinationStopID": 3040,
        "OriginStopID": 7158,
        "Direction": "Outbound",
        "nearestStop": "null",
        "Bearing": 0,
        "routeId": "1",
        "tripId": "Unnasigned"
    },
    "1105": {
        "RecordedAtTime": 0,
        "Lat": -41.2950058,
        "Long": 174.7830963,
        "DelaySeconds": -193,
        "DestinationStopID": 5332,
        "OriginStopID": 7042,
        "Direction": "Outbound",
        "nearestStop": "null",
        "Bearing": 0,
        "routeId": "2",
        "tripId": "Unnasigned"
    },
    "1113": {
        "RecordedAtTime": 0,
        "Lat": -41.3129616,
        "Long": 174.7931671,
        "DelaySeconds": 281,
        "DestinationStopID": 7042,
        "OriginStopID": 4332,
        "Direction": "Inbound",
        "nearestStop": "null",
        "Bearing": 0,
        "routeId": "2",
        "tripId": "Unnasigned"
    },
    "1129": {
        "RecordedAtTime": 0,
        "Lat": -41.2881241,
        "Long": 174.7575073,
        "DelaySeconds": 57,
        "DestinationStopID": 7042,
        "OriginStopID": 4332,
        "Direction": "Inbound",
        "nearestStop": "null",
        "Bearing": 0,
        "routeId": "2",
        "tripId": "Unnasigned"
    },
    "1313": {
        "RecordedAtTime": 0,
        "Lat": -41.2936935,
        "Long": 174.7822266,
        "DelaySeconds": 235,
        "DestinationStopID": 7042,
        "OriginStopID": 4332,
        "Direction": "Inbound",
        "nearestStop": "null",
        "Bearing": 0,
        "routeId": "2",
        "tripId": "Unnasigned"
    },
    "1463": {
        "RecordedAtTime": 0,
        "Lat": -41.2855606,
        "Long": 174.7591705,
        "DelaySeconds": 609,
        "DestinationStopID": 5332,
        "OriginStopID": 7042,
        "Direction": "Outbound",
        "nearestStop": "null",
        "Bearing": 0,
        "routeId": "2",
        "tripId": "Unnasigned"
    },
    "1509": {
        "RecordedAtTime": 0,
        "Lat": -41.2868538,
        "Long": 174.7262878,
        "DelaySeconds": -11,
        "DestinationStopID": 7042,
        "OriginStopID": 4332,
        "Direction": "Inbound",
        "nearestStop": "null",
        "Bearing": 0,
        "routeId": "2",
        "tripId": "Unnasigned"
    },
    "1526": {
        "RecordedAtTime": 0,
        "Lat": -41.2822418,
        "Long": 174.7635956,
        "DelaySeconds": 92,
        "DestinationStopID": 5332,
        "OriginStopID": 7042,
        "Direction": "Outbound",
        "nearestStop": "null",
        "Bearing": 0,
        "routeId": "2",
        "tripId": "Unnasigned"
    },
    "1541": {
        "RecordedAtTime": 0,
        "Lat": -41.2799835,
        "Long": 174.7763214,
        "DelaySeconds": 300,
        "DestinationStopID": 7042,
        "OriginStopID": 4332,
        "Direction": "Inbound",
        "nearestStop": "null",
        "Bearing": 0,
        "routeId": "2",
        "tripId": "Unnasigned"
    },
    "1637": {
        "RecordedAtTime": 0,
        "Lat": -41.2913513,
        "Long": 174.7769775,
        "DelaySeconds": 188,
        "DestinationStopID": 5332,
        "OriginStopID": 7042,
        "Direction": "Outbound",
        "nearestStop": "null",
        "Bearing": 0,
        "routeId": "2",
        "tripId": "Unnasigned"
    },
    "2075": {
        "RecordedAtTime": 0,
        "Lat": -41.3158302,
        "Long": 174.8149567,
        "DelaySeconds": 181,
        "DestinationStopID": 5332,
        "OriginStopID": 7042,
        "Direction": "Outbound",
        "nearestStop": "null",
        "Bearing": 0,
        "routeId": "2",
        "tripId": "Unnasigned"
    },
    "2081": {
        "RecordedAtTime": 0,
        "Lat": -41.3253784,
        "Long": 174.8346252,
        "DelaySeconds": 0,
        "DestinationStopID": 7042,
        "OriginStopID": 4332,
        "Direction": "Inbound",
        "nearestStop": "null",
        "Bearing": 0,
        "routeId": "2",
        "tripId": "Unnasigned"
    },
    "3735": {
        "RecordedAtTime": 0,
        "Lat": -41.3347435,
        "Long": 174.7727051,
        "DelaySeconds": -57,
        "DestinationStopID": 7746,
        "OriginStopID": 7720,
        "Direction": "Outbound",
        "nearestStop": "null",
        "Bearing": 0,
        "routeId": "29",
        "tripId": "Unnasigned"
    },
    "3748": {
        "RecordedAtTime": 0,
        "Lat": -41.3114815,
        "Long": 174.7791595,
        "DelaySeconds": 3,
        "DestinationStopID": 7720,
        "OriginStopID": 7746,
        "Direction": "Inbound",
        "nearestStop": "null",
        "Bearing": 0,
        "routeId": "29",
        "tripId": "Unnasigned"
    },
    "3912": {
        "RecordedAtTime": 0,
        "Lat": -41.3049774,
        "Long": 174.7649384,
        "DelaySeconds": 0,
        "DestinationStopID": 7720,
        "OriginStopID": 7746,
        "Direction": "Inbound",
        "nearestStop": "null",
        "Bearing": 0,
        "routeId": "29",
        "tripId": "Unnasigned"
    },
    "1137": {
        "RecordedAtTime": 0,
        "Lat": -41.2240372,
        "Long": 174.8039856,
        "DelaySeconds": 12,
        "DestinationStopID": 5016,
        "OriginStopID": 3081,
        "Direction": "Inbound",
        "nearestStop": "null",
        "Bearing": 0,
        "routeId": "22",
        "tripId": "Unnasigned"
    },
    "1187": {
        "RecordedAtTime": 0,
        "Lat": -41.2885323,
        "Long": 174.7722778,
        "DelaySeconds": 68,
        "DestinationStopID": 5016,
        "OriginStopID": 4915,
        "Direction": "Inbound",
        "nearestStop": "null",
        "Bearing": 0,
        "routeId": "22",
        "tripId": "Unnasigned"
    },
    "1511": {
        "RecordedAtTime": 0,
        "Lat": -41.2853661,
        "Long": 174.7671356,
        "DelaySeconds": 0,
        "DestinationStopID": 5915,
        "OriginStopID": 6001,
        "Direction": "Outbound",
        "nearestStop": "null",
        "Bearing": 0,
        "routeId": "22",
        "tripId": "Unnasigned"
    },
    "2070": {
        "RecordedAtTime": 0,
        "Lat": -41.2799187,
        "Long": 174.7754211,
        "DelaySeconds": 135,
        "DestinationStopID": 3250,
        "OriginStopID": 6001,
        "Direction": "Outbound",
        "nearestStop": "null",
        "Bearing": 0,
        "routeId": "22",
        "tripId": "Unnasigned"
    },
    "2150": {
        "RecordedAtTime": 0,
        "Lat": -41.28545,
        "Long": 174.7550964,
        "DelaySeconds": -129,
        "DestinationStopID": 5016,
        "OriginStopID": 4936,
        "Direction": "Inbound",
        "nearestStop": "null",
        "Bearing": 0,
        "routeId": "22",
        "tripId": "Unnasigned"
    },
    "2528": {
        "RecordedAtTime": 0,
        "Lat": -41.3296127,
        "Long": 174.817688,
        "DelaySeconds": 161,
        "DestinationStopID": 7224,
        "OriginStopID": 7099,
        "Direction": "Inbound",
        "nearestStop": "null",
        "Bearing": 0,
        "routeId": "12",
        "tripId": "Unnasigned"
    },
    "2588": {
        "RecordedAtTime": 0,
        "Lat": -41.3187027,
        "Long": 174.7998657,
        "DelaySeconds": -10,
        "DestinationStopID": 7099,
        "OriginStopID": 6224,
        "Direction": "Outbound",
        "nearestStop": "null",
        "Bearing": 0,
        "routeId": "12",
        "tripId": "Unnasigned"
    },
    "3758": {
        "RecordedAtTime": 0,
        "Lat": -41.2923584,
        "Long": 174.7859192,
        "DelaySeconds": 960,
        "DestinationStopID": 3250,
        "OriginStopID": 6081,
        "Direction": "Outbound",
        "nearestStop": "null",
        "Bearing": 0,
        "routeId": "24",
        "tripId": "Unnasigned"
    },
    "3924": {
        "RecordedAtTime": 0,
        "Lat": -41.2471275,
        "Long": 174.7964935,
        "DelaySeconds": 40,
        "DestinationStopID": 7083,
        "OriginStopID": 3081,
        "Direction": "Inbound",
        "nearestStop": "null",
        "Bearing": 0,
        "routeId": "24",
        "tripId": "Unnasigned"
    },
    "1186": {
        "RecordedAtTime": 0,
        "Lat": -41.2939644,
        "Long": 174.7830963,
        "DelaySeconds": 0,
        "DestinationStopID": 5516,
        "OriginStopID": 4915,
        "Direction": "Inbound",
        "nearestStop": "null",
        "Bearing": 0,
        "routeId": "21",
        "tripId": "Unnasigned"
    },
    "1467": {
        "RecordedAtTime": 0,
        "Lat": -41.2874718,
        "Long": 174.766922,
        "DelaySeconds": 0,
        "DestinationStopID": 5516,
        "OriginStopID": 4915,
        "Direction": "Inbound",
        "nearestStop": "null",
        "Bearing": 0,
        "routeId": "21",
        "tripId": "Unnasigned"
    },
    "1472": {
        "RecordedAtTime": 0,
        "Lat": -41.2930374,
        "Long": 174.7800293,
        "DelaySeconds": 10,
        "DestinationStopID": 5516,
        "OriginStopID": 4396,
        "Direction": "Inbound",
        "nearestStop": "null",
        "Bearing": 0,
        "routeId": "21",
        "tripId": "Unnasigned"
    },
    "2064": {
        "RecordedAtTime": 0,
        "Lat": -41.288353,
        "Long": 174.7479706,
        "DelaySeconds": 197,
        "DestinationStopID": 5327,
        "OriginStopID": 5000,
        "Direction": "Outbound",
        "nearestStop": "null",
        "Bearing": 0,
        "routeId": "21",
        "tripId": "Unnasigned"
    },
    "2097": {
        "RecordedAtTime": 0,
        "Lat": -41.2932167,
        "Long": 174.7801514,
        "DelaySeconds": 32,
        "DestinationStopID": 5915,
        "OriginStopID": 5000,
        "Direction": "Outbound",
        "nearestStop": "null",
        "Bearing": 0,
        "routeId": "21",
        "tripId": "Unnasigned"
    },
    "1761": {
        "RecordedAtTime": 0,
        "Lat": -41.2935562,
        "Long": 174.7812958,
        "DelaySeconds": 56,
        "DestinationStopID": 3081,
        "OriginStopID": 5000,
        "Direction": "Outbound",
        "nearestStop": "null",
        "Bearing": 0,
        "routeId": "52",
        "tripId": "Unnasigned"
    },
    "1765": {
        "RecordedAtTime": 0,
        "Lat": -41.2669296,
        "Long": 174.7818909,
        "DelaySeconds": -110,
        "DestinationStopID": 5516,
        "OriginStopID": 3000,
        "Direction": "Inbound",
        "nearestStop": "null",
        "Bearing": 0,
        "routeId": "52",
        "tripId": "Unnasigned"
    },
    "2247": {
        "RecordedAtTime": 0,
        "Lat": -41.2142639,
        "Long": 174.8319855,
        "DelaySeconds": -215,
        "DestinationStopID": 3081,
        "OriginStopID": 5000,
        "Direction": "Outbound",
        "nearestStop": "null",
        "Bearing": 0,
        "routeId": "52",
        "tripId": "Unnasigned"
    },
    "2497": {
        "RecordedAtTime": 0,
        "Lat": -41.2228966,
        "Long": 174.8050842,
        "DelaySeconds": 56,
        "DestinationStopID": 5516,
        "OriginStopID": 3000,
        "Direction": "Inbound",
        "nearestStop": "null",
        "Bearing": 0,
        "routeId": "52",
        "tripId": "Unnasigned"
    },
    "3746": {
        "RecordedAtTime": 0,
        "Lat": -41.3053703,
        "Long": 174.7635803,
        "DelaySeconds": 0,
        "DestinationStopID": 7720,
        "OriginStopID": 7774,
        "Direction": "Inbound",
        "nearestStop": "null",
        "Bearing": 0,
        "routeId": "17",
        "tripId": "Unnasigned"
    }
}