{
    "3970": {
        "RecordedAtTime": 0,
        "Lat": -41.3407402,
        "Long": 174.7853699,
        "DelaySeconds": 0,
        "DestinationStopID": 5016,
        "OriginStopID": 7937,
        "Direction": "Inbound",
        "nearestStop": "null",
        "Bearing": 0,
        "routeId": "23e",
        "tripId": "Unnasigned"
    },
    "1515": {
        "RecordedAtTime": 0,
        "Lat": -41.2962799,
        "Long": 174.7948151,
        "DelaySeconds": 14,
        "DestinationStopID": 6224,
        "OriginStopID": 5516,
        "Direction": "Outbound",
        "nearestStop": "null",
        "Bearing": 0,
        "routeId": "20",
        "tripId": "Unnasigned"
    },
    "3874": {
        "RecordedAtTime": 0,
        "Lat": -41.2121887,
        "Long": 174.8103027,
        "DelaySeconds": 19,
        "DestinationStopID": 5520,
        "OriginStopID": 3000,
        "Direction": "Outbound",
        "nearestStop": "null",
        "Bearing": 0,
        "routeId": "19e",
        "tripId": "Unnasigned"
    },
    "2537": {
        "RecordedAtTime": 0,
        "Lat": -41.2292557,
        "Long": 174.8238831,
        "DelaySeconds": 6,
        "DestinationStopID": 5516,
        "OriginStopID": 3760,
        "Direction": "Inbound",
        "nearestStop": "null",
        "Bearing": 0,
        "routeId": "58",
        "tripId": "Unnasigned"
    },
    "3739": {
        "RecordedAtTime": 0,
        "Lat": -41.3236046,
        "Long": 174.7635193,
        "DelaySeconds": 0,
        "DestinationStopID": 6730,
        "OriginStopID": 7937,
        "Direction": "Inbound",
        "nearestStop": "null",
        "Bearing": 0,
        "routeId": "23",
        "tripId": "Unnasigned"
    },
    "3851": {
        "RecordedAtTime": 0,
        "Lat": -41.3049965,
        "Long": 174.7633057,
        "DelaySeconds": 126,
        "DestinationStopID": 5016,
        "OriginStopID": 6733,
        "Direction": "Inbound",
        "nearestStop": "null",
        "Bearing": 0,
        "routeId": "7",
        "tripId": "Unnasigned"
    },
    "3936": {
        "RecordedAtTime": 0,
        "Lat": -41.3007927,
        "Long": 174.7693024,
        "DelaySeconds": -45,
        "DestinationStopID": 6733,
        "OriginStopID": 6000,
        "Direction": "Outbound",
        "nearestStop": "null",
        "Bearing": 0,
        "routeId": "7",
        "tripId": "Unnasigned"
    },
    "3965": {
        "RecordedAtTime": 0,
        "Lat": -41.3233871,
        "Long": 174.7635651,
        "DelaySeconds": 0,
        "DestinationStopID": 5016,
        "OriginStopID": 6733,
        "Direction": "Inbound",
        "nearestStop": "null",
        "Bearing": 0,
        "routeId": "7",
        "tripId": "Unnasigned"
    },
    "3819": {
        "RecordedAtTime": 0,
        "Lat": -41.2961159,
        "Long": 174.7703857,
        "DelaySeconds": 167,
        "DestinationStopID": 4419,
        "OriginStopID": 4947,
        "Direction": "Outbound",
        "nearestStop": "null",
        "Bearing": 0,
        "routeId": "25",
        "tripId": "Unnasigned"
    },
    "3902": {
        "RecordedAtTime": 0,
        "Lat": -41.2537117,
        "Long": 174.78685,
        "DelaySeconds": 110,
        "DestinationStopID": 4947,
        "OriginStopID": 4419,
        "Direction": "Inbound",
        "nearestStop": "null",
        "Bearing": 0,
        "routeId": "25",
        "tripId": "Unnasigned"
    },
    "2529": {
        "RecordedAtTime": 0,
        "Lat": -41.2314644,
        "Long": 174.8121796,
        "DelaySeconds": -80,
        "DestinationStopID": 5516,
        "OriginStopID": 3710,
        "Direction": "Inbound",
        "nearestStop": "null",
        "Bearing": 0,
        "routeId": "57",
        "tripId": "Unnasigned"
    },
    "1653": {
        "RecordedAtTime": 0,
        "Lat": -41.290966,
        "Long": 174.7962341,
        "DelaySeconds": -22,
        "DestinationStopID": 4136,
        "OriginStopID": 7557,
        "Direction": "Outbound",
        "nearestStop": "null",
        "Bearing": 0,
        "routeId": "14",
        "tripId": "Unnasigned"
    },
    "1692": {
        "RecordedAtTime": 0,
        "Lat": -41.2753029,
        "Long": 174.7796936,
        "DelaySeconds": -6,
        "DestinationStopID": 7557,
        "OriginStopID": 4136,
        "Direction": "Inbound",
        "nearestStop": "null",
        "Bearing": 0,
        "routeId": "14",
        "tripId": "Unnasigned"
    },
    "1132": {
        "RecordedAtTime": 0,
        "Lat": -41.3176308,
        "Long": 174.7938538,
        "DelaySeconds": 67,
        "DestinationStopID": 5016,
        "OriginStopID": 7338,
        "Direction": "Inbound",
        "nearestStop": "null",
        "Bearing": 0,
        "routeId": "3",
        "tripId": "Unnasigned"
    },
    "1390": {
        "RecordedAtTime": 0,
        "Lat": -41.3376312,
        "Long": 174.7921906,
        "DelaySeconds": 0,
        "DestinationStopID": 5016,
        "OriginStopID": 7338,
        "Direction": "Inbound",
        "nearestStop": "null",
        "Bearing": 0,
        "routeId": "3",
        "tripId": "Unnasigned"
    },
    "1525": {
        "RecordedAtTime": 0,
        "Lat": -41.2862816,
        "Long": 174.7762146,
        "DelaySeconds": 164,
        "DestinationStopID": 5016,
        "OriginStopID": 7338,
        "Direction": "Inbound",
        "nearestStop": "null",
        "Bearing": 0,
        "routeId": "3",
        "tripId": "Unnasigned"
    },
    "3872": {
        "RecordedAtTime": 0,
        "Lat": -41.3272171,
        "Long": 174.7745514,
        "DelaySeconds": -371,
        "DestinationStopID": 6158,
        "OriginStopID": 3297,
        "Direction": "Inbound",
        "nearestStop": "null",
        "Bearing": 0,
        "routeId": "1",
        "tripId": "Unnasigned"
    },
    "3919": {
        "RecordedAtTime": 0,
        "Lat": -41.2574043,
        "Long": 174.7933044,
        "DelaySeconds": 102,
        "DestinationStopID": 3451,
        "OriginStopID": 7158,
        "Direction": "Outbound",
        "nearestStop": "null",
        "Bearing": 0,
        "routeId": "1",
        "tripId": "Unnasigned"
    },
    "3941": {
        "RecordedAtTime": 0,
        "Lat": -41.2846756,
        "Long": 174.775589,
        "DelaySeconds": -116,
        "DestinationStopID": 6158,
        "OriginStopID": 3050,
        "Direction": "Inbound",
        "nearestStop": "null",
        "Bearing": 0,
        "routeId": "1",
        "tripId": "Unnasigned"
    },
    "3950": {
        "RecordedAtTime": 0,
        "Lat": -41.2472687,
        "Long": 174.813385,
        "DelaySeconds": 91,
        "DestinationStopID": 6158,
        "OriginStopID": 3297,
        "Direction": "Inbound",
        "nearestStop": "null",
        "Bearing": 0,
        "routeId": "1",
        "tripId": "Unnasigned"
    },
    "3951": {
        "RecordedAtTime": 0,
        "Lat": -41.3013344,
        "Long": 174.7796936,
        "DelaySeconds": 180,
        "DestinationStopID": 3279,
        "OriginStopID": 7158,
        "Direction": "Outbound",
        "nearestStop": "null",
        "Bearing": 0,
        "routeId": "1",
        "tripId": "Unnasigned"
    },
    "3955": {
        "RecordedAtTime": 0,
        "Lat": -41.2938347,
        "Long": 174.7828064,
        "DelaySeconds": -8,
        "DestinationStopID": 6158,
        "OriginStopID": 3451,
        "Direction": "Inbound",
        "nearestStop": "null",
        "Bearing": 0,
        "routeId": "1",
        "tripId": "Unnasigned"
    },
    "3958": {
        "RecordedAtTime": 0,
        "Lat": -41.2224197,
        "Long": 174.7977905,
        "DelaySeconds": -60,
        "DestinationStopID": 6158,
        "OriginStopID": 3050,
        "Direction": "Inbound",
        "nearestStop": "null",
        "Bearing": 0,
        "routeId": "1",
        "tripId": "Unnasigned"
    },
    "3959": {
        "RecordedAtTime": 0,
        "Lat": -41.2211685,
        "Long": 174.808548,
        "DelaySeconds": -14,
        "DestinationStopID": 6158,
        "OriginStopID": 3451,
        "Direction": "Inbound",
        "nearestStop": "null",
        "Bearing": 0,
        "routeId": "1",
        "tripId": "Unnasigned"
    },
    "3962": {
        "RecordedAtTime": 0,
        "Lat": -41.1926422,
        "Long": 174.8083038,
        "DelaySeconds": 0,
        "DestinationStopID": 3279,
        "OriginStopID": 7158,
        "Direction": "Outbound",
        "nearestStop": "null",
        "Bearing": 0,
        "routeId": "1",
        "tripId": "Unnasigned"
    },
    "3968": {
        "RecordedAtTime": 0,
        "Lat": -41.342968,
        "Long": 174.7703094,
        "DelaySeconds": 0,
        "DestinationStopID": 3451,
        "OriginStopID": 7158,
        "Direction": "Outbound",
        "nearestStop": "null",
        "Bearing": 0,
        "routeId": "1",
        "tripId": "Unnasigned"
    },
    "1409": {
        "RecordedAtTime": 0,
        "Lat": -41.2823181,
        "Long": 174.7525024,
        "DelaySeconds": 4,
        "DestinationStopID": 5332,
        "OriginStopID": 7042,
        "Direction": "Outbound",
        "nearestStop": "null",
        "Bearing": 0,
        "routeId": "2",
        "tripId": "Unnasigned"
    },
    "1420": {
        "RecordedAtTime": 0,
        "Lat": -41.2870903,
        "Long": 174.7548828,
        "DelaySeconds": 129,
        "DestinationStopID": 7042,
        "OriginStopID": 4332,
        "Direction": "Inbound",
        "nearestStop": "null",
        "Bearing": 0,
        "routeId": "2",
        "tripId": "Unnasigned"
    },
    "1511": {
        "RecordedAtTime": 0,
        "Lat": -41.3252907,
        "Long": 174.8123016,
        "DelaySeconds": -188,
        "DestinationStopID": 7042,
        "OriginStopID": 4332,
        "Direction": "Inbound",
        "nearestStop": "null",
        "Bearing": 0,
        "routeId": "2",
        "tripId": "Unnasigned"
    },
    "1541": {
        "RecordedAtTime": 0,
        "Lat": -41.2922516,
        "Long": 174.7787628,
        "DelaySeconds": 84,
        "DestinationStopID": 7042,
        "OriginStopID": 4332,
        "Direction": "Inbound",
        "nearestStop": "null",
        "Bearing": 0,
        "routeId": "2",
        "tripId": "Unnasigned"
    },
    "1578": {
        "RecordedAtTime": 0,
        "Lat": -41.2952003,
        "Long": 174.7831268,
        "DelaySeconds": 275,
        "DestinationStopID": 5332,
        "OriginStopID": 7042,
        "Direction": "Outbound",
        "nearestStop": "null",
        "Bearing": 0,
        "routeId": "2",
        "tripId": "Unnasigned"
    },
    "1637": {
        "RecordedAtTime": 0,
        "Lat": -41.3147163,
        "Long": 174.8116302,
        "DelaySeconds": 166,
        "DestinationStopID": 5332,
        "OriginStopID": 7042,
        "Direction": "Outbound",
        "nearestStop": "null",
        "Bearing": 0,
        "routeId": "2",
        "tripId": "Unnasigned"
    },
    "3735": {
        "RecordedAtTime": 0,
        "Lat": -41.3091927,
        "Long": 174.7586212,
        "DelaySeconds": 0,
        "DestinationStopID": 7720,
        "OriginStopID": 7746,
        "Direction": "Inbound",
        "nearestStop": "null",
        "Bearing": 0,
        "routeId": "29",
        "tripId": "Unnasigned"
    },
    "3746": {
        "RecordedAtTime": 0,
        "Lat": -41.3283997,
        "Long": 174.7796326,
        "DelaySeconds": -18,
        "DestinationStopID": 7746,
        "OriginStopID": 6960,
        "Direction": "Outbound",
        "nearestStop": "null",
        "Bearing": 0,
        "routeId": "29",
        "tripId": "Unnasigned"
    },
    "3749": {
        "RecordedAtTime": 0,
        "Lat": -41.3051987,
        "Long": 174.7653656,
        "DelaySeconds": 0,
        "DestinationStopID": 7746,
        "OriginStopID": 7720,
        "Direction": "Outbound",
        "nearestStop": "null",
        "Bearing": 0,
        "routeId": "29",
        "tripId": "Unnasigned"
    },
    "1303": {
        "RecordedAtTime": 0,
        "Lat": -41.2792549,
        "Long": 174.7703705,
        "DelaySeconds": 0,
        "DestinationStopID": 5016,
        "OriginStopID": 4936,
        "Direction": "Inbound",
        "nearestStop": "null",
        "Bearing": 0,
        "routeId": "22",
        "tripId": "Unnasigned"
    },
    "1118": {
        "RecordedAtTime": 0,
        "Lat": -41.3344765,
        "Long": 174.8179321,
        "DelaySeconds": 4,
        "DestinationStopID": 7224,
        "OriginStopID": 7099,
        "Direction": "Inbound",
        "nearestStop": "null",
        "Bearing": 0,
        "routeId": "12",
        "tripId": "Unnasigned"
    },
    "1573": {
        "RecordedAtTime": 0,
        "Lat": -41.3188019,
        "Long": 174.8006439,
        "DelaySeconds": 0,
        "DestinationStopID": 7224,
        "OriginStopID": 7099,
        "Direction": "Inbound",
        "nearestStop": "null",
        "Bearing": 0,
        "routeId": "12",
        "tripId": "Unnasigned"
    },
    "2550": {
        "RecordedAtTime": 0,
        "Lat": -41.3120842,
        "Long": 174.7935791,
        "DelaySeconds": 124,
        "DestinationStopID": 5016,
        "OriginStopID": 7246,
        "Direction": "Inbound",
        "nearestStop": "null",
        "Bearing": 0,
        "routeId": "31x",
        "tripId": "Unnasigned"
    },
    "3910": {
        "RecordedAtTime": 0,
        "Lat": -41.2778282,
        "Long": 174.7802887,
        "DelaySeconds": 120,
        "DestinationStopID": 4419,
        "OriginStopID": 5520,
        "Direction": "Outbound",
        "nearestStop": "null",
        "Bearing": 0,
        "routeId": "26",
        "tripId": "Unnasigned"
    },
    "2196": {
        "RecordedAtTime": 0,
        "Lat": -41.2478981,
        "Long": 174.8127136,
        "DelaySeconds": 88,
        "DestinationStopID": 5516,
        "OriginStopID": 3000,
        "Direction": "Inbound",
        "nearestStop": "null",
        "Bearing": 0,
        "routeId": "56",
        "tripId": "Unnasigned"
    },
    "1673": {
        "RecordedAtTime": 0,
        "Lat": -41.3105659,
        "Long": 174.8300934,
        "DelaySeconds": -32,
        "DestinationStopID": 5016,
        "OriginStopID": 7072,
        "Direction": "Inbound",
        "nearestStop": "null",
        "Bearing": 0,
        "routeId": "30x",
        "tripId": "Unnasigned"
    },
    "3810": {
        "RecordedAtTime": 0,
        "Lat": -41.3162231,
        "Long": 174.8161469,
        "DelaySeconds": 1,
        "DestinationStopID": 3250,
        "OriginStopID": 6081,
        "Direction": "Outbound",
        "nearestStop": "null",
        "Bearing": 0,
        "routeId": "24",
        "tripId": "Unnasigned"
    },
    "3833": {
        "RecordedAtTime": 0,
        "Lat": -41.2373238,
        "Long": 174.7965546,
        "DelaySeconds": 131,
        "DestinationStopID": 7083,
        "OriginStopID": 3081,
        "Direction": "Inbound",
        "nearestStop": "null",
        "Bearing": 0,
        "routeId": "24",
        "tripId": "Unnasigned"
    },
    "3834": {
        "RecordedAtTime": 0,
        "Lat": -41.2742348,
        "Long": 174.7835693,
        "DelaySeconds": -58,
        "DestinationStopID": 7083,
        "OriginStopID": 3081,
        "Direction": "Inbound",
        "nearestStop": "null",
        "Bearing": 0,
        "routeId": "24",
        "tripId": "Unnasigned"
    },
    "3917": {
        "RecordedAtTime": 0,
        "Lat": -41.2926483,
        "Long": 174.8026123,
        "DelaySeconds": 9,
        "DestinationStopID": 3250,
        "OriginStopID": 6081,
        "Direction": "Outbound",
        "nearestStop": "null",
        "Bearing": 0,
        "routeId": "24",
        "tripId": "Unnasigned"
    },
    "2064": {
        "RecordedAtTime": 0,
        "Lat": -41.2870026,
        "Long": 174.757019,
        "DelaySeconds": 123,
        "DestinationStopID": 5516,
        "OriginStopID": 4396,
        "Direction": "Inbound",
        "nearestStop": "null",
        "Bearing": 0,
        "routeId": "21",
        "tripId": "Unnasigned"
    },
    "2485": {
        "RecordedAtTime": 0,
        "Lat": -41.2787285,
        "Long": 174.7786407,
        "DelaySeconds": 135,
        "DestinationStopID": 5516,
        "OriginStopID": 3000,
        "Direction": "Inbound",
        "nearestStop": "null",
        "Bearing": 0,
        "routeId": "52",
        "tripId": "Unnasigned"
    }
}