{
    "3921": {
        "RecordedAtTime": 0,
        "Lat": -41.3189926,
        "Long": 174.7835999,
        "DelaySeconds": 0,
        "DestinationStopID": 5016,
        "OriginStopID": 7923,
        "Direction": "Inbound",
        "nearestStop": "null",
        "Bearing": 0,
        "routeId": "23e",
        "tripId": "Unnasigned"
    },
    "3944": {
        "RecordedAtTime": 0,
        "Lat": -41.3015556,
        "Long": 174.7796021,
        "DelaySeconds": 191,
        "DestinationStopID": 5016,
        "OriginStopID": 7937,
        "Direction": "Inbound",
        "nearestStop": "null",
        "Bearing": 0,
        "routeId": "23e",
        "tripId": "Unnasigned"
    },
    "3949": {
        "RecordedAtTime": 0,
        "Lat": -41.2841454,
        "Long": 174.7756042,
        "DelaySeconds": 354,
        "DestinationStopID": 5016,
        "OriginStopID": 7937,
        "Direction": "Inbound",
        "nearestStop": "null",
        "Bearing": 0,
        "routeId": "23e",
        "tripId": "Unnasigned"
    },
    "3957": {
        "RecordedAtTime": 0,
        "Lat": -41.3014374,
        "Long": 174.7796783,
        "DelaySeconds": 69,
        "DestinationStopID": 5016,
        "OriginStopID": 7923,
        "Direction": "Inbound",
        "nearestStop": "null",
        "Bearing": 0,
        "routeId": "23e",
        "tripId": "Unnasigned"
    },
    "3964": {
        "RecordedAtTime": 0,
        "Lat": -41.2919426,
        "Long": 174.7780457,
        "DelaySeconds": 199,
        "DestinationStopID": 5016,
        "OriginStopID": 7923,
        "Direction": "Inbound",
        "nearestStop": "null",
        "Bearing": 0,
        "routeId": "23e",
        "tripId": "Unnasigned"
    },
    "3966": {
        "RecordedAtTime": 0,
        "Lat": -41.3404427,
        "Long": 174.7855377,
        "DelaySeconds": 0,
        "DestinationStopID": 5016,
        "OriginStopID": 7937,
        "Direction": "Inbound",
        "nearestStop": "null",
        "Bearing": 0,
        "routeId": "23e",
        "tripId": "Unnasigned"
    },
    "3050": {
        "RecordedAtTime": 0,
        "Lat": -41.3126526,
        "Long": 174.7880859,
        "DelaySeconds": 13,
        "DestinationStopID": 6224,
        "OriginStopID": 5516,
        "Direction": "Outbound",
        "nearestStop": "null",
        "Bearing": 0,
        "routeId": "20",
        "tripId": "Unnasigned"
    },
    "3314": {
        "RecordedAtTime": 0,
        "Lat": -41.2932739,
        "Long": 174.7992554,
        "DelaySeconds": 47,
        "DestinationStopID": 5000,
        "OriginStopID": 7026,
        "Direction": "Inbound",
        "nearestStop": "null",
        "Bearing": 0,
        "routeId": "20",
        "tripId": "Unnasigned"
    },
    "1132": {
        "RecordedAtTime": 0,
        "Lat": -41.2897034,
        "Long": 174.7752533,
        "DelaySeconds": -72,
        "DestinationStopID": 5016,
        "OriginStopID": 7338,
        "Direction": "Inbound",
        "nearestStop": "null",
        "Bearing": 0,
        "routeId": "36",
        "tripId": "Unnasigned"
    },
    "1133": {
        "RecordedAtTime": 0,
        "Lat": -41.2861824,
        "Long": 174.776535,
        "DelaySeconds": 240,
        "DestinationStopID": 5016,
        "OriginStopID": 7224,
        "Direction": "Inbound",
        "nearestStop": "null",
        "Bearing": 0,
        "routeId": "36",
        "tripId": "Unnasigned"
    },
    "1135": {
        "RecordedAtTime": 0,
        "Lat": -41.2925682,
        "Long": 174.7788544,
        "DelaySeconds": -5,
        "DestinationStopID": 5016,
        "OriginStopID": 7224,
        "Direction": "Inbound",
        "nearestStop": "null",
        "Bearing": 0,
        "routeId": "36",
        "tripId": "Unnasigned"
    },
    "1136": {
        "RecordedAtTime": 0,
        "Lat": -41.3126106,
        "Long": 174.7932434,
        "DelaySeconds": 31,
        "DestinationStopID": 5016,
        "OriginStopID": 7224,
        "Direction": "Inbound",
        "nearestStop": "null",
        "Bearing": 0,
        "routeId": "36",
        "tripId": "Unnasigned"
    },
    "1139": {
        "RecordedAtTime": 0,
        "Lat": -41.3173141,
        "Long": 174.7957153,
        "DelaySeconds": 0,
        "DestinationStopID": 5016,
        "OriginStopID": 7224,
        "Direction": "Inbound",
        "nearestStop": "null",
        "Bearing": 0,
        "routeId": "36",
        "tripId": "Unnasigned"
    },
    "2062": {
        "RecordedAtTime": 0,
        "Lat": -41.2795219,
        "Long": 174.7769318,
        "DelaySeconds": -49,
        "DestinationStopID": 5016,
        "OriginStopID": 7224,
        "Direction": "Inbound",
        "nearestStop": "null",
        "Bearing": 0,
        "routeId": "36",
        "tripId": "Unnasigned"
    },
    "2068": {
        "RecordedAtTime": 0,
        "Lat": -41.3275414,
        "Long": 174.7954102,
        "DelaySeconds": 93,
        "DestinationStopID": 5016,
        "OriginStopID": 7338,
        "Direction": "Inbound",
        "nearestStop": "null",
        "Bearing": 0,
        "routeId": "36",
        "tripId": "Unnasigned"
    },
    "3817": {
        "RecordedAtTime": 0,
        "Lat": -41.2830086,
        "Long": 174.7756042,
        "DelaySeconds": 0,
        "DestinationStopID": 5520,
        "OriginStopID": 3000,
        "Direction": "Outbound",
        "nearestStop": "null",
        "Bearing": 0,
        "routeId": "19e",
        "tripId": "Unnasigned"
    },
    "3916": {
        "RecordedAtTime": 0,
        "Lat": -41.2551079,
        "Long": 174.7988586,
        "DelaySeconds": 940,
        "DestinationStopID": 5520,
        "OriginStopID": 3000,
        "Direction": "Outbound",
        "nearestStop": "null",
        "Bearing": 0,
        "routeId": "19e",
        "tripId": "Unnasigned"
    },
    "3920": {
        "RecordedAtTime": 0,
        "Lat": -41.2259712,
        "Long": 174.8072052,
        "DelaySeconds": 116,
        "DestinationStopID": 5520,
        "OriginStopID": 3000,
        "Direction": "Outbound",
        "nearestStop": "null",
        "Bearing": 0,
        "routeId": "19e",
        "tripId": "Unnasigned"
    },
    "3924": {
        "RecordedAtTime": 0,
        "Lat": -41.2060814,
        "Long": 174.8038483,
        "DelaySeconds": -39,
        "DestinationStopID": 5520,
        "OriginStopID": 3000,
        "Direction": "Outbound",
        "nearestStop": "null",
        "Bearing": 0,
        "routeId": "19e",
        "tripId": "Unnasigned"
    },
    "2091": {
        "RecordedAtTime": 0,
        "Lat": -41.2793427,
        "Long": 174.7710876,
        "DelaySeconds": 0,
        "DestinationStopID": 5016,
        "OriginStopID": 7557,
        "Direction": "Inbound",
        "nearestStop": "null",
        "Bearing": 0,
        "routeId": "35",
        "tripId": "Unnasigned"
    },
    "3048": {
        "RecordedAtTime": 0,
        "Lat": -41.2932167,
        "Long": 174.7802124,
        "DelaySeconds": -61,
        "DestinationStopID": 5016,
        "OriginStopID": 7557,
        "Direction": "Inbound",
        "nearestStop": "null",
        "Bearing": 0,
        "routeId": "35",
        "tripId": "Unnasigned"
    },
    "2196": {
        "RecordedAtTime": 0,
        "Lat": -41.2888641,
        "Long": 174.7749023,
        "DelaySeconds": -85,
        "DestinationStopID": 5516,
        "OriginStopID": 3760,
        "Direction": "Inbound",
        "nearestStop": "null",
        "Bearing": 0,
        "routeId": "58",
        "tripId": "Unnasigned"
    },
    "2224": {
        "RecordedAtTime": 0,
        "Lat": -41.2561569,
        "Long": 174.795517,
        "DelaySeconds": 14,
        "DestinationStopID": 5516,
        "OriginStopID": 3760,
        "Direction": "Inbound",
        "nearestStop": "null",
        "Bearing": 0,
        "routeId": "58",
        "tripId": "Unnasigned"
    },
    "2247": {
        "RecordedAtTime": 0,
        "Lat": -41.2244263,
        "Long": 174.8210144,
        "DelaySeconds": -3,
        "DestinationStopID": 5516,
        "OriginStopID": 3760,
        "Direction": "Inbound",
        "nearestStop": "null",
        "Bearing": 0,
        "routeId": "58",
        "tripId": "Unnasigned"
    },
    "1352": {
        "RecordedAtTime": 0,
        "Lat": -41.293129,
        "Long": 174.7799072,
        "DelaySeconds": 5,
        "DestinationStopID": 5516,
        "OriginStopID": 8858,
        "Direction": "Inbound",
        "nearestStop": "null",
        "Bearing": 0,
        "routeId": "85x",
        "tripId": "Unnasigned"
    },
    "2288": {
        "RecordedAtTime": 0,
        "Lat": -41.2357407,
        "Long": 174.905304,
        "DelaySeconds": 344,
        "DestinationStopID": 5516,
        "OriginStopID": 8858,
        "Direction": "Inbound",
        "nearestStop": "null",
        "Bearing": 0,
        "routeId": "85x",
        "tripId": "Unnasigned"
    },
    "3735": {
        "RecordedAtTime": 0,
        "Lat": -41.3235359,
        "Long": 174.7636261,
        "DelaySeconds": 0,
        "DestinationStopID": 6746,
        "OriginStopID": 6730,
        "Direction": "Outbound",
        "nearestStop": "null",
        "Bearing": 0,
        "routeId": "23",
        "tripId": "Unnasigned"
    },
    "3739": {
        "RecordedAtTime": 0,
        "Lat": -41.3340912,
        "Long": 174.789093,
        "DelaySeconds": 119,
        "DestinationStopID": 6937,
        "OriginStopID": 6730,
        "Direction": "Outbound",
        "nearestStop": "null",
        "Bearing": 0,
        "routeId": "23",
        "tripId": "Unnasigned"
    },
    "3748": {
        "RecordedAtTime": 0,
        "Lat": -41.3140793,
        "Long": 174.7799072,
        "DelaySeconds": 147,
        "DestinationStopID": 6730,
        "OriginStopID": 7937,
        "Direction": "Inbound",
        "nearestStop": "null",
        "Bearing": 0,
        "routeId": "23",
        "tripId": "Unnasigned"
    },
    "3851": {
        "RecordedAtTime": 0,
        "Lat": -41.2969093,
        "Long": 174.7703857,
        "DelaySeconds": 307,
        "DestinationStopID": 6733,
        "OriginStopID": 6000,
        "Direction": "Outbound",
        "nearestStop": "null",
        "Bearing": 0,
        "routeId": "7",
        "tripId": "Unnasigned"
    },
    "3935": {
        "RecordedAtTime": 0,
        "Lat": -41.2783051,
        "Long": 174.7793579,
        "DelaySeconds": 0,
        "DestinationStopID": 5016,
        "OriginStopID": 6733,
        "Direction": "Inbound",
        "nearestStop": "null",
        "Bearing": 0,
        "routeId": "7",
        "tripId": "Unnasigned"
    },
    "3936": {
        "RecordedAtTime": 0,
        "Lat": -41.3047714,
        "Long": 174.763382,
        "DelaySeconds": 466,
        "DestinationStopID": 5016,
        "OriginStopID": 6733,
        "Direction": "Inbound",
        "nearestStop": "null",
        "Bearing": 0,
        "routeId": "7",
        "tripId": "Unnasigned"
    },
    "3940": {
        "RecordedAtTime": 0,
        "Lat": -41.3055954,
        "Long": 174.7667389,
        "DelaySeconds": 127,
        "DestinationStopID": 5016,
        "OriginStopID": 6733,
        "Direction": "Inbound",
        "nearestStop": "null",
        "Bearing": 0,
        "routeId": "7",
        "tripId": "Unnasigned"
    },
    "3946": {
        "RecordedAtTime": 0,
        "Lat": -41.2577744,
        "Long": 174.7927856,
        "DelaySeconds": 0,
        "DestinationStopID": 5016,
        "OriginStopID": 6733,
        "Direction": "Inbound",
        "nearestStop": "null",
        "Bearing": 0,
        "routeId": "7",
        "tripId": "Unnasigned"
    },
    "3955": {
        "RecordedAtTime": 0,
        "Lat": -41.2842064,
        "Long": 174.7753296,
        "DelaySeconds": 121,
        "DestinationStopID": 6733,
        "OriginStopID": 6000,
        "Direction": "Outbound",
        "nearestStop": "null",
        "Bearing": 0,
        "routeId": "7",
        "tripId": "Unnasigned"
    },
    "3965": {
        "RecordedAtTime": 0,
        "Lat": -41.3233871,
        "Long": 174.7635803,
        "DelaySeconds": 0,
        "DestinationStopID": 5016,
        "OriginStopID": 6733,
        "Direction": "Inbound",
        "nearestStop": "null",
        "Bearing": 0,
        "routeId": "7",
        "tripId": "Unnasigned"
    },
    "3970": {
        "RecordedAtTime": 0,
        "Lat": -41.2830505,
        "Long": 174.775528,
        "DelaySeconds": -257,
        "DestinationStopID": 5016,
        "OriginStopID": 6733,
        "Direction": "Inbound",
        "nearestStop": "null",
        "Bearing": 0,
        "routeId": "7",
        "tripId": "Unnasigned"
    },
    "3972": {
        "RecordedAtTime": 0,
        "Lat": -41.3233376,
        "Long": 174.7635345,
        "DelaySeconds": 0,
        "DestinationStopID": 6733,
        "OriginStopID": 6000,
        "Direction": "Outbound",
        "nearestStop": "null",
        "Bearing": 0,
        "routeId": "7",
        "tripId": "Unnasigned"
    },
    "3819": {
        "RecordedAtTime": 0,
        "Lat": -41.2924156,
        "Long": 174.7548981,
        "DelaySeconds": 4,
        "DestinationStopID": 4419,
        "OriginStopID": 4947,
        "Direction": "Outbound",
        "nearestStop": "null",
        "Bearing": 0,
        "routeId": "25",
        "tripId": "Unnasigned"
    },
    "3838": {
        "RecordedAtTime": 0,
        "Lat": -41.2950592,
        "Long": 174.7724457,
        "DelaySeconds": 417,
        "DestinationStopID": 4947,
        "OriginStopID": 4419,
        "Direction": "Inbound",
        "nearestStop": "null",
        "Bearing": 0,
        "routeId": "25",
        "tripId": "Unnasigned"
    },
    "3839": {
        "RecordedAtTime": 0,
        "Lat": -41.2961006,
        "Long": 174.770401,
        "DelaySeconds": 163,
        "DestinationStopID": 4419,
        "OriginStopID": 4947,
        "Direction": "Outbound",
        "nearestStop": "null",
        "Bearing": 0,
        "routeId": "25",
        "tripId": "Unnasigned"
    },
    "3845": {
        "RecordedAtTime": 0,
        "Lat": -41.2758827,
        "Long": 174.7821808,
        "DelaySeconds": 359,
        "DestinationStopID": 4419,
        "OriginStopID": 4947,
        "Direction": "Outbound",
        "nearestStop": "null",
        "Bearing": 0,
        "routeId": "25",
        "tripId": "Unnasigned"
    },
    "3873": {
        "RecordedAtTime": 0,
        "Lat": -41.2566757,
        "Long": 174.7753906,
        "DelaySeconds": 650,
        "DestinationStopID": 6708,
        "OriginStopID": 4419,
        "Direction": "Inbound",
        "nearestStop": "null",
        "Bearing": 0,
        "routeId": "25",
        "tripId": "Unnasigned"
    },
    "3902": {
        "RecordedAtTime": 0,
        "Lat": -41.2473221,
        "Long": 174.7910004,
        "DelaySeconds": 0,
        "DestinationStopID": 4419,
        "OriginStopID": 4947,
        "Direction": "Outbound",
        "nearestStop": "null",
        "Bearing": 0,
        "routeId": "25",
        "tripId": "Unnasigned"
    },
    "3917": {
        "RecordedAtTime": 0,
        "Lat": -41.2799377,
        "Long": 174.776413,
        "DelaySeconds": 354,
        "DestinationStopID": 6708,
        "OriginStopID": 4419,
        "Direction": "Inbound",
        "nearestStop": "null",
        "Bearing": 0,
        "routeId": "25",
        "tripId": "Unnasigned"
    },
    "3931": {
        "RecordedAtTime": 0,
        "Lat": -41.2558975,
        "Long": 174.7727966,
        "DelaySeconds": 98,
        "DestinationStopID": 4947,
        "OriginStopID": 4419,
        "Direction": "Inbound",
        "nearestStop": "null",
        "Bearing": 0,
        "routeId": "25",
        "tripId": "Unnasigned"
    },
    "1764": {
        "RecordedAtTime": 0,
        "Lat": -41.292244,
        "Long": 174.7821808,
        "DelaySeconds": 0,
        "DestinationStopID": 5516,
        "OriginStopID": 3710,
        "Direction": "Inbound",
        "nearestStop": "null",
        "Bearing": 0,
        "routeId": "57",
        "tripId": "Unnasigned"
    },
    "2166": {
        "RecordedAtTime": 0,
        "Lat": -41.2650185,
        "Long": 174.7840881,
        "DelaySeconds": 58,
        "DestinationStopID": 5516,
        "OriginStopID": 3710,
        "Direction": "Inbound",
        "nearestStop": "null",
        "Bearing": 0,
        "routeId": "57",
        "tripId": "Unnasigned"
    },
    "2168": {
        "RecordedAtTime": 0,
        "Lat": -41.2937584,
        "Long": 174.7824097,
        "DelaySeconds": 0,
        "DestinationStopID": 5516,
        "OriginStopID": 3710,
        "Direction": "Inbound",
        "nearestStop": "null",
        "Bearing": 0,
        "routeId": "57",
        "tripId": "Unnasigned"
    },
    "2484": {
        "RecordedAtTime": 0,
        "Lat": -41.2333984,
        "Long": 174.8079224,
        "DelaySeconds": 32,
        "DestinationStopID": 5516,
        "OriginStopID": 3710,
        "Direction": "Inbound",
        "nearestStop": "null",
        "Bearing": 0,
        "routeId": "57",
        "tripId": "Unnasigned"
    },
    "2537": {
        "RecordedAtTime": 0,
        "Lat": -41.2697029,
        "Long": 174.7812195,
        "DelaySeconds": -46,
        "DestinationStopID": 5516,
        "OriginStopID": 3710,
        "Direction": "Inbound",
        "nearestStop": "null",
        "Bearing": 0,
        "routeId": "57",
        "tripId": "Unnasigned"
    },
    "2544": {
        "RecordedAtTime": 0,
        "Lat": -41.2399216,
        "Long": 174.8083801,
        "DelaySeconds": -31,
        "DestinationStopID": 5516,
        "OriginStopID": 3710,
        "Direction": "Inbound",
        "nearestStop": "null",
        "Bearing": 0,
        "routeId": "57",
        "tripId": "Unnasigned"
    },
    "3872": {
        "RecordedAtTime": 0,
        "Lat": -41.3375473,
        "Long": 174.7740631,
        "DelaySeconds": -14,
        "DestinationStopID": 5016,
        "OriginStopID": 6960,
        "Direction": "Outbound",
        "nearestStop": "null",
        "Bearing": 0,
        "routeId": "29e",
        "tripId": "Unnasigned"
    },
    "3895": {
        "RecordedAtTime": 0,
        "Lat": -41.3430405,
        "Long": 174.7623291,
        "DelaySeconds": 239,
        "DestinationStopID": 5016,
        "OriginStopID": 7746,
        "Direction": "Inbound",
        "nearestStop": "null",
        "Bearing": 0,
        "routeId": "29e",
        "tripId": "Unnasigned"
    },
    "3907": {
        "RecordedAtTime": 0,
        "Lat": -41.3075981,
        "Long": 174.7750549,
        "DelaySeconds": 0,
        "DestinationStopID": 5016,
        "OriginStopID": 7746,
        "Direction": "Inbound",
        "nearestStop": "null",
        "Bearing": 0,
        "routeId": "29e",
        "tripId": "Unnasigned"
    },
    "3923": {
        "RecordedAtTime": 0,
        "Lat": -41.2796516,
        "Long": 174.776886,
        "DelaySeconds": 88,
        "DestinationStopID": 5016,
        "OriginStopID": 7746,
        "Direction": "Inbound",
        "nearestStop": "null",
        "Bearing": 0,
        "routeId": "29e",
        "tripId": "Unnasigned"
    },
    "3932": {
        "RecordedAtTime": 0,
        "Lat": -41.294796,
        "Long": 174.7832031,
        "DelaySeconds": 99,
        "DestinationStopID": 5016,
        "OriginStopID": 6960,
        "Direction": "Outbound",
        "nearestStop": "null",
        "Bearing": 0,
        "routeId": "29e",
        "tripId": "Unnasigned"
    },
    "1112": {
        "RecordedAtTime": 0,
        "Lat": -41.2686234,
        "Long": 174.7590485,
        "DelaySeconds": 486,
        "DestinationStopID": 7557,
        "OriginStopID": 4136,
        "Direction": "Inbound",
        "nearestStop": "null",
        "Bearing": 0,
        "routeId": "14",
        "tripId": "Unnasigned"
    },
    "1241": {
        "RecordedAtTime": 0,
        "Lat": -41.3106651,
        "Long": 174.7932739,
        "DelaySeconds": 0,
        "DestinationStopID": 7557,
        "OriginStopID": 4136,
        "Direction": "Inbound",
        "nearestStop": "null",
        "Bearing": 0,
        "routeId": "14",
        "tripId": "Unnasigned"
    },
    "1427": {
        "RecordedAtTime": 0,
        "Lat": -41.3040314,
        "Long": 174.7942505,
        "DelaySeconds": 0,
        "DestinationStopID": 7557,
        "OriginStopID": 4136,
        "Direction": "Inbound",
        "nearestStop": "null",
        "Bearing": 0,
        "routeId": "14",
        "tripId": "Unnasigned"
    },
    "2063": {
        "RecordedAtTime": 0,
        "Lat": -41.2946587,
        "Long": 174.783371,
        "DelaySeconds": 0,
        "DestinationStopID": 5516,
        "OriginStopID": 4136,
        "Direction": "Inbound",
        "nearestStop": "null",
        "Bearing": 0,
        "routeId": "14",
        "tripId": "Unnasigned"
    },
    "2092": {
        "RecordedAtTime": 0,
        "Lat": -41.2726784,
        "Long": 174.7781219,
        "DelaySeconds": 64,
        "DestinationStopID": 5516,
        "OriginStopID": 4136,
        "Direction": "Inbound",
        "nearestStop": "null",
        "Bearing": 0,
        "routeId": "14",
        "tripId": "Unnasigned"
    },
    "2262": {
        "RecordedAtTime": 0,
        "Lat": -41.2911453,
        "Long": 174.7920685,
        "DelaySeconds": 169,
        "DestinationStopID": 4139,
        "OriginStopID": 7557,
        "Direction": "Outbound",
        "nearestStop": "null",
        "Bearing": 0,
        "routeId": "14",
        "tripId": "Unnasigned"
    },
    "2633": {
        "RecordedAtTime": 0,
        "Lat": -41.275795,
        "Long": 174.777832,
        "DelaySeconds": 244,
        "DestinationStopID": 4136,
        "OriginStopID": 7557,
        "Direction": "Outbound",
        "nearestStop": "null",
        "Bearing": 0,
        "routeId": "14",
        "tripId": "Unnasigned"
    },
    "3045": {
        "RecordedAtTime": 0,
        "Lat": -41.2735176,
        "Long": 174.778595,
        "DelaySeconds": 517,
        "DestinationStopID": 7557,
        "OriginStopID": 4136,
        "Direction": "Inbound",
        "nearestStop": "null",
        "Bearing": 0,
        "routeId": "14",
        "tripId": "Unnasigned"
    },
    "3312": {
        "RecordedAtTime": 0,
        "Lat": -41.2684364,
        "Long": 174.7563477,
        "DelaySeconds": 50,
        "DestinationStopID": 4136,
        "OriginStopID": 7557,
        "Direction": "Outbound",
        "nearestStop": "null",
        "Bearing": 0,
        "routeId": "14",
        "tripId": "Unnasigned"
    },
    "1306": {
        "RecordedAtTime": 0,
        "Lat": -41.2990074,
        "Long": 174.7752075,
        "DelaySeconds": 356,
        "DestinationStopID": 6241,
        "OriginStopID": 4332,
        "Direction": "Outbound",
        "nearestStop": "null",
        "Bearing": 0,
        "routeId": "18e",
        "tripId": "Unnasigned"
    },
    "1392": {
        "RecordedAtTime": 0,
        "Lat": -41.3177376,
        "Long": 174.793869,
        "DelaySeconds": 189,
        "DestinationStopID": 5332,
        "OriginStopID": 7241,
        "Direction": "Inbound",
        "nearestStop": "null",
        "Bearing": 0,
        "routeId": "18e",
        "tripId": "Unnasigned"
    },
    "1673": {
        "RecordedAtTime": 0,
        "Lat": -41.2830582,
        "Long": 174.7436218,
        "DelaySeconds": 319,
        "DestinationStopID": 6241,
        "OriginStopID": 4332,
        "Direction": "Outbound",
        "nearestStop": "null",
        "Bearing": 0,
        "routeId": "18e",
        "tripId": "Unnasigned"
    },
    "2065": {
        "RecordedAtTime": 0,
        "Lat": -41.3066406,
        "Long": 174.8259125,
        "DelaySeconds": 274,
        "DestinationStopID": 6241,
        "OriginStopID": 4332,
        "Direction": "Outbound",
        "nearestStop": "null",
        "Bearing": 0,
        "routeId": "18e",
        "tripId": "Unnasigned"
    },
    "2097": {
        "RecordedAtTime": 0,
        "Lat": -41.287632,
        "Long": 174.7685852,
        "DelaySeconds": -112,
        "DestinationStopID": 5332,
        "OriginStopID": 7241,
        "Direction": "Inbound",
        "nearestStop": "null",
        "Bearing": 0,
        "routeId": "18e",
        "tripId": "Unnasigned"
    },
    "2270": {
        "RecordedAtTime": 0,
        "Lat": -41.2849121,
        "Long": 174.7370758,
        "DelaySeconds": 426,
        "DestinationStopID": 5332,
        "OriginStopID": 7241,
        "Direction": "Inbound",
        "nearestStop": "null",
        "Bearing": 0,
        "routeId": "18e",
        "tripId": "Unnasigned"
    },
    "1187": {
        "RecordedAtTime": 0,
        "Lat": -41.2832184,
        "Long": 174.7760925,
        "DelaySeconds": 0,
        "DestinationStopID": 5520,
        "OriginStopID": 4396,
        "Direction": "Inbound",
        "nearestStop": "null",
        "Bearing": 0,
        "routeId": "37",
        "tripId": "Unnasigned"
    },
    "2641": {
        "RecordedAtTime": 0,
        "Lat": -41.2871666,
        "Long": 174.7663727,
        "DelaySeconds": 222,
        "DestinationStopID": 5520,
        "OriginStopID": 4396,
        "Direction": "Inbound",
        "nearestStop": "null",
        "Bearing": 0,
        "routeId": "37",
        "tripId": "Unnasigned"
    },
    "1137": {
        "RecordedAtTime": 0,
        "Lat": -41.2817383,
        "Long": 174.7762146,
        "DelaySeconds": -207,
        "DestinationStopID": 5016,
        "OriginStopID": 7026,
        "Direction": "Inbound",
        "nearestStop": "null",
        "Bearing": 0,
        "routeId": "3",
        "tripId": "Unnasigned"
    },
    "1299": {
        "RecordedAtTime": 0,
        "Lat": -41.2857971,
        "Long": 174.7761993,
        "DelaySeconds": -40,
        "DestinationStopID": 5016,
        "OriginStopID": 7338,
        "Direction": "Inbound",
        "nearestStop": "null",
        "Bearing": 0,
        "routeId": "3",
        "tripId": "Unnasigned"
    },
    "1307": {
        "RecordedAtTime": 0,
        "Lat": -41.2929459,
        "Long": 174.778717,
        "DelaySeconds": 363,
        "DestinationStopID": 7345,
        "OriginStopID": 6000,
        "Direction": "Outbound",
        "nearestStop": "null",
        "Bearing": 0,
        "routeId": "3",
        "tripId": "Unnasigned"
    },
    "1362": {
        "RecordedAtTime": 0,
        "Lat": -41.2781715,
        "Long": 174.7795563,
        "DelaySeconds": 0,
        "DestinationStopID": 5016,
        "OriginStopID": 7026,
        "Direction": "Inbound",
        "nearestStop": "null",
        "Bearing": 0,
        "routeId": "3",
        "tripId": "Unnasigned"
    },
    "1390": {
        "RecordedAtTime": 0,
        "Lat": -41.3111458,
        "Long": 174.779068,
        "DelaySeconds": -23,
        "DestinationStopID": 5016,
        "OriginStopID": 6345,
        "Direction": "Inbound",
        "nearestStop": "null",
        "Bearing": 0,
        "routeId": "3",
        "tripId": "Unnasigned"
    },
    "1460": {
        "RecordedAtTime": 0,
        "Lat": -41.2997017,
        "Long": 174.7747803,
        "DelaySeconds": 281,
        "DestinationStopID": 5016,
        "OriginStopID": 7026,
        "Direction": "Inbound",
        "nearestStop": "null",
        "Bearing": 0,
        "routeId": "3",
        "tripId": "Unnasigned"
    },
    "1506": {
        "RecordedAtTime": 0,
        "Lat": -41.3019371,
        "Long": 174.7740326,
        "DelaySeconds": 162,
        "DestinationStopID": 5016,
        "OriginStopID": 7026,
        "Direction": "Inbound",
        "nearestStop": "null",
        "Bearing": 0,
        "routeId": "3",
        "tripId": "Unnasigned"
    },
    "1615": {
        "RecordedAtTime": 0,
        "Lat": -41.3244781,
        "Long": 174.8029175,
        "DelaySeconds": 0,
        "DestinationStopID": 7345,
        "OriginStopID": 6000,
        "Direction": "Outbound",
        "nearestStop": "null",
        "Bearing": 0,
        "routeId": "3",
        "tripId": "Unnasigned"
    },
    "1641": {
        "RecordedAtTime": 0,
        "Lat": -41.315197,
        "Long": 174.7906342,
        "DelaySeconds": 10,
        "DestinationStopID": 6338,
        "OriginStopID": 6000,
        "Direction": "Outbound",
        "nearestStop": "null",
        "Bearing": 0,
        "routeId": "3",
        "tripId": "Unnasigned"
    },
    "1692": {
        "RecordedAtTime": 0,
        "Lat": -41.285923,
        "Long": 174.7765961,
        "DelaySeconds": 90,
        "DestinationStopID": 6338,
        "OriginStopID": 6000,
        "Direction": "Outbound",
        "nearestStop": "null",
        "Bearing": 0,
        "routeId": "3",
        "tripId": "Unnasigned"
    },
    "2061": {
        "RecordedAtTime": 0,
        "Lat": -41.3124046,
        "Long": 174.7794342,
        "DelaySeconds": 62,
        "DestinationStopID": 5016,
        "OriginStopID": 7026,
        "Direction": "Inbound",
        "nearestStop": "null",
        "Bearing": 0,
        "routeId": "3",
        "tripId": "Unnasigned"
    },
    "2069": {
        "RecordedAtTime": 0,
        "Lat": -41.2968216,
        "Long": 174.7824097,
        "DelaySeconds": 0,
        "DestinationStopID": 5016,
        "OriginStopID": 7338,
        "Direction": "Inbound",
        "nearestStop": "null",
        "Bearing": 0,
        "routeId": "3",
        "tripId": "Unnasigned"
    },
    "2081": {
        "RecordedAtTime": 0,
        "Lat": -41.3071823,
        "Long": 174.7772827,
        "DelaySeconds": 244,
        "DestinationStopID": 5016,
        "OriginStopID": 7026,
        "Direction": "Inbound",
        "nearestStop": "null",
        "Bearing": 0,
        "routeId": "3",
        "tripId": "Unnasigned"
    },
    "1386": {
        "RecordedAtTime": 0,
        "Lat": -41.2940292,
        "Long": 174.783371,
        "DelaySeconds": 383,
        "DestinationStopID": 5016,
        "OriginStopID": 7099,
        "Direction": "Inbound",
        "nearestStop": "null",
        "Bearing": 0,
        "routeId": "12e",
        "tripId": "Unnasigned"
    },
    "2059": {
        "RecordedAtTime": 0,
        "Lat": -41.3324966,
        "Long": 174.817337,
        "DelaySeconds": 182,
        "DestinationStopID": 5016,
        "OriginStopID": 7099,
        "Direction": "Inbound",
        "nearestStop": "null",
        "Bearing": 0,
        "routeId": "12e",
        "tripId": "Unnasigned"
    },
    "1186": {
        "RecordedAtTime": 0,
        "Lat": -41.2832031,
        "Long": 174.776123,
        "DelaySeconds": 0,
        "DestinationStopID": 5520,
        "OriginStopID": 4369,
        "Direction": "Inbound",
        "nearestStop": "null",
        "Bearing": 0,
        "routeId": "33",
        "tripId": "Unnasigned"
    },
    "1511": {
        "RecordedAtTime": 0,
        "Lat": -41.2837372,
        "Long": 174.7408447,
        "DelaySeconds": 263,
        "DestinationStopID": 5520,
        "OriginStopID": 4369,
        "Direction": "Inbound",
        "nearestStop": "null",
        "Bearing": 0,
        "routeId": "33",
        "tripId": "Unnasigned"
    },
    "2073": {
        "RecordedAtTime": 0,
        "Lat": -41.2844124,
        "Long": 174.7609253,
        "DelaySeconds": 0,
        "DestinationStopID": 5520,
        "OriginStopID": 4936,
        "Direction": "Inbound",
        "nearestStop": "null",
        "Bearing": 0,
        "routeId": "13",
        "tripId": "Unnasigned"
    },
    "2095": {
        "RecordedAtTime": 0,
        "Lat": -41.2738495,
        "Long": 174.7582092,
        "DelaySeconds": 274,
        "DestinationStopID": 5520,
        "OriginStopID": 4936,
        "Direction": "Inbound",
        "nearestStop": "null",
        "Bearing": 0,
        "routeId": "13",
        "tripId": "Unnasigned"
    },
    "3911": {
        "RecordedAtTime": 0,
        "Lat": -41.2035599,
        "Long": 174.8045349,
        "DelaySeconds": -86,
        "DestinationStopID": 6158,
        "OriginStopID": 3297,
        "Direction": "Inbound",
        "nearestStop": "null",
        "Bearing": 0,
        "routeId": "1",
        "tripId": "Unnasigned"
    },
    "3922": {
        "RecordedAtTime": 0,
        "Lat": -41.2435684,
        "Long": 174.8141632,
        "DelaySeconds": 523,
        "DestinationStopID": 5516,
        "OriginStopID": 3050,
        "Direction": "Inbound",
        "nearestStop": "null",
        "Bearing": 0,
        "routeId": "1",
        "tripId": "Unnasigned"
    },
    "3937": {
        "RecordedAtTime": 0,
        "Lat": -41.3430138,
        "Long": 174.7708282,
        "DelaySeconds": 0,
        "DestinationStopID": 6158,
        "OriginStopID": 3050,
        "Direction": "Inbound",
        "nearestStop": "null",
        "Bearing": 0,
        "routeId": "1",
        "tripId": "Unnasigned"
    },
    "3938": {
        "RecordedAtTime": 0,
        "Lat": -41.2326012,
        "Long": 174.8088989,
        "DelaySeconds": 460,
        "DestinationStopID": 6158,
        "OriginStopID": 3297,
        "Direction": "Inbound",
        "nearestStop": "null",
        "Bearing": 0,
        "routeId": "1",
        "tripId": "Unnasigned"
    },
    "3939": {
        "RecordedAtTime": 0,
        "Lat": -41.2543755,
        "Long": 174.800705,
        "DelaySeconds": 696,
        "DestinationStopID": 6158,
        "OriginStopID": 3451,
        "Direction": "Inbound",
        "nearestStop": "null",
        "Bearing": 0,
        "routeId": "1",
        "tripId": "Unnasigned"
    },
    "3942": {
        "RecordedAtTime": 0,
        "Lat": -41.2891083,
        "Long": 174.7748566,
        "DelaySeconds": 1429,
        "DestinationStopID": 6158,
        "OriginStopID": 3297,
        "Direction": "Inbound",
        "nearestStop": "null",
        "Bearing": 0,
        "routeId": "1",
        "tripId": "Unnasigned"
    },
    "3943": {
        "RecordedAtTime": 0,
        "Lat": -41.2956696,
        "Long": 174.7826996,
        "DelaySeconds": -88,
        "DestinationStopID": 3279,
        "OriginStopID": 7158,
        "Direction": "Outbound",
        "nearestStop": "null",
        "Bearing": 0,
        "routeId": "1",
        "tripId": "Unnasigned"
    },
    "3945": {
        "RecordedAtTime": 0,
        "Lat": -41.3431625,
        "Long": 174.771286,
        "DelaySeconds": 0,
        "DestinationStopID": 6158,
        "OriginStopID": 3451,
        "Direction": "Inbound",
        "nearestStop": "null",
        "Bearing": 0,
        "routeId": "1",
        "tripId": "Unnasigned"
    },
    "3948": {
        "RecordedAtTime": 0,
        "Lat": -41.2878456,
        "Long": 174.7753601,
        "DelaySeconds": 976,
        "DestinationStopID": 6158,
        "OriginStopID": 3451,
        "Direction": "Inbound",
        "nearestStop": "null",
        "Bearing": 0,
        "routeId": "1",
        "tripId": "Unnasigned"
    },
    "3950": {
        "RecordedAtTime": 0,
        "Lat": -41.284153,
        "Long": 174.7755432,
        "DelaySeconds": 302,
        "DestinationStopID": 3451,
        "OriginStopID": 7158,
        "Direction": "Outbound",
        "nearestStop": "null",
        "Bearing": 0,
        "routeId": "1",
        "tripId": "Unnasigned"
    },
    "3951": {
        "RecordedAtTime": 0,
        "Lat": -41.2621231,
        "Long": 174.7874298,
        "DelaySeconds": 768,
        "DestinationStopID": 6158,
        "OriginStopID": 3297,
        "Direction": "Inbound",
        "nearestStop": "null",
        "Bearing": 0,
        "routeId": "1",
        "tripId": "Unnasigned"
    },
    "3953": {
        "RecordedAtTime": 0,
        "Lat": -41.228878,
        "Long": 174.8087921,
        "DelaySeconds": 90,
        "DestinationStopID": 3279,
        "OriginStopID": 7158,
        "Direction": "Outbound",
        "nearestStop": "null",
        "Bearing": 0,
        "routeId": "1",
        "tripId": "Unnasigned"
    },
    "3959": {
        "RecordedAtTime": 0,
        "Lat": -41.2914658,
        "Long": 174.7773438,
        "DelaySeconds": 116,
        "DestinationStopID": 3040,
        "OriginStopID": 7158,
        "Direction": "Outbound",
        "nearestStop": "null",
        "Bearing": 0,
        "routeId": "1",
        "tripId": "Unnasigned"
    },
    "3961": {
        "RecordedAtTime": 0,
        "Lat": -41.3430061,
        "Long": 174.7704163,
        "DelaySeconds": 0,
        "DestinationStopID": 3040,
        "OriginStopID": 7158,
        "Direction": "Outbound",
        "nearestStop": "null",
        "Bearing": 0,
        "routeId": "1",
        "tripId": "Unnasigned"
    },
    "3962": {
        "RecordedAtTime": 0,
        "Lat": -41.3112717,
        "Long": 174.7790985,
        "DelaySeconds": 126,
        "DestinationStopID": 3000,
        "OriginStopID": 7158,
        "Direction": "Outbound",
        "nearestStop": "null",
        "Bearing": 0,
        "routeId": "1",
        "tripId": "Unnasigned"
    },
    "3963": {
        "RecordedAtTime": 0,
        "Lat": -41.2006264,
        "Long": 174.8302002,
        "DelaySeconds": 0,
        "DestinationStopID": 5516,
        "OriginStopID": 3451,
        "Direction": "Inbound",
        "nearestStop": "null",
        "Bearing": 0,
        "routeId": "1",
        "tripId": "Unnasigned"
    },
    "3967": {
        "RecordedAtTime": 0,
        "Lat": -41.2252007,
        "Long": 174.7938538,
        "DelaySeconds": -165,
        "DestinationStopID": 3040,
        "OriginStopID": 7158,
        "Direction": "Outbound",
        "nearestStop": "null",
        "Bearing": 0,
        "routeId": "1",
        "tripId": "Unnasigned"
    },
    "3968": {
        "RecordedAtTime": 0,
        "Lat": -41.2252655,
        "Long": 174.807312,
        "DelaySeconds": 78,
        "DestinationStopID": 6158,
        "OriginStopID": 3451,
        "Direction": "Inbound",
        "nearestStop": "null",
        "Bearing": 0,
        "routeId": "1",
        "tripId": "Unnasigned"
    },
    "3969": {
        "RecordedAtTime": 0,
        "Lat": -41.21838,
        "Long": 174.807373,
        "DelaySeconds": -77,
        "DestinationStopID": 6158,
        "OriginStopID": 3050,
        "Direction": "Inbound",
        "nearestStop": "null",
        "Bearing": 0,
        "routeId": "1",
        "tripId": "Unnasigned"
    },
    "1101": {
        "RecordedAtTime": 0,
        "Lat": -41.2792244,
        "Long": 174.7706604,
        "DelaySeconds": 338,
        "DestinationStopID": 5332,
        "OriginStopID": 7042,
        "Direction": "Outbound",
        "nearestStop": "null",
        "Bearing": 0,
        "routeId": "2",
        "tripId": "Unnasigned"
    },
    "1129": {
        "RecordedAtTime": 0,
        "Lat": -41.2896652,
        "Long": 174.7751617,
        "DelaySeconds": 232,
        "DestinationStopID": 5332,
        "OriginStopID": 7042,
        "Direction": "Outbound",
        "nearestStop": "null",
        "Bearing": 0,
        "routeId": "2",
        "tripId": "Unnasigned"
    },
    "1313": {
        "RecordedAtTime": 0,
        "Lat": -41.2812119,
        "Long": 174.750473,
        "DelaySeconds": 469,
        "DestinationStopID": 7042,
        "OriginStopID": 4332,
        "Direction": "Inbound",
        "nearestStop": "null",
        "Bearing": 0,
        "routeId": "2",
        "tripId": "Unnasigned"
    },
    "1409": {
        "RecordedAtTime": 0,
        "Lat": -41.3190727,
        "Long": 174.8011322,
        "DelaySeconds": 128,
        "DestinationStopID": 5332,
        "OriginStopID": 7042,
        "Direction": "Outbound",
        "nearestStop": "null",
        "Bearing": 0,
        "routeId": "2",
        "tripId": "Unnasigned"
    },
    "1420": {
        "RecordedAtTime": 0,
        "Lat": -41.2872696,
        "Long": 174.7249603,
        "DelaySeconds": 249,
        "DestinationStopID": 5332,
        "OriginStopID": 7042,
        "Direction": "Outbound",
        "nearestStop": "null",
        "Bearing": 0,
        "routeId": "2",
        "tripId": "Unnasigned"
    },
    "1463": {
        "RecordedAtTime": 0,
        "Lat": -41.2796135,
        "Long": 174.7770538,
        "DelaySeconds": 249,
        "DestinationStopID": 7042,
        "OriginStopID": 4332,
        "Direction": "Inbound",
        "nearestStop": "null",
        "Bearing": 0,
        "routeId": "2",
        "tripId": "Unnasigned"
    },
    "1526": {
        "RecordedAtTime": 0,
        "Lat": -41.3230667,
        "Long": 174.8127441,
        "DelaySeconds": -148,
        "DestinationStopID": 7042,
        "OriginStopID": 4332,
        "Direction": "Inbound",
        "nearestStop": "null",
        "Bearing": 0,
        "routeId": "2",
        "tripId": "Unnasigned"
    },
    "1541": {
        "RecordedAtTime": 0,
        "Lat": -41.2847061,
        "Long": 174.737442,
        "DelaySeconds": 79,
        "DestinationStopID": 7042,
        "OriginStopID": 4332,
        "Direction": "Inbound",
        "nearestStop": "null",
        "Bearing": 0,
        "routeId": "2",
        "tripId": "Unnasigned"
    },
    "1578": {
        "RecordedAtTime": 0,
        "Lat": -41.3251076,
        "Long": 174.8185272,
        "DelaySeconds": 124,
        "DestinationStopID": 5332,
        "OriginStopID": 7042,
        "Direction": "Outbound",
        "nearestStop": "null",
        "Bearing": 0,
        "routeId": "2",
        "tripId": "Unnasigned"
    },
    "1637": {
        "RecordedAtTime": 0,
        "Lat": -41.3203812,
        "Long": 174.8137665,
        "DelaySeconds": 513,
        "DestinationStopID": 7042,
        "OriginStopID": 4332,
        "Direction": "Inbound",
        "nearestStop": "null",
        "Bearing": 0,
        "routeId": "2",
        "tripId": "Unnasigned"
    },
    "2076": {
        "RecordedAtTime": 0,
        "Lat": -41.2862816,
        "Long": 174.7764587,
        "DelaySeconds": 824,
        "DestinationStopID": 7042,
        "OriginStopID": 4332,
        "Direction": "Inbound",
        "nearestStop": "null",
        "Bearing": 0,
        "routeId": "2",
        "tripId": "Unnasigned"
    },
    "2078": {
        "RecordedAtTime": 0,
        "Lat": -41.3076324,
        "Long": 174.7930145,
        "DelaySeconds": 483,
        "DestinationStopID": 5332,
        "OriginStopID": 7042,
        "Direction": "Outbound",
        "nearestStop": "null",
        "Bearing": 0,
        "routeId": "2",
        "tripId": "Unnasigned"
    },
    "2528": {
        "RecordedAtTime": 0,
        "Lat": -41.32547,
        "Long": 174.8099518,
        "DelaySeconds": 0,
        "DestinationStopID": 7036,
        "OriginStopID": 7298,
        "Direction": "Inbound",
        "nearestStop": "null",
        "Bearing": 0,
        "routeId": "28",
        "tripId": "Unnasigned"
    },
    "3743": {
        "RecordedAtTime": 0,
        "Lat": -41.3394203,
        "Long": 174.7811584,
        "DelaySeconds": 97,
        "DestinationStopID": 7720,
        "OriginStopID": 7746,
        "Direction": "Inbound",
        "nearestStop": "null",
        "Bearing": 0,
        "routeId": "29",
        "tripId": "Unnasigned"
    },
    "3746": {
        "RecordedAtTime": 0,
        "Lat": -41.3189659,
        "Long": 174.7804565,
        "DelaySeconds": 170,
        "DestinationStopID": 7746,
        "OriginStopID": 7720,
        "Direction": "Outbound",
        "nearestStop": "null",
        "Bearing": 0,
        "routeId": "29",
        "tripId": "Unnasigned"
    },
    "3749": {
        "RecordedAtTime": 0,
        "Lat": -41.3051453,
        "Long": 174.7653198,
        "DelaySeconds": 0,
        "DestinationStopID": 7746,
        "OriginStopID": 7720,
        "Direction": "Outbound",
        "nearestStop": "null",
        "Bearing": 0,
        "routeId": "29",
        "tripId": "Unnasigned"
    },
    "1234": {
        "RecordedAtTime": 0,
        "Lat": -41.2891045,
        "Long": 174.7677307,
        "DelaySeconds": 0,
        "DestinationStopID": 5915,
        "OriginStopID": 6001,
        "Direction": "Outbound",
        "nearestStop": "null",
        "Bearing": 0,
        "routeId": "22",
        "tripId": "Unnasigned"
    },
    "1653": {
        "RecordedAtTime": 0,
        "Lat": -41.2852898,
        "Long": 174.7737122,
        "DelaySeconds": -52,
        "DestinationStopID": 5016,
        "OriginStopID": 4936,
        "Direction": "Inbound",
        "nearestStop": "null",
        "Bearing": 0,
        "routeId": "22",
        "tripId": "Unnasigned"
    },
    "2647": {
        "RecordedAtTime": 0,
        "Lat": -41.2389488,
        "Long": 174.7967072,
        "DelaySeconds": 445,
        "DestinationStopID": 5016,
        "OriginStopID": 3081,
        "Direction": "Inbound",
        "nearestStop": "null",
        "Bearing": 0,
        "routeId": "22",
        "tripId": "Unnasigned"
    },
    "2094": {
        "RecordedAtTime": 0,
        "Lat": -41.3361893,
        "Long": 174.8138733,
        "DelaySeconds": 0,
        "DestinationStopID": 7099,
        "OriginStopID": 6224,
        "Direction": "Outbound",
        "nearestStop": "null",
        "Bearing": 0,
        "routeId": "12",
        "tripId": "Unnasigned"
    },
    "2551": {
        "RecordedAtTime": 0,
        "Lat": -41.3124733,
        "Long": 174.7933502,
        "DelaySeconds": 0,
        "DestinationStopID": 7224,
        "OriginStopID": 7099,
        "Direction": "Inbound",
        "nearestStop": "null",
        "Bearing": 0,
        "routeId": "12",
        "tripId": "Unnasigned"
    },
    "3274": {
        "RecordedAtTime": 0,
        "Lat": -41.3010101,
        "Long": 174.7852478,
        "DelaySeconds": 3196,
        "DestinationStopID": 7099,
        "OriginStopID": 6224,
        "Direction": "Outbound",
        "nearestStop": "null",
        "Bearing": 0,
        "routeId": "12",
        "tripId": "Unnasigned"
    },
    "1376": {
        "RecordedAtTime": 0,
        "Lat": -41.3125877,
        "Long": 174.7964783,
        "DelaySeconds": 8,
        "DestinationStopID": 5016,
        "OriginStopID": 7246,
        "Direction": "Inbound",
        "nearestStop": "null",
        "Bearing": 0,
        "routeId": "31x",
        "tripId": "Unnasigned"
    },
    "2075": {
        "RecordedAtTime": 0,
        "Lat": -41.2864609,
        "Long": 174.7762146,
        "DelaySeconds": 183,
        "DestinationStopID": 5016,
        "OriginStopID": 7246,
        "Direction": "Inbound",
        "nearestStop": "null",
        "Bearing": 0,
        "routeId": "31x",
        "tripId": "Unnasigned"
    },
    "2286": {
        "RecordedAtTime": 0,
        "Lat": -41.3073883,
        "Long": 174.8257599,
        "DelaySeconds": 68,
        "DestinationStopID": 5016,
        "OriginStopID": 7246,
        "Direction": "Inbound",
        "nearestStop": "null",
        "Bearing": 0,
        "routeId": "31x",
        "tripId": "Unnasigned"
    },
    "2550": {
        "RecordedAtTime": 0,
        "Lat": -41.2851715,
        "Long": 174.7759247,
        "DelaySeconds": 217,
        "DestinationStopID": 5016,
        "OriginStopID": 7246,
        "Direction": "Inbound",
        "nearestStop": "null",
        "Bearing": 0,
        "routeId": "31x",
        "tripId": "Unnasigned"
    },
    "2632": {
        "RecordedAtTime": 0,
        "Lat": -41.3124695,
        "Long": 174.7953949,
        "DelaySeconds": 12,
        "DestinationStopID": 5016,
        "OriginStopID": 7246,
        "Direction": "Inbound",
        "nearestStop": "null",
        "Bearing": 0,
        "routeId": "31x",
        "tripId": "Unnasigned"
    },
    "3823": {
        "RecordedAtTime": 0,
        "Lat": -41.2567596,
        "Long": 174.7752228,
        "DelaySeconds": 354,
        "DestinationStopID": 5520,
        "OriginStopID": 4419,
        "Direction": "Inbound",
        "nearestStop": "null",
        "Bearing": 0,
        "routeId": "26",
        "tripId": "Unnasigned"
    },
    "3848": {
        "RecordedAtTime": 0,
        "Lat": -41.2484207,
        "Long": 174.7868652,
        "DelaySeconds": 177,
        "DestinationStopID": 4419,
        "OriginStopID": 5520,
        "Direction": "Outbound",
        "nearestStop": "null",
        "Bearing": 0,
        "routeId": "26",
        "tripId": "Unnasigned"
    },
    "3874": {
        "RecordedAtTime": 0,
        "Lat": -41.2832108,
        "Long": 174.7757721,
        "DelaySeconds": 0,
        "DestinationStopID": 5520,
        "OriginStopID": 4419,
        "Direction": "Inbound",
        "nearestStop": "null",
        "Bearing": 0,
        "routeId": "26",
        "tripId": "Unnasigned"
    },
    "2185": {
        "RecordedAtTime": 0,
        "Lat": -41.2565613,
        "Long": 174.7947693,
        "DelaySeconds": -333,
        "DestinationStopID": 5516,
        "OriginStopID": 3000,
        "Direction": "Inbound",
        "nearestStop": "null",
        "Bearing": 0,
        "routeId": "56",
        "tripId": "Unnasigned"
    },
    "2485": {
        "RecordedAtTime": 0,
        "Lat": -41.2174034,
        "Long": 174.8135376,
        "DelaySeconds": 136,
        "DestinationStopID": 5516,
        "OriginStopID": 3000,
        "Direction": "Inbound",
        "nearestStop": "null",
        "Bearing": 0,
        "routeId": "56",
        "tripId": "Unnasigned"
    },
    "2529": {
        "RecordedAtTime": 0,
        "Lat": -41.2829437,
        "Long": 174.775528,
        "DelaySeconds": -168,
        "DestinationStopID": 5516,
        "OriginStopID": 3000,
        "Direction": "Inbound",
        "nearestStop": "null",
        "Bearing": 0,
        "routeId": "56",
        "tripId": "Unnasigned"
    },
    "2539": {
        "RecordedAtTime": 0,
        "Lat": -41.2304268,
        "Long": 174.8155518,
        "DelaySeconds": 0,
        "DestinationStopID": 5516,
        "OriginStopID": 3000,
        "Direction": "Inbound",
        "nearestStop": "null",
        "Bearing": 0,
        "routeId": "56",
        "tripId": "Unnasigned"
    },
    "7129": {
        "RecordedAtTime": 0,
        "Lat": -41.2554359,
        "Long": 174.7975159,
        "DelaySeconds": -245,
        "DestinationStopID": 5516,
        "OriginStopID": 3000,
        "Direction": "Inbound",
        "nearestStop": "null",
        "Bearing": 0,
        "routeId": "56",
        "tripId": "Unnasigned"
    },
    "1105": {
        "RecordedAtTime": 0,
        "Lat": -41.3233795,
        "Long": 174.8344727,
        "DelaySeconds": 115,
        "DestinationStopID": 5016,
        "OriginStopID": 7052,
        "Direction": "Inbound",
        "nearestStop": "null",
        "Bearing": 0,
        "routeId": "30x",
        "tripId": "Unnasigned"
    },
    "1507": {
        "RecordedAtTime": 0,
        "Lat": -41.3145676,
        "Long": 174.7996979,
        "DelaySeconds": -316,
        "DestinationStopID": 5016,
        "OriginStopID": 7072,
        "Direction": "Inbound",
        "nearestStop": "null",
        "Bearing": 0,
        "routeId": "30x",
        "tripId": "Unnasigned"
    },
    "2080": {
        "RecordedAtTime": 0,
        "Lat": -41.2940292,
        "Long": 174.7832489,
        "DelaySeconds": 477,
        "DestinationStopID": 5016,
        "OriginStopID": 7072,
        "Direction": "Inbound",
        "nearestStop": "null",
        "Bearing": 0,
        "routeId": "30x",
        "tripId": "Unnasigned"
    },
    "2085": {
        "RecordedAtTime": 0,
        "Lat": -41.2968216,
        "Long": 174.8327179,
        "DelaySeconds": -23,
        "DestinationStopID": 5016,
        "OriginStopID": 7072,
        "Direction": "Inbound",
        "nearestStop": "null",
        "Bearing": 0,
        "routeId": "30x",
        "tripId": "Unnasigned"
    },
    "2150": {
        "RecordedAtTime": 0,
        "Lat": -41.3124962,
        "Long": 174.7959137,
        "DelaySeconds": 81,
        "DestinationStopID": 5016,
        "OriginStopID": 7052,
        "Direction": "Inbound",
        "nearestStop": "null",
        "Bearing": 0,
        "routeId": "30x",
        "tripId": "Unnasigned"
    },
    "2212": {
        "RecordedAtTime": 0,
        "Lat": -41.2792435,
        "Long": 174.7773285,
        "DelaySeconds": 291,
        "DestinationStopID": 5016,
        "OriginStopID": 7052,
        "Direction": "Inbound",
        "nearestStop": "null",
        "Bearing": 0,
        "routeId": "30x",
        "tripId": "Unnasigned"
    },
    "2257": {
        "RecordedAtTime": 0,
        "Lat": -41.2691002,
        "Long": 174.7784271,
        "DelaySeconds": 0,
        "DestinationStopID": 5016,
        "OriginStopID": 7072,
        "Direction": "Inbound",
        "nearestStop": "null",
        "Bearing": 0,
        "routeId": "30x",
        "tripId": "Unnasigned"
    },
    "3791": {
        "RecordedAtTime": 0,
        "Lat": -41.2940025,
        "Long": 174.7834625,
        "DelaySeconds": 529,
        "DestinationStopID": 5016,
        "OriginStopID": 6081,
        "Direction": "Outbound",
        "nearestStop": "null",
        "Bearing": 0,
        "routeId": "24",
        "tripId": "Unnasigned"
    },
    "3810": {
        "RecordedAtTime": 0,
        "Lat": -41.230526,
        "Long": 174.7989197,
        "DelaySeconds": 233,
        "DestinationStopID": 6224,
        "OriginStopID": 3081,
        "Direction": "Inbound",
        "nearestStop": "null",
        "Bearing": 0,
        "routeId": "24",
        "tripId": "Unnasigned"
    },
    "3832": {
        "RecordedAtTime": 0,
        "Lat": -41.2595711,
        "Long": 174.7904358,
        "DelaySeconds": 818,
        "DestinationStopID": 7083,
        "OriginStopID": 3081,
        "Direction": "Inbound",
        "nearestStop": "null",
        "Bearing": 0,
        "routeId": "24",
        "tripId": "Unnasigned"
    },
    "3833": {
        "RecordedAtTime": 0,
        "Lat": -41.3050117,
        "Long": 174.8287048,
        "DelaySeconds": -13,
        "DestinationStopID": 5016,
        "OriginStopID": 6081,
        "Direction": "Outbound",
        "nearestStop": "null",
        "Bearing": 0,
        "routeId": "24",
        "tripId": "Unnasigned"
    },
    "3834": {
        "RecordedAtTime": 0,
        "Lat": -41.2886086,
        "Long": 174.7991333,
        "DelaySeconds": -57,
        "DestinationStopID": 5016,
        "OriginStopID": 6081,
        "Direction": "Outbound",
        "nearestStop": "null",
        "Bearing": 0,
        "routeId": "24",
        "tripId": "Unnasigned"
    },
    "3869": {
        "RecordedAtTime": 0,
        "Lat": -41.2525444,
        "Long": 174.8030396,
        "DelaySeconds": 530,
        "DestinationStopID": 6224,
        "OriginStopID": 3081,
        "Direction": "Inbound",
        "nearestStop": "null",
        "Bearing": 0,
        "routeId": "24",
        "tripId": "Unnasigned"
    },
    "3890": {
        "RecordedAtTime": 0,
        "Lat": -41.3172188,
        "Long": 174.8056335,
        "DelaySeconds": -136,
        "DestinationStopID": 3250,
        "OriginStopID": 6081,
        "Direction": "Outbound",
        "nearestStop": "null",
        "Bearing": 0,
        "routeId": "24",
        "tripId": "Unnasigned"
    },
    "3919": {
        "RecordedAtTime": 0,
        "Lat": -41.2825165,
        "Long": 174.7756958,
        "DelaySeconds": 788,
        "DestinationStopID": 6224,
        "OriginStopID": 3081,
        "Direction": "Inbound",
        "nearestStop": "null",
        "Bearing": 0,
        "routeId": "24",
        "tripId": "Unnasigned"
    },
    "3929": {
        "RecordedAtTime": 0,
        "Lat": -41.2874527,
        "Long": 174.7756653,
        "DelaySeconds": 1251,
        "DestinationStopID": 6224,
        "OriginStopID": 3081,
        "Direction": "Inbound",
        "nearestStop": "null",
        "Bearing": 0,
        "routeId": "24",
        "tripId": "Unnasigned"
    },
    "3941": {
        "RecordedAtTime": 0,
        "Lat": -41.181572,
        "Long": 174.8367462,
        "DelaySeconds": 0,
        "DestinationStopID": 5113,
        "OriginStopID": 7163,
        "Direction": "Inbound",
        "nearestStop": "null",
        "Bearing": 0,
        "routeId": "32x",
        "tripId": "Unnasigned"
    },
    "3952": {
        "RecordedAtTime": 0,
        "Lat": -41.2742958,
        "Long": 174.7780151,
        "DelaySeconds": 0,
        "DestinationStopID": 5113,
        "OriginStopID": 7163,
        "Direction": "Inbound",
        "nearestStop": "null",
        "Bearing": 0,
        "routeId": "32x",
        "tripId": "Unnasigned"
    },
    "3954": {
        "RecordedAtTime": 0,
        "Lat": -41.2894478,
        "Long": 174.7749023,
        "DelaySeconds": 108,
        "DestinationStopID": 5113,
        "OriginStopID": 7163,
        "Direction": "Inbound",
        "nearestStop": "null",
        "Bearing": 0,
        "routeId": "32x",
        "tripId": "Unnasigned"
    },
    "3956": {
        "RecordedAtTime": 0,
        "Lat": -41.3056068,
        "Long": 174.7784119,
        "DelaySeconds": -143,
        "DestinationStopID": 5113,
        "OriginStopID": 7163,
        "Direction": "Inbound",
        "nearestStop": "null",
        "Bearing": 0,
        "routeId": "32x",
        "tripId": "Unnasigned"
    },
    "3958": {
        "RecordedAtTime": 0,
        "Lat": -41.2937393,
        "Long": 174.7822113,
        "DelaySeconds": 61,
        "DestinationStopID": 5113,
        "OriginStopID": 7163,
        "Direction": "Inbound",
        "nearestStop": "null",
        "Bearing": 0,
        "routeId": "32x",
        "tripId": "Unnasigned"
    },
    "3960": {
        "RecordedAtTime": 0,
        "Lat": -41.3367004,
        "Long": 174.7727966,
        "DelaySeconds": 0,
        "DestinationStopID": 5113,
        "OriginStopID": 7163,
        "Direction": "Inbound",
        "nearestStop": "null",
        "Bearing": 0,
        "routeId": "32x",
        "tripId": "Unnasigned"
    },
    "1118": {
        "RecordedAtTime": 0,
        "Lat": -41.2836685,
        "Long": 174.750351,
        "DelaySeconds": 7,
        "DestinationStopID": 5516,
        "OriginStopID": 4396,
        "Direction": "Inbound",
        "nearestStop": "null",
        "Bearing": 0,
        "routeId": "21",
        "tripId": "Unnasigned"
    },
    "1371": {
        "RecordedAtTime": 0,
        "Lat": -41.2939453,
        "Long": 174.7836456,
        "DelaySeconds": 0,
        "DestinationStopID": 5516,
        "OriginStopID": 4396,
        "Direction": "Inbound",
        "nearestStop": "null",
        "Bearing": 0,
        "routeId": "21",
        "tripId": "Unnasigned"
    },
    "1387": {
        "RecordedAtTime": 0,
        "Lat": -41.2888031,
        "Long": 174.767868,
        "DelaySeconds": 157,
        "DestinationStopID": 5327,
        "OriginStopID": 5000,
        "Direction": "Outbound",
        "nearestStop": "null",
        "Bearing": 0,
        "routeId": "21",
        "tripId": "Unnasigned"
    },
    "2064": {
        "RecordedAtTime": 0,
        "Lat": -41.2817764,
        "Long": 174.7647705,
        "DelaySeconds": 5764,
        "DestinationStopID": 5516,
        "OriginStopID": 4396,
        "Direction": "Inbound",
        "nearestStop": "null",
        "Bearing": 0,
        "routeId": "21",
        "tripId": "Unnasigned"
    },
    "2084": {
        "RecordedAtTime": 0,
        "Lat": -41.2915039,
        "Long": 174.7473755,
        "DelaySeconds": 544,
        "DestinationStopID": 5327,
        "OriginStopID": 5000,
        "Direction": "Outbound",
        "nearestStop": "null",
        "Bearing": 0,
        "routeId": "21",
        "tripId": "Unnasigned"
    },
    "3925": {
        "RecordedAtTime": 0,
        "Lat": -41.2947083,
        "Long": 174.7715149,
        "DelaySeconds": -222,
        "DestinationStopID": 5016,
        "OriginStopID": 7774,
        "Direction": "Inbound",
        "nearestStop": "null",
        "Bearing": 0,
        "routeId": "17e",
        "tripId": "Unnasigned"
    },
    "3930": {
        "RecordedAtTime": 0,
        "Lat": -41.2898026,
        "Long": 174.7790527,
        "DelaySeconds": 0,
        "DestinationStopID": 5016,
        "OriginStopID": 7774,
        "Direction": "Inbound",
        "nearestStop": "null",
        "Bearing": 0,
        "routeId": "17e",
        "tripId": "Unnasigned"
    },
    "1249": {
        "RecordedAtTime": 0,
        "Lat": -41.2169571,
        "Long": 174.8143158,
        "DelaySeconds": 126,
        "DestinationStopID": 3081,
        "OriginStopID": 5000,
        "Direction": "Outbound",
        "nearestStop": "null",
        "Bearing": 0,
        "routeId": "52",
        "tripId": "Unnasigned"
    },
    "1765": {
        "RecordedAtTime": 0,
        "Lat": -41.2780647,
        "Long": 174.7796631,
        "DelaySeconds": 192,
        "DestinationStopID": 3009,
        "OriginStopID": 5000,
        "Direction": "Outbound",
        "nearestStop": "null",
        "Bearing": 0,
        "routeId": "52",
        "tripId": "Unnasigned"
    },
    "3740": {
        "RecordedAtTime": 0,
        "Lat": -41.3041382,
        "Long": 174.758316,
        "DelaySeconds": 59,
        "DestinationStopID": 7720,
        "OriginStopID": 7774,
        "Direction": "Inbound",
        "nearestStop": "null",
        "Bearing": 0,
        "routeId": "17",
        "tripId": "Unnasigned"
    },
    "2656": {
        "RecordedAtTime": 0,
        "Lat": -41.2817497,
        "Long": 174.7488708,
        "DelaySeconds": 745,
        "DestinationStopID": 5520,
        "OriginStopID": 4352,
        "Direction": "Inbound",
        "nearestStop": "null",
        "Bearing": 0,
        "routeId": "34",
        "tripId": "Unnasigned"
    }
}