{
    "3944": {
        "RecordedAtTime": 0,
        "Lat": -41.3214684,
        "Long": 174.7869263,
        "DelaySeconds": 160,
        "DestinationStopID": 5016,
        "OriginStopID": 7937,
        "Direction": "Inbound",
        "nearestStop": "null",
        "Bearing": 0,
        "routeId": "23e",
        "tripId": "Unnasigned"
    },
    "3949": {
        "RecordedAtTime": 0,
        "Lat": -41.2957001,
        "Long": 174.7826996,
        "DelaySeconds": 369,
        "DestinationStopID": 5016,
        "OriginStopID": 7937,
        "Direction": "Inbound",
        "nearestStop": "null",
        "Bearing": 0,
        "routeId": "23e",
        "tripId": "Unnasigned"
    },
    "3957": {
        "RecordedAtTime": 0,
        "Lat": -41.3191872,
        "Long": 174.7837982,
        "DelaySeconds": 0,
        "DestinationStopID": 5016,
        "OriginStopID": 7923,
        "Direction": "Inbound",
        "nearestStop": "null",
        "Bearing": 0,
        "routeId": "23e",
        "tripId": "Unnasigned"
    },
    "3964": {
        "RecordedAtTime": 0,
        "Lat": -41.3077278,
        "Long": 174.7779694,
        "DelaySeconds": 111,
        "DestinationStopID": 5016,
        "OriginStopID": 7923,
        "Direction": "Inbound",
        "nearestStop": "null",
        "Bearing": 0,
        "routeId": "23e",
        "tripId": "Unnasigned"
    },
    "1515": {
        "RecordedAtTime": 0,
        "Lat": -41.3298836,
        "Long": 174.7933807,
        "DelaySeconds": 0,
        "DestinationStopID": 6224,
        "OriginStopID": 5516,
        "Direction": "Outbound",
        "nearestStop": "null",
        "Bearing": 0,
        "routeId": "20",
        "tripId": "Unnasigned"
    },
    "3050": {
        "RecordedAtTime": 0,
        "Lat": -41.2928581,
        "Long": 174.7895355,
        "DelaySeconds": 63,
        "DestinationStopID": 6224,
        "OriginStopID": 5516,
        "Direction": "Outbound",
        "nearestStop": "null",
        "Bearing": 0,
        "routeId": "20",
        "tripId": "Unnasigned"
    },
    "3314": {
        "RecordedAtTime": 0,
        "Lat": -41.3123741,
        "Long": 174.7888641,
        "DelaySeconds": -38,
        "DestinationStopID": 5000,
        "OriginStopID": 7026,
        "Direction": "Inbound",
        "nearestStop": "null",
        "Bearing": 0,
        "routeId": "20",
        "tripId": "Unnasigned"
    },
    "1112": {
        "RecordedAtTime": 0,
        "Lat": -41.2670021,
        "Long": 174.7800293,
        "DelaySeconds": 0,
        "DestinationStopID": 5016,
        "OriginStopID": 7224,
        "Direction": "Inbound",
        "nearestStop": "null",
        "Bearing": 0,
        "routeId": "36",
        "tripId": "Unnasigned"
    },
    "1132": {
        "RecordedAtTime": 0,
        "Lat": -41.3086205,
        "Long": 174.7926636,
        "DelaySeconds": 37,
        "DestinationStopID": 5016,
        "OriginStopID": 7338,
        "Direction": "Inbound",
        "nearestStop": "null",
        "Bearing": 0,
        "routeId": "36",
        "tripId": "Unnasigned"
    },
    "1133": {
        "RecordedAtTime": 0,
        "Lat": -41.2981873,
        "Long": 174.7854614,
        "DelaySeconds": 148,
        "DestinationStopID": 5016,
        "OriginStopID": 7224,
        "Direction": "Inbound",
        "nearestStop": "null",
        "Bearing": 0,
        "routeId": "36",
        "tripId": "Unnasigned"
    },
    "1135": {
        "RecordedAtTime": 0,
        "Lat": -41.3119774,
        "Long": 174.7934723,
        "DelaySeconds": 55,
        "DestinationStopID": 5016,
        "OriginStopID": 7224,
        "Direction": "Inbound",
        "nearestStop": "null",
        "Bearing": 0,
        "routeId": "36",
        "tripId": "Unnasigned"
    },
    "1525": {
        "RecordedAtTime": 0,
        "Lat": -41.2802429,
        "Long": 174.7762146,
        "DelaySeconds": 164,
        "DestinationStopID": 5016,
        "OriginStopID": 7338,
        "Direction": "Inbound",
        "nearestStop": "null",
        "Bearing": 0,
        "routeId": "36",
        "tripId": "Unnasigned"
    },
    "2062": {
        "RecordedAtTime": 0,
        "Lat": -41.2935791,
        "Long": 174.7815704,
        "DelaySeconds": 11,
        "DestinationStopID": 5016,
        "OriginStopID": 7224,
        "Direction": "Inbound",
        "nearestStop": "null",
        "Bearing": 0,
        "routeId": "36",
        "tripId": "Unnasigned"
    },
    "3817": {
        "RecordedAtTime": 0,
        "Lat": -41.2701111,
        "Long": 174.7812195,
        "DelaySeconds": 1089,
        "DestinationStopID": 5520,
        "OriginStopID": 3000,
        "Direction": "Outbound",
        "nearestStop": "null",
        "Bearing": 0,
        "routeId": "19e",
        "tripId": "Unnasigned"
    },
    "3916": {
        "RecordedAtTime": 0,
        "Lat": -41.2274132,
        "Long": 174.8079376,
        "DelaySeconds": 830,
        "DestinationStopID": 5520,
        "OriginStopID": 3000,
        "Direction": "Outbound",
        "nearestStop": "null",
        "Bearing": 0,
        "routeId": "19e",
        "tripId": "Unnasigned"
    },
    "3920": {
        "RecordedAtTime": 0,
        "Lat": -41.212925,
        "Long": 174.8062439,
        "DelaySeconds": 142,
        "DestinationStopID": 5520,
        "OriginStopID": 3000,
        "Direction": "Outbound",
        "nearestStop": "null",
        "Bearing": 0,
        "routeId": "19e",
        "tripId": "Unnasigned"
    },
    "3924": {
        "RecordedAtTime": 0,
        "Lat": -41.222538,
        "Long": 174.8055725,
        "DelaySeconds": 30,
        "DestinationStopID": 5520,
        "OriginStopID": 3000,
        "Direction": "Outbound",
        "nearestStop": "null",
        "Bearing": 0,
        "routeId": "19e",
        "tripId": "Unnasigned"
    },
    "2091": {
        "RecordedAtTime": 0,
        "Lat": -41.2855606,
        "Long": 174.7759705,
        "DelaySeconds": 35,
        "DestinationStopID": 5016,
        "OriginStopID": 7557,
        "Direction": "Inbound",
        "nearestStop": "null",
        "Bearing": 0,
        "routeId": "35",
        "tripId": "Unnasigned"
    },
    "3048": {
        "RecordedAtTime": 0,
        "Lat": -41.2987213,
        "Long": 174.8011627,
        "DelaySeconds": -1,
        "DestinationStopID": 5016,
        "OriginStopID": 7557,
        "Direction": "Inbound",
        "nearestStop": "null",
        "Bearing": 0,
        "routeId": "35",
        "tripId": "Unnasigned"
    },
    "1763": {
        "RecordedAtTime": 0,
        "Lat": -41.2921906,
        "Long": 174.7820435,
        "DelaySeconds": 0,
        "DestinationStopID": 5516,
        "OriginStopID": 3760,
        "Direction": "Inbound",
        "nearestStop": "null",
        "Bearing": 0,
        "routeId": "58",
        "tripId": "Unnasigned"
    },
    "2196": {
        "RecordedAtTime": 0,
        "Lat": -41.2726479,
        "Long": 174.7825317,
        "DelaySeconds": -28,
        "DestinationStopID": 5516,
        "OriginStopID": 3760,
        "Direction": "Inbound",
        "nearestStop": "null",
        "Bearing": 0,
        "routeId": "58",
        "tripId": "Unnasigned"
    },
    "2224": {
        "RecordedAtTime": 0,
        "Lat": -41.2304649,
        "Long": 174.8153534,
        "DelaySeconds": 194,
        "DestinationStopID": 5516,
        "OriginStopID": 3760,
        "Direction": "Inbound",
        "nearestStop": "null",
        "Bearing": 0,
        "routeId": "58",
        "tripId": "Unnasigned"
    },
    "2247": {
        "RecordedAtTime": 0,
        "Lat": -41.2249336,
        "Long": 174.8310852,
        "DelaySeconds": -63,
        "DestinationStopID": 5516,
        "OriginStopID": 3760,
        "Direction": "Inbound",
        "nearestStop": "null",
        "Bearing": 0,
        "routeId": "58",
        "tripId": "Unnasigned"
    },
    "1352": {
        "RecordedAtTime": 0,
        "Lat": -41.2784424,
        "Long": 174.7793121,
        "DelaySeconds": 65,
        "DestinationStopID": 5516,
        "OriginStopID": 8858,
        "Direction": "Inbound",
        "nearestStop": "null",
        "Bearing": 0,
        "routeId": "85x",
        "tripId": "Unnasigned"
    },
    "2288": {
        "RecordedAtTime": 0,
        "Lat": -41.2850189,
        "Long": 174.9025574,
        "DelaySeconds": 194,
        "DestinationStopID": 5516,
        "OriginStopID": 8858,
        "Direction": "Inbound",
        "nearestStop": "null",
        "Bearing": 0,
        "routeId": "85x",
        "tripId": "Unnasigned"
    },
    "3735": {
        "RecordedAtTime": 0,
        "Lat": -41.3176537,
        "Long": 174.7682495,
        "DelaySeconds": 9,
        "DestinationStopID": 6746,
        "OriginStopID": 6730,
        "Direction": "Outbound",
        "nearestStop": "null",
        "Bearing": 0,
        "routeId": "23",
        "tripId": "Unnasigned"
    },
    "3739": {
        "RecordedAtTime": 0,
        "Lat": -41.3074036,
        "Long": 174.7780304,
        "DelaySeconds": 234,
        "DestinationStopID": 6937,
        "OriginStopID": 6730,
        "Direction": "Outbound",
        "nearestStop": "null",
        "Bearing": 0,
        "routeId": "23",
        "tripId": "Unnasigned"
    },
    "3748": {
        "RecordedAtTime": 0,
        "Lat": -41.3333054,
        "Long": 174.78862,
        "DelaySeconds": 41,
        "DestinationStopID": 6730,
        "OriginStopID": 7937,
        "Direction": "Inbound",
        "nearestStop": "null",
        "Bearing": 0,
        "routeId": "23",
        "tripId": "Unnasigned"
    },
    "3851": {
        "RecordedAtTime": 0,
        "Lat": -41.2798233,
        "Long": 174.7766266,
        "DelaySeconds": 157,
        "DestinationStopID": 6733,
        "OriginStopID": 6000,
        "Direction": "Outbound",
        "nearestStop": "null",
        "Bearing": 0,
        "routeId": "7",
        "tripId": "Unnasigned"
    },
    "3935": {
        "RecordedAtTime": 0,
        "Lat": -41.2931671,
        "Long": 174.7724152,
        "DelaySeconds": -76,
        "DestinationStopID": 5016,
        "OriginStopID": 6733,
        "Direction": "Inbound",
        "nearestStop": "null",
        "Bearing": 0,
        "routeId": "7",
        "tripId": "Unnasigned"
    },
    "3936": {
        "RecordedAtTime": 0,
        "Lat": -41.3172989,
        "Long": 174.7647705,
        "DelaySeconds": 77,
        "DestinationStopID": 5016,
        "OriginStopID": 6733,
        "Direction": "Inbound",
        "nearestStop": "null",
        "Bearing": 0,
        "routeId": "7",
        "tripId": "Unnasigned"
    },
    "3946": {
        "RecordedAtTime": 0,
        "Lat": -41.2840385,
        "Long": 174.775589,
        "DelaySeconds": -3,
        "DestinationStopID": 5016,
        "OriginStopID": 6733,
        "Direction": "Inbound",
        "nearestStop": "null",
        "Bearing": 0,
        "routeId": "7",
        "tripId": "Unnasigned"
    },
    "3965": {
        "RecordedAtTime": 0,
        "Lat": -41.3156204,
        "Long": 174.7653961,
        "DelaySeconds": 52,
        "DestinationStopID": 6733,
        "OriginStopID": 6000,
        "Direction": "Outbound",
        "nearestStop": "null",
        "Bearing": 0,
        "routeId": "7",
        "tripId": "Unnasigned"
    },
    "3970": {
        "RecordedAtTime": 0,
        "Lat": -41.2971992,
        "Long": 174.7701111,
        "DelaySeconds": -381,
        "DestinationStopID": 5016,
        "OriginStopID": 6733,
        "Direction": "Inbound",
        "nearestStop": "null",
        "Bearing": 0,
        "routeId": "7",
        "tripId": "Unnasigned"
    },
    "3972": {
        "RecordedAtTime": 0,
        "Lat": -41.2960777,
        "Long": 174.7718201,
        "DelaySeconds": 207,
        "DestinationStopID": 6733,
        "OriginStopID": 6000,
        "Direction": "Outbound",
        "nearestStop": "null",
        "Bearing": 0,
        "routeId": "7",
        "tripId": "Unnasigned"
    },
    "3819": {
        "RecordedAtTime": 0,
        "Lat": -41.2936134,
        "Long": 174.7585297,
        "DelaySeconds": 244,
        "DestinationStopID": 4947,
        "OriginStopID": 4419,
        "Direction": "Inbound",
        "nearestStop": "null",
        "Bearing": 0,
        "routeId": "25",
        "tripId": "Unnasigned"
    },
    "3838": {
        "RecordedAtTime": 0,
        "Lat": -41.2794762,
        "Long": 174.7773132,
        "DelaySeconds": 309,
        "DestinationStopID": 4947,
        "OriginStopID": 4419,
        "Direction": "Inbound",
        "nearestStop": "null",
        "Bearing": 0,
        "routeId": "25",
        "tripId": "Unnasigned"
    },
    "3839": {
        "RecordedAtTime": 0,
        "Lat": -41.2881584,
        "Long": 174.7547607,
        "DelaySeconds": 73,
        "DestinationStopID": 4419,
        "OriginStopID": 4947,
        "Direction": "Outbound",
        "nearestStop": "null",
        "Bearing": 0,
        "routeId": "25",
        "tripId": "Unnasigned"
    },
    "3845": {
        "RecordedAtTime": 0,
        "Lat": -41.2916565,
        "Long": 174.7732544,
        "DelaySeconds": 193,
        "DestinationStopID": 4419,
        "OriginStopID": 4947,
        "Direction": "Outbound",
        "nearestStop": "null",
        "Bearing": 0,
        "routeId": "25",
        "tripId": "Unnasigned"
    },
    "3873": {
        "RecordedAtTime": 0,
        "Lat": -41.248539,
        "Long": 174.7869415,
        "DelaySeconds": 469,
        "DestinationStopID": 6708,
        "OriginStopID": 4419,
        "Direction": "Inbound",
        "nearestStop": "null",
        "Bearing": 0,
        "routeId": "25",
        "tripId": "Unnasigned"
    },
    "3902": {
        "RecordedAtTime": 0,
        "Lat": -41.2590599,
        "Long": 174.7881775,
        "DelaySeconds": 516,
        "DestinationStopID": 4419,
        "OriginStopID": 4947,
        "Direction": "Outbound",
        "nearestStop": "null",
        "Bearing": 0,
        "routeId": "25",
        "tripId": "Unnasigned"
    },
    "3917": {
        "RecordedAtTime": 0,
        "Lat": -41.2576637,
        "Long": 174.7841187,
        "DelaySeconds": 404,
        "DestinationStopID": 6708,
        "OriginStopID": 4419,
        "Direction": "Inbound",
        "nearestStop": "null",
        "Bearing": 0,
        "routeId": "25",
        "tripId": "Unnasigned"
    },
    "3931": {
        "RecordedAtTime": 0,
        "Lat": -41.2473145,
        "Long": 174.7910461,
        "DelaySeconds": 0,
        "DestinationStopID": 4947,
        "OriginStopID": 4419,
        "Direction": "Inbound",
        "nearestStop": "null",
        "Bearing": 0,
        "routeId": "25",
        "tripId": "Unnasigned"
    },
    "1764": {
        "RecordedAtTime": 0,
        "Lat": -41.2799187,
        "Long": 174.7765503,
        "DelaySeconds": 41,
        "DestinationStopID": 5516,
        "OriginStopID": 3710,
        "Direction": "Inbound",
        "nearestStop": "null",
        "Bearing": 0,
        "routeId": "57",
        "tripId": "Unnasigned"
    },
    "2166": {
        "RecordedAtTime": 0,
        "Lat": -41.2470932,
        "Long": 174.8134003,
        "DelaySeconds": -12,
        "DestinationStopID": 5516,
        "OriginStopID": 3710,
        "Direction": "Inbound",
        "nearestStop": "null",
        "Bearing": 0,
        "routeId": "57",
        "tripId": "Unnasigned"
    },
    "2168": {
        "RecordedAtTime": 0,
        "Lat": -41.2787132,
        "Long": 174.779068,
        "DelaySeconds": 128,
        "DestinationStopID": 5516,
        "OriginStopID": 3710,
        "Direction": "Inbound",
        "nearestStop": "null",
        "Bearing": 0,
        "routeId": "57",
        "tripId": "Unnasigned"
    },
    "2484": {
        "RecordedAtTime": 0,
        "Lat": -41.2186241,
        "Long": 174.8324738,
        "DelaySeconds": 11,
        "DestinationStopID": 5516,
        "OriginStopID": 3710,
        "Direction": "Inbound",
        "nearestStop": "null",
        "Bearing": 0,
        "routeId": "57",
        "tripId": "Unnasigned"
    },
    "2537": {
        "RecordedAtTime": 0,
        "Lat": -41.2472725,
        "Long": 174.8134003,
        "DelaySeconds": 43,
        "DestinationStopID": 5516,
        "OriginStopID": 3710,
        "Direction": "Inbound",
        "nearestStop": "null",
        "Bearing": 0,
        "routeId": "57",
        "tripId": "Unnasigned"
    },
    "2544": {
        "RecordedAtTime": 0,
        "Lat": -41.2216759,
        "Long": 174.8305359,
        "DelaySeconds": -31,
        "DestinationStopID": 5516,
        "OriginStopID": 3710,
        "Direction": "Inbound",
        "nearestStop": "null",
        "Bearing": 0,
        "routeId": "57",
        "tripId": "Unnasigned"
    },
    "3872": {
        "RecordedAtTime": 0,
        "Lat": -41.2999268,
        "Long": 174.781601,
        "DelaySeconds": 0,
        "DestinationStopID": 5016,
        "OriginStopID": 6960,
        "Direction": "Outbound",
        "nearestStop": "null",
        "Bearing": 0,
        "routeId": "29e",
        "tripId": "Unnasigned"
    },
    "3895": {
        "RecordedAtTime": 0,
        "Lat": -41.3362274,
        "Long": 174.7795258,
        "DelaySeconds": 47,
        "DestinationStopID": 5016,
        "OriginStopID": 7746,
        "Direction": "Inbound",
        "nearestStop": "null",
        "Bearing": 0,
        "routeId": "29e",
        "tripId": "Unnasigned"
    },
    "3923": {
        "RecordedAtTime": 0,
        "Lat": -41.2929955,
        "Long": 174.7725983,
        "DelaySeconds": -194,
        "DestinationStopID": 5016,
        "OriginStopID": 7746,
        "Direction": "Inbound",
        "nearestStop": "null",
        "Bearing": 0,
        "routeId": "29e",
        "tripId": "Unnasigned"
    },
    "3932": {
        "RecordedAtTime": 0,
        "Lat": -41.3111534,
        "Long": 174.7790833,
        "DelaySeconds": -51,
        "DestinationStopID": 5016,
        "OriginStopID": 6960,
        "Direction": "Outbound",
        "nearestStop": "null",
        "Bearing": 0,
        "routeId": "29e",
        "tripId": "Unnasigned"
    },
    "1241": {
        "RecordedAtTime": 0,
        "Lat": -41.2913437,
        "Long": 174.7895355,
        "DelaySeconds": 540,
        "DestinationStopID": 7557,
        "OriginStopID": 4136,
        "Direction": "Inbound",
        "nearestStop": "null",
        "Bearing": 0,
        "routeId": "14",
        "tripId": "Unnasigned"
    },
    "1427": {
        "RecordedAtTime": 0,
        "Lat": -41.2938232,
        "Long": 174.7828064,
        "DelaySeconds": 64,
        "DestinationStopID": 7557,
        "OriginStopID": 4136,
        "Direction": "Inbound",
        "nearestStop": "null",
        "Bearing": 0,
        "routeId": "14",
        "tripId": "Unnasigned"
    },
    "1573": {
        "RecordedAtTime": 0,
        "Lat": -41.2702446,
        "Long": 174.7548828,
        "DelaySeconds": 356,
        "DestinationStopID": 4136,
        "OriginStopID": 7557,
        "Direction": "Outbound",
        "nearestStop": "null",
        "Bearing": 0,
        "routeId": "14",
        "tripId": "Unnasigned"
    },
    "2059": {
        "RecordedAtTime": 0,
        "Lat": -41.3372688,
        "Long": 174.8141174,
        "DelaySeconds": 0,
        "DestinationStopID": 7557,
        "OriginStopID": 4136,
        "Direction": "Inbound",
        "nearestStop": "null",
        "Bearing": 0,
        "routeId": "14",
        "tripId": "Unnasigned"
    },
    "2063": {
        "RecordedAtTime": 0,
        "Lat": -41.282856,
        "Long": 174.7754974,
        "DelaySeconds": -117,
        "DestinationStopID": 5516,
        "OriginStopID": 4136,
        "Direction": "Inbound",
        "nearestStop": "null",
        "Bearing": 0,
        "routeId": "14",
        "tripId": "Unnasigned"
    },
    "2092": {
        "RecordedAtTime": 0,
        "Lat": -41.2621384,
        "Long": 174.7657318,
        "DelaySeconds": 4,
        "DestinationStopID": 5516,
        "OriginStopID": 4136,
        "Direction": "Inbound",
        "nearestStop": "null",
        "Bearing": 0,
        "routeId": "14",
        "tripId": "Unnasigned"
    },
    "2262": {
        "RecordedAtTime": 0,
        "Lat": -41.29673,
        "Long": 174.801239,
        "DelaySeconds": 73,
        "DestinationStopID": 4139,
        "OriginStopID": 7557,
        "Direction": "Outbound",
        "nearestStop": "null",
        "Bearing": 0,
        "routeId": "14",
        "tripId": "Unnasigned"
    },
    "2633": {
        "RecordedAtTime": 0,
        "Lat": -41.291584,
        "Long": 174.7772827,
        "DelaySeconds": 64,
        "DestinationStopID": 4136,
        "OriginStopID": 7557,
        "Direction": "Outbound",
        "nearestStop": "null",
        "Bearing": 0,
        "routeId": "14",
        "tripId": "Unnasigned"
    },
    "3045": {
        "RecordedAtTime": 0,
        "Lat": -41.2640724,
        "Long": 174.7787476,
        "DelaySeconds": 183,
        "DestinationStopID": 7557,
        "OriginStopID": 4136,
        "Direction": "Inbound",
        "nearestStop": "null",
        "Bearing": 0,
        "routeId": "14",
        "tripId": "Unnasigned"
    },
    "3312": {
        "RecordedAtTime": 0,
        "Lat": -41.2723198,
        "Long": 174.7778473,
        "DelaySeconds": 313,
        "DestinationStopID": 4136,
        "OriginStopID": 7557,
        "Direction": "Outbound",
        "nearestStop": "null",
        "Bearing": 0,
        "routeId": "14",
        "tripId": "Unnasigned"
    },
    "1306": {
        "RecordedAtTime": 0,
        "Lat": -41.2878952,
        "Long": 174.7656097,
        "DelaySeconds": 358,
        "DestinationStopID": 6241,
        "OriginStopID": 4332,
        "Direction": "Outbound",
        "nearestStop": "null",
        "Bearing": 0,
        "routeId": "18e",
        "tripId": "Unnasigned"
    },
    "1392": {
        "RecordedAtTime": 0,
        "Lat": -41.3126793,
        "Long": 174.8226776,
        "DelaySeconds": 69,
        "DestinationStopID": 5332,
        "OriginStopID": 7241,
        "Direction": "Inbound",
        "nearestStop": "null",
        "Bearing": 0,
        "routeId": "18e",
        "tripId": "Unnasigned"
    },
    "1673": {
        "RecordedAtTime": 0,
        "Lat": -41.2889366,
        "Long": 174.7232513,
        "DelaySeconds": 0,
        "DestinationStopID": 6241,
        "OriginStopID": 4332,
        "Direction": "Outbound",
        "nearestStop": "null",
        "Bearing": 0,
        "routeId": "18e",
        "tripId": "Unnasigned"
    },
    "2065": {
        "RecordedAtTime": 0,
        "Lat": -41.3157387,
        "Long": 174.7907562,
        "DelaySeconds": 218,
        "DestinationStopID": 6241,
        "OriginStopID": 4332,
        "Direction": "Outbound",
        "nearestStop": "null",
        "Bearing": 0,
        "routeId": "18e",
        "tripId": "Unnasigned"
    },
    "2097": {
        "RecordedAtTime": 0,
        "Lat": -41.3055611,
        "Long": 174.7751465,
        "DelaySeconds": 34,
        "DestinationStopID": 5332,
        "OriginStopID": 7241,
        "Direction": "Inbound",
        "nearestStop": "null",
        "Bearing": 0,
        "routeId": "18e",
        "tripId": "Unnasigned"
    },
    "2270": {
        "RecordedAtTime": 0,
        "Lat": -41.2874565,
        "Long": 174.7668762,
        "DelaySeconds": 244,
        "DestinationStopID": 5332,
        "OriginStopID": 7241,
        "Direction": "Inbound",
        "nearestStop": "null",
        "Bearing": 0,
        "routeId": "18e",
        "tripId": "Unnasigned"
    },
    "1187": {
        "RecordedAtTime": 0,
        "Lat": -41.288353,
        "Long": 174.7722778,
        "DelaySeconds": 430,
        "DestinationStopID": 5520,
        "OriginStopID": 4396,
        "Direction": "Inbound",
        "nearestStop": "null",
        "Bearing": 0,
        "routeId": "37",
        "tripId": "Unnasigned"
    },
    "2641": {
        "RecordedAtTime": 0,
        "Lat": -41.2840271,
        "Long": 174.7487183,
        "DelaySeconds": -49,
        "DestinationStopID": 5520,
        "OriginStopID": 4396,
        "Direction": "Inbound",
        "nearestStop": "null",
        "Bearing": 0,
        "routeId": "37",
        "tripId": "Unnasigned"
    },
    "1137": {
        "RecordedAtTime": 0,
        "Lat": -41.3043442,
        "Long": 174.7750702,
        "DelaySeconds": 176,
        "DestinationStopID": 5016,
        "OriginStopID": 7026,
        "Direction": "Inbound",
        "nearestStop": "null",
        "Bearing": 0,
        "routeId": "3",
        "tripId": "Unnasigned"
    },
    "1234": {
        "RecordedAtTime": 0,
        "Lat": -41.2781105,
        "Long": 174.7794495,
        "DelaySeconds": 0,
        "DestinationStopID": 5016,
        "OriginStopID": 7026,
        "Direction": "Inbound",
        "nearestStop": "null",
        "Bearing": 0,
        "routeId": "3",
        "tripId": "Unnasigned"
    },
    "1299": {
        "RecordedAtTime": 0,
        "Lat": -41.30196,
        "Long": 174.7740479,
        "DelaySeconds": 43,
        "DestinationStopID": 5016,
        "OriginStopID": 7338,
        "Direction": "Inbound",
        "nearestStop": "null",
        "Bearing": 0,
        "routeId": "3",
        "tripId": "Unnasigned"
    },
    "1362": {
        "RecordedAtTime": 0,
        "Lat": -41.2885323,
        "Long": 174.7751465,
        "DelaySeconds": -293,
        "DestinationStopID": 5016,
        "OriginStopID": 7026,
        "Direction": "Inbound",
        "nearestStop": "null",
        "Bearing": 0,
        "routeId": "3",
        "tripId": "Unnasigned"
    },
    "1368": {
        "RecordedAtTime": 0,
        "Lat": -41.2779655,
        "Long": 174.7731171,
        "DelaySeconds": 0,
        "DestinationStopID": 5016,
        "OriginStopID": 7026,
        "Direction": "Inbound",
        "nearestStop": "null",
        "Bearing": 0,
        "routeId": "3",
        "tripId": "Unnasigned"
    },
    "1390": {
        "RecordedAtTime": 0,
        "Lat": -41.32547,
        "Long": 174.7954102,
        "DelaySeconds": -83,
        "DestinationStopID": 5016,
        "OriginStopID": 6345,
        "Direction": "Inbound",
        "nearestStop": "null",
        "Bearing": 0,
        "routeId": "3",
        "tripId": "Unnasigned"
    },
    "1460": {
        "RecordedAtTime": 0,
        "Lat": -41.3128548,
        "Long": 174.78479,
        "DelaySeconds": 281,
        "DestinationStopID": 5016,
        "OriginStopID": 7026,
        "Direction": "Inbound",
        "nearestStop": "null",
        "Bearing": 0,
        "routeId": "3",
        "tripId": "Unnasigned"
    },
    "1506": {
        "RecordedAtTime": 0,
        "Lat": -41.3126526,
        "Long": 174.7873077,
        "DelaySeconds": 42,
        "DestinationStopID": 5016,
        "OriginStopID": 7026,
        "Direction": "Inbound",
        "nearestStop": "null",
        "Bearing": 0,
        "routeId": "3",
        "tripId": "Unnasigned"
    },
    "1615": {
        "RecordedAtTime": 0,
        "Lat": -41.3105125,
        "Long": 174.779068,
        "DelaySeconds": 85,
        "DestinationStopID": 7345,
        "OriginStopID": 6000,
        "Direction": "Outbound",
        "nearestStop": "null",
        "Bearing": 0,
        "routeId": "3",
        "tripId": "Unnasigned"
    },
    "1632": {
        "RecordedAtTime": 0,
        "Lat": -41.2881889,
        "Long": 174.7752991,
        "DelaySeconds": 133,
        "DestinationStopID": 5016,
        "OriginStopID": 7026,
        "Direction": "Inbound",
        "nearestStop": "null",
        "Bearing": 0,
        "routeId": "3",
        "tripId": "Unnasigned"
    },
    "1641": {
        "RecordedAtTime": 0,
        "Lat": -41.298172,
        "Long": 174.7757416,
        "DelaySeconds": 71,
        "DestinationStopID": 6338,
        "OriginStopID": 6000,
        "Direction": "Outbound",
        "nearestStop": "null",
        "Bearing": 0,
        "routeId": "3",
        "tripId": "Unnasigned"
    },
    "2068": {
        "RecordedAtTime": 0,
        "Lat": -41.3223152,
        "Long": 174.795517,
        "DelaySeconds": 273,
        "DestinationStopID": 6338,
        "OriginStopID": 6000,
        "Direction": "Outbound",
        "nearestStop": "null",
        "Bearing": 0,
        "routeId": "3",
        "tripId": "Unnasigned"
    },
    "2069": {
        "RecordedAtTime": 0,
        "Lat": -41.2784424,
        "Long": 174.779068,
        "DelaySeconds": 0,
        "DestinationStopID": 5016,
        "OriginStopID": 7338,
        "Direction": "Inbound",
        "nearestStop": "null",
        "Bearing": 0,
        "routeId": "3",
        "tripId": "Unnasigned"
    },
    "2081": {
        "RecordedAtTime": 0,
        "Lat": -41.3177223,
        "Long": 174.7938538,
        "DelaySeconds": 63,
        "DestinationStopID": 5016,
        "OriginStopID": 7026,
        "Direction": "Inbound",
        "nearestStop": "null",
        "Bearing": 0,
        "routeId": "3",
        "tripId": "Unnasigned"
    },
    "1386": {
        "RecordedAtTime": 0,
        "Lat": -41.313488,
        "Long": 174.7930145,
        "DelaySeconds": 348,
        "DestinationStopID": 5016,
        "OriginStopID": 7099,
        "Direction": "Inbound",
        "nearestStop": "null",
        "Bearing": 0,
        "routeId": "12e",
        "tripId": "Unnasigned"
    },
    "2095": {
        "RecordedAtTime": 0,
        "Lat": -41.2653809,
        "Long": 174.7812195,
        "DelaySeconds": 0,
        "DestinationStopID": 5016,
        "OriginStopID": 7099,
        "Direction": "Inbound",
        "nearestStop": "null",
        "Bearing": 0,
        "routeId": "12e",
        "tripId": "Unnasigned"
    },
    "1186": {
        "RecordedAtTime": 0,
        "Lat": -41.2885666,
        "Long": 174.7571716,
        "DelaySeconds": 398,
        "DestinationStopID": 5520,
        "OriginStopID": 4369,
        "Direction": "Inbound",
        "nearestStop": "null",
        "Bearing": 0,
        "routeId": "33",
        "tripId": "Unnasigned"
    },
    "1511": {
        "RecordedAtTime": 0,
        "Lat": -41.2893715,
        "Long": 174.7234955,
        "DelaySeconds": 55,
        "DestinationStopID": 5520,
        "OriginStopID": 4369,
        "Direction": "Inbound",
        "nearestStop": "null",
        "Bearing": 0,
        "routeId": "33",
        "tripId": "Unnasigned"
    },
    "2073": {
        "RecordedAtTime": 0,
        "Lat": -41.2797012,
        "Long": 174.7681885,
        "DelaySeconds": -19,
        "DestinationStopID": 5520,
        "OriginStopID": 4936,
        "Direction": "Inbound",
        "nearestStop": "null",
        "Bearing": 0,
        "routeId": "13",
        "tripId": "Unnasigned"
    },
    "3911": {
        "RecordedAtTime": 0,
        "Lat": -41.211422,
        "Long": 174.8005371,
        "DelaySeconds": 547,
        "DestinationStopID": 3279,
        "OriginStopID": 7158,
        "Direction": "Outbound",
        "nearestStop": "null",
        "Bearing": 0,
        "routeId": "1",
        "tripId": "Unnasigned"
    },
    "3922": {
        "RecordedAtTime": 0,
        "Lat": -41.2246704,
        "Long": 174.8066406,
        "DelaySeconds": 87,
        "DestinationStopID": 5516,
        "OriginStopID": 3050,
        "Direction": "Inbound",
        "nearestStop": "null",
        "Bearing": 0,
        "routeId": "1",
        "tripId": "Unnasigned"
    },
    "3937": {
        "RecordedAtTime": 0,
        "Lat": -41.3118095,
        "Long": 174.7792206,
        "DelaySeconds": 552,
        "DestinationStopID": 6158,
        "OriginStopID": 3050,
        "Direction": "Inbound",
        "nearestStop": "null",
        "Bearing": 0,
        "routeId": "1",
        "tripId": "Unnasigned"
    },
    "3938": {
        "RecordedAtTime": 0,
        "Lat": -41.2227783,
        "Long": 174.8050842,
        "DelaySeconds": 67,
        "DestinationStopID": 6158,
        "OriginStopID": 3297,
        "Direction": "Inbound",
        "nearestStop": "null",
        "Bearing": 0,
        "routeId": "1",
        "tripId": "Unnasigned"
    },
    "3939": {
        "RecordedAtTime": 0,
        "Lat": -41.224926,
        "Long": 174.807373,
        "DelaySeconds": 246,
        "DestinationStopID": 6158,
        "OriginStopID": 3451,
        "Direction": "Inbound",
        "nearestStop": "null",
        "Bearing": 0,
        "routeId": "1",
        "tripId": "Unnasigned"
    },
    "3942": {
        "RecordedAtTime": 0,
        "Lat": -41.2786407,
        "Long": 174.778717,
        "DelaySeconds": 1199,
        "DestinationStopID": 6158,
        "OriginStopID": 3297,
        "Direction": "Inbound",
        "nearestStop": "null",
        "Bearing": 0,
        "routeId": "1",
        "tripId": "Unnasigned"
    },
    "3943": {
        "RecordedAtTime": 0,
        "Lat": -41.3144455,
        "Long": 174.7783203,
        "DelaySeconds": -1,
        "DestinationStopID": 3279,
        "OriginStopID": 7158,
        "Direction": "Outbound",
        "nearestStop": "null",
        "Bearing": 0,
        "routeId": "1",
        "tripId": "Unnasigned"
    },
    "3945": {
        "RecordedAtTime": 0,
        "Lat": -41.3094711,
        "Long": 174.7787323,
        "DelaySeconds": 985,
        "DestinationStopID": 6158,
        "OriginStopID": 3451,
        "Direction": "Inbound",
        "nearestStop": "null",
        "Bearing": 0,
        "routeId": "1",
        "tripId": "Unnasigned"
    },
    "3948": {
        "RecordedAtTime": 0,
        "Lat": -41.2742195,
        "Long": 174.7835846,
        "DelaySeconds": 856,
        "DestinationStopID": 6158,
        "OriginStopID": 3451,
        "Direction": "Inbound",
        "nearestStop": "null",
        "Bearing": 0,
        "routeId": "1",
        "tripId": "Unnasigned"
    },
    "3950": {
        "RecordedAtTime": 0,
        "Lat": -41.2955589,
        "Long": 174.7827759,
        "DelaySeconds": 219,
        "DestinationStopID": 3451,
        "OriginStopID": 7158,
        "Direction": "Outbound",
        "nearestStop": "null",
        "Bearing": 0,
        "routeId": "1",
        "tripId": "Unnasigned"
    },
    "3951": {
        "RecordedAtTime": 0,
        "Lat": -41.2396774,
        "Long": 174.8078613,
        "DelaySeconds": 783,
        "DestinationStopID": 6158,
        "OriginStopID": 3297,
        "Direction": "Inbound",
        "nearestStop": "null",
        "Bearing": 0,
        "routeId": "1",
        "tripId": "Unnasigned"
    },
    "3953": {
        "RecordedAtTime": 0,
        "Lat": -41.2699814,
        "Long": 174.7811279,
        "DelaySeconds": 81,
        "DestinationStopID": 3279,
        "OriginStopID": 7158,
        "Direction": "Outbound",
        "nearestStop": "null",
        "Bearing": 0,
        "routeId": "1",
        "tripId": "Unnasigned"
    },
    "3959": {
        "RecordedAtTime": 0,
        "Lat": -41.3079109,
        "Long": 174.7780609,
        "DelaySeconds": 266,
        "DestinationStopID": 3040,
        "OriginStopID": 7158,
        "Direction": "Outbound",
        "nearestStop": "null",
        "Bearing": 0,
        "routeId": "1",
        "tripId": "Unnasigned"
    },
    "3962": {
        "RecordedAtTime": 0,
        "Lat": -41.3344879,
        "Long": 174.7733765,
        "DelaySeconds": 20,
        "DestinationStopID": 3000,
        "OriginStopID": 7158,
        "Direction": "Outbound",
        "nearestStop": "null",
        "Bearing": 0,
        "routeId": "1",
        "tripId": "Unnasigned"
    },
    "3963": {
        "RecordedAtTime": 0,
        "Lat": -41.2222252,
        "Long": 174.8222046,
        "DelaySeconds": 196,
        "DestinationStopID": 3451,
        "OriginStopID": 7158,
        "Direction": "Outbound",
        "nearestStop": "null",
        "Bearing": 0,
        "routeId": "1",
        "tripId": "Unnasigned"
    },
    "3967": {
        "RecordedAtTime": 0,
        "Lat": -41.2273827,
        "Long": 174.8076324,
        "DelaySeconds": -15,
        "DestinationStopID": 3040,
        "OriginStopID": 7158,
        "Direction": "Outbound",
        "nearestStop": "null",
        "Bearing": 0,
        "routeId": "1",
        "tripId": "Unnasigned"
    },
    "3968": {
        "RecordedAtTime": 0,
        "Lat": -41.2222748,
        "Long": 174.8220673,
        "DelaySeconds": -43,
        "DestinationStopID": 6158,
        "OriginStopID": 3451,
        "Direction": "Inbound",
        "nearestStop": "null",
        "Bearing": 0,
        "routeId": "1",
        "tripId": "Unnasigned"
    },
    "3969": {
        "RecordedAtTime": 0,
        "Lat": -41.2253952,
        "Long": 174.7940063,
        "DelaySeconds": 13,
        "DestinationStopID": 6158,
        "OriginStopID": 3050,
        "Direction": "Inbound",
        "nearestStop": "null",
        "Bearing": 0,
        "routeId": "1",
        "tripId": "Unnasigned"
    },
    "1101": {
        "RecordedAtTime": 0,
        "Lat": -41.29319,
        "Long": 174.7800598,
        "DelaySeconds": 366,
        "DestinationStopID": 5332,
        "OriginStopID": 7042,
        "Direction": "Outbound",
        "nearestStop": "null",
        "Bearing": 0,
        "routeId": "2",
        "tripId": "Unnasigned"
    },
    "1129": {
        "RecordedAtTime": 0,
        "Lat": -41.3074989,
        "Long": 174.792923,
        "DelaySeconds": 352,
        "DestinationStopID": 5332,
        "OriginStopID": 7042,
        "Direction": "Outbound",
        "nearestStop": "null",
        "Bearing": 0,
        "routeId": "2",
        "tripId": "Unnasigned"
    },
    "1313": {
        "RecordedAtTime": 0,
        "Lat": -41.2845535,
        "Long": 174.737915,
        "DelaySeconds": -71,
        "DestinationStopID": 7042,
        "OriginStopID": 4332,
        "Direction": "Inbound",
        "nearestStop": "null",
        "Bearing": 0,
        "routeId": "2",
        "tripId": "Unnasigned"
    },
    "1409": {
        "RecordedAtTime": 0,
        "Lat": -41.3245697,
        "Long": 174.8205566,
        "DelaySeconds": 8,
        "DestinationStopID": 5332,
        "OriginStopID": 7042,
        "Direction": "Outbound",
        "nearestStop": "null",
        "Bearing": 0,
        "routeId": "2",
        "tripId": "Unnasigned"
    },
    "1420": {
        "RecordedAtTime": 0,
        "Lat": -41.2788925,
        "Long": 174.7760925,
        "DelaySeconds": 523,
        "DestinationStopID": 5332,
        "OriginStopID": 7042,
        "Direction": "Outbound",
        "nearestStop": "null",
        "Bearing": 0,
        "routeId": "2",
        "tripId": "Unnasigned"
    },
    "1463": {
        "RecordedAtTime": 0,
        "Lat": -41.2813263,
        "Long": 174.750473,
        "DelaySeconds": 341,
        "DestinationStopID": 7042,
        "OriginStopID": 4332,
        "Direction": "Inbound",
        "nearestStop": "null",
        "Bearing": 0,
        "routeId": "2",
        "tripId": "Unnasigned"
    },
    "1526": {
        "RecordedAtTime": 0,
        "Lat": -41.2990723,
        "Long": 174.7883911,
        "DelaySeconds": 119,
        "DestinationStopID": 7042,
        "OriginStopID": 4332,
        "Direction": "Inbound",
        "nearestStop": "null",
        "Bearing": 0,
        "routeId": "2",
        "tripId": "Unnasigned"
    },
    "1541": {
        "RecordedAtTime": 0,
        "Lat": -41.2871552,
        "Long": 174.725174,
        "DelaySeconds": 229,
        "DestinationStopID": 5332,
        "OriginStopID": 7042,
        "Direction": "Outbound",
        "nearestStop": "null",
        "Bearing": 0,
        "routeId": "2",
        "tripId": "Unnasigned"
    },
    "1578": {
        "RecordedAtTime": 0,
        "Lat": -41.3251076,
        "Long": 174.8180542,
        "DelaySeconds": 339,
        "DestinationStopID": 7042,
        "OriginStopID": 4332,
        "Direction": "Inbound",
        "nearestStop": "null",
        "Bearing": 0,
        "routeId": "2",
        "tripId": "Unnasigned"
    },
    "1637": {
        "RecordedAtTime": 0,
        "Lat": -41.303894,
        "Long": 174.793869,
        "DelaySeconds": 543,
        "DestinationStopID": 7042,
        "OriginStopID": 4332,
        "Direction": "Inbound",
        "nearestStop": "null",
        "Bearing": 0,
        "routeId": "2",
        "tripId": "Unnasigned"
    },
    "2076": {
        "RecordedAtTime": 0,
        "Lat": -41.2810555,
        "Long": 174.7663269,
        "DelaySeconds": 574,
        "DestinationStopID": 7042,
        "OriginStopID": 4332,
        "Direction": "Inbound",
        "nearestStop": "null",
        "Bearing": 0,
        "routeId": "2",
        "tripId": "Unnasigned"
    },
    "2078": {
        "RecordedAtTime": 0,
        "Lat": -41.3169098,
        "Long": 174.8073273,
        "DelaySeconds": 216,
        "DestinationStopID": 5332,
        "OriginStopID": 7042,
        "Direction": "Outbound",
        "nearestStop": "null",
        "Bearing": 0,
        "routeId": "2",
        "tripId": "Unnasigned"
    },
    "2528": {
        "RecordedAtTime": 0,
        "Lat": -41.3324051,
        "Long": 174.8235321,
        "DelaySeconds": 13,
        "DestinationStopID": 7036,
        "OriginStopID": 7298,
        "Direction": "Inbound",
        "nearestStop": "null",
        "Bearing": 0,
        "routeId": "28",
        "tripId": "Unnasigned"
    },
    "3743": {
        "RecordedAtTime": 0,
        "Lat": -41.3070717,
        "Long": 174.7772217,
        "DelaySeconds": 127,
        "DestinationStopID": 7720,
        "OriginStopID": 7746,
        "Direction": "Inbound",
        "nearestStop": "null",
        "Bearing": 0,
        "routeId": "29",
        "tripId": "Unnasigned"
    },
    "3746": {
        "RecordedAtTime": 0,
        "Lat": -41.3358421,
        "Long": 174.780365,
        "DelaySeconds": 171,
        "DestinationStopID": 7746,
        "OriginStopID": 7720,
        "Direction": "Outbound",
        "nearestStop": "null",
        "Bearing": 0,
        "routeId": "29",
        "tripId": "Unnasigned"
    },
    "3749": {
        "RecordedAtTime": 0,
        "Lat": -41.3204842,
        "Long": 174.7600403,
        "DelaySeconds": 67,
        "DestinationStopID": 7720,
        "OriginStopID": 7746,
        "Direction": "Inbound",
        "nearestStop": "null",
        "Bearing": 0,
        "routeId": "29",
        "tripId": "Unnasigned"
    },
    "1134": {
        "RecordedAtTime": 0,
        "Lat": -41.2887497,
        "Long": 174.7714844,
        "DelaySeconds": 489,
        "DestinationStopID": 5915,
        "OriginStopID": 6001,
        "Direction": "Outbound",
        "nearestStop": "null",
        "Bearing": 0,
        "routeId": "22",
        "tripId": "Unnasigned"
    },
    "1307": {
        "RecordedAtTime": 0,
        "Lat": -41.2784424,
        "Long": 174.7793121,
        "DelaySeconds": 0,
        "DestinationStopID": 5016,
        "OriginStopID": 4936,
        "Direction": "Inbound",
        "nearestStop": "null",
        "Bearing": 0,
        "routeId": "22",
        "tripId": "Unnasigned"
    },
    "1653": {
        "RecordedAtTime": 0,
        "Lat": -41.283577,
        "Long": 174.7571411,
        "DelaySeconds": -112,
        "DestinationStopID": 5016,
        "OriginStopID": 4936,
        "Direction": "Inbound",
        "nearestStop": "null",
        "Bearing": 0,
        "routeId": "22",
        "tripId": "Unnasigned"
    },
    "2066": {
        "RecordedAtTime": 0,
        "Lat": -41.2647476,
        "Long": 174.7665558,
        "DelaySeconds": 303,
        "DestinationStopID": 5936,
        "OriginStopID": 6001,
        "Direction": "Outbound",
        "nearestStop": "null",
        "Bearing": 0,
        "routeId": "22",
        "tripId": "Unnasigned"
    },
    "2647": {
        "RecordedAtTime": 0,
        "Lat": -41.2227173,
        "Long": 174.8054199,
        "DelaySeconds": 0,
        "DestinationStopID": 5016,
        "OriginStopID": 3081,
        "Direction": "Inbound",
        "nearestStop": "null",
        "Bearing": 0,
        "routeId": "22",
        "tripId": "Unnasigned"
    },
    "2094": {
        "RecordedAtTime": 0,
        "Lat": -41.3160095,
        "Long": 174.8155518,
        "DelaySeconds": -56,
        "DestinationStopID": 7099,
        "OriginStopID": 6224,
        "Direction": "Outbound",
        "nearestStop": "null",
        "Bearing": 0,
        "routeId": "12",
        "tripId": "Unnasigned"
    },
    "2551": {
        "RecordedAtTime": 0,
        "Lat": -41.3243027,
        "Long": 174.8200531,
        "DelaySeconds": 129,
        "DestinationStopID": 7224,
        "OriginStopID": 7099,
        "Direction": "Inbound",
        "nearestStop": "null",
        "Bearing": 0,
        "routeId": "12",
        "tripId": "Unnasigned"
    },
    "3274": {
        "RecordedAtTime": 0,
        "Lat": -41.3173103,
        "Long": 174.8045807,
        "DelaySeconds": 0,
        "DestinationStopID": 7099,
        "OriginStopID": 6224,
        "Direction": "Outbound",
        "nearestStop": "null",
        "Bearing": 0,
        "routeId": "12",
        "tripId": "Unnasigned"
    },
    "1376": {
        "RecordedAtTime": 0,
        "Lat": -41.3115959,
        "Long": 174.8199615,
        "DelaySeconds": -51,
        "DestinationStopID": 5016,
        "OriginStopID": 7246,
        "Direction": "Inbound",
        "nearestStop": "null",
        "Bearing": 0,
        "routeId": "31x",
        "tripId": "Unnasigned"
    },
    "1692": {
        "RecordedAtTime": 0,
        "Lat": -41.2825356,
        "Long": 174.7760468,
        "DelaySeconds": 354,
        "DestinationStopID": 5016,
        "OriginStopID": 7246,
        "Direction": "Inbound",
        "nearestStop": "null",
        "Bearing": 0,
        "routeId": "31x",
        "tripId": "Unnasigned"
    },
    "2075": {
        "RecordedAtTime": 0,
        "Lat": -41.3020477,
        "Long": 174.7919464,
        "DelaySeconds": 183,
        "DestinationStopID": 5016,
        "OriginStopID": 7246,
        "Direction": "Inbound",
        "nearestStop": "null",
        "Bearing": 0,
        "routeId": "31x",
        "tripId": "Unnasigned"
    },
    "2550": {
        "RecordedAtTime": 0,
        "Lat": -41.2988701,
        "Long": 174.787735,
        "DelaySeconds": 214,
        "DestinationStopID": 5016,
        "OriginStopID": 7246,
        "Direction": "Inbound",
        "nearestStop": "null",
        "Bearing": 0,
        "routeId": "31x",
        "tripId": "Unnasigned"
    },
    "2632": {
        "RecordedAtTime": 0,
        "Lat": -41.3129997,
        "Long": 174.8188477,
        "DelaySeconds": 7,
        "DestinationStopID": 5016,
        "OriginStopID": 7246,
        "Direction": "Inbound",
        "nearestStop": "null",
        "Bearing": 0,
        "routeId": "31x",
        "tripId": "Unnasigned"
    },
    "3029": {
        "RecordedAtTime": 0,
        "Lat": -41.285202,
        "Long": 174.7758179,
        "DelaySeconds": 466,
        "DestinationStopID": 5016,
        "OriginStopID": 7246,
        "Direction": "Inbound",
        "nearestStop": "null",
        "Bearing": 0,
        "routeId": "31x",
        "tripId": "Unnasigned"
    },
    "3823": {
        "RecordedAtTime": 0,
        "Lat": -41.2484589,
        "Long": 174.7869568,
        "DelaySeconds": 175,
        "DestinationStopID": 5520,
        "OriginStopID": 4419,
        "Direction": "Inbound",
        "nearestStop": "null",
        "Bearing": 0,
        "routeId": "26",
        "tripId": "Unnasigned"
    },
    "3848": {
        "RecordedAtTime": 0,
        "Lat": -41.2666321,
        "Long": 174.7821045,
        "DelaySeconds": 171,
        "DestinationStopID": 4419,
        "OriginStopID": 5520,
        "Direction": "Outbound",
        "nearestStop": "null",
        "Bearing": 0,
        "routeId": "26",
        "tripId": "Unnasigned"
    },
    "3874": {
        "RecordedAtTime": 0,
        "Lat": -41.2598381,
        "Long": 174.7893677,
        "DelaySeconds": 553,
        "DestinationStopID": 5520,
        "OriginStopID": 4419,
        "Direction": "Inbound",
        "nearestStop": "null",
        "Bearing": 0,
        "routeId": "26",
        "tripId": "Unnasigned"
    },
    "2185": {
        "RecordedAtTime": 0,
        "Lat": -41.231308,
        "Long": 174.8134308,
        "DelaySeconds": -233,
        "DestinationStopID": 5516,
        "OriginStopID": 3000,
        "Direction": "Inbound",
        "nearestStop": "null",
        "Bearing": 0,
        "routeId": "56",
        "tripId": "Unnasigned"
    },
    "2485": {
        "RecordedAtTime": 0,
        "Lat": -41.2234612,
        "Long": 174.8049011,
        "DelaySeconds": 0,
        "DestinationStopID": 5516,
        "OriginStopID": 3000,
        "Direction": "Inbound",
        "nearestStop": "null",
        "Bearing": 0,
        "routeId": "56",
        "tripId": "Unnasigned"
    },
    "2529": {
        "RecordedAtTime": 0,
        "Lat": -41.2581291,
        "Long": 174.7924652,
        "DelaySeconds": -137,
        "DestinationStopID": 5516,
        "OriginStopID": 3000,
        "Direction": "Inbound",
        "nearestStop": "null",
        "Bearing": 0,
        "routeId": "56",
        "tripId": "Unnasigned"
    },
    "2539": {
        "RecordedAtTime": 0,
        "Lat": -41.292408,
        "Long": 174.7826538,
        "DelaySeconds": 0,
        "DestinationStopID": 5516,
        "OriginStopID": 3000,
        "Direction": "Inbound",
        "nearestStop": "null",
        "Bearing": 0,
        "routeId": "56",
        "tripId": "Unnasigned"
    },
    "7129": {
        "RecordedAtTime": 0,
        "Lat": -41.2292213,
        "Long": 174.8182831,
        "DelaySeconds": -126,
        "DestinationStopID": 5516,
        "OriginStopID": 3000,
        "Direction": "Inbound",
        "nearestStop": "null",
        "Bearing": 0,
        "routeId": "56",
        "tripId": "Unnasigned"
    },
    "1105": {
        "RecordedAtTime": 0,
        "Lat": -41.3377113,
        "Long": 174.8109436,
        "DelaySeconds": 0,
        "DestinationStopID": 5016,
        "OriginStopID": 7052,
        "Direction": "Inbound",
        "nearestStop": "null",
        "Bearing": 0,
        "routeId": "30x",
        "tripId": "Unnasigned"
    },
    "1507": {
        "RecordedAtTime": 0,
        "Lat": -41.3224945,
        "Long": 174.8300934,
        "DelaySeconds": -73,
        "DestinationStopID": 5016,
        "OriginStopID": 7072,
        "Direction": "Inbound",
        "nearestStop": "null",
        "Bearing": 0,
        "routeId": "30x",
        "tripId": "Unnasigned"
    },
    "2080": {
        "RecordedAtTime": 0,
        "Lat": -41.3125877,
        "Long": 174.7964783,
        "DelaySeconds": 94,
        "DestinationStopID": 5016,
        "OriginStopID": 7072,
        "Direction": "Inbound",
        "nearestStop": "null",
        "Bearing": 0,
        "routeId": "30x",
        "tripId": "Unnasigned"
    },
    "2150": {
        "RecordedAtTime": 0,
        "Lat": -41.3216515,
        "Long": 174.8132935,
        "DelaySeconds": -11,
        "DestinationStopID": 5016,
        "OriginStopID": 7052,
        "Direction": "Inbound",
        "nearestStop": "null",
        "Bearing": 0,
        "routeId": "30x",
        "tripId": "Unnasigned"
    },
    "2212": {
        "RecordedAtTime": 0,
        "Lat": -41.293499,
        "Long": 174.7810974,
        "DelaySeconds": 445,
        "DestinationStopID": 5016,
        "OriginStopID": 7052,
        "Direction": "Inbound",
        "nearestStop": "null",
        "Bearing": 0,
        "routeId": "30x",
        "tripId": "Unnasigned"
    },
    "2257": {
        "RecordedAtTime": 0,
        "Lat": -41.2893066,
        "Long": 174.7753296,
        "DelaySeconds": 651,
        "DestinationStopID": 5016,
        "OriginStopID": 7072,
        "Direction": "Inbound",
        "nearestStop": "null",
        "Bearing": 0,
        "routeId": "30x",
        "tripId": "Unnasigned"
    },
    "3791": {
        "RecordedAtTime": 0,
        "Lat": -41.28965,
        "Long": 174.8032837,
        "DelaySeconds": 258,
        "DestinationStopID": 5016,
        "OriginStopID": 6081,
        "Direction": "Outbound",
        "nearestStop": "null",
        "Bearing": 0,
        "routeId": "24",
        "tripId": "Unnasigned"
    },
    "3810": {
        "RecordedAtTime": 0,
        "Lat": -41.223774,
        "Long": 174.8048401,
        "DelaySeconds": 0,
        "DestinationStopID": 3250,
        "OriginStopID": 6081,
        "Direction": "Outbound",
        "nearestStop": "null",
        "Bearing": 0,
        "routeId": "24",
        "tripId": "Unnasigned"
    },
    "3832": {
        "RecordedAtTime": 0,
        "Lat": -41.2525787,
        "Long": 174.8030243,
        "DelaySeconds": 399,
        "DestinationStopID": 7083,
        "OriginStopID": 3081,
        "Direction": "Inbound",
        "nearestStop": "null",
        "Bearing": 0,
        "routeId": "24",
        "tripId": "Unnasigned"
    },
    "3834": {
        "RecordedAtTime": 0,
        "Lat": -41.3172302,
        "Long": 174.795578,
        "DelaySeconds": 56,
        "DestinationStopID": 5016,
        "OriginStopID": 6081,
        "Direction": "Outbound",
        "nearestStop": "null",
        "Bearing": 0,
        "routeId": "24",
        "tripId": "Unnasigned"
    },
    "3837": {
        "RecordedAtTime": 0,
        "Lat": -41.2758636,
        "Long": 174.7819977,
        "DelaySeconds": 420,
        "DestinationStopID": 3250,
        "OriginStopID": 6081,
        "Direction": "Outbound",
        "nearestStop": "null",
        "Bearing": 0,
        "routeId": "24",
        "tripId": "Unnasigned"
    },
    "3869": {
        "RecordedAtTime": 0,
        "Lat": -41.2482071,
        "Long": 174.8014221,
        "DelaySeconds": 185,
        "DestinationStopID": 6224,
        "OriginStopID": 3081,
        "Direction": "Inbound",
        "nearestStop": "null",
        "Bearing": 0,
        "routeId": "24",
        "tripId": "Unnasigned"
    },
    "3890": {
        "RecordedAtTime": 0,
        "Lat": -41.2960892,
        "Long": 174.8287354,
        "DelaySeconds": 5,
        "DestinationStopID": 3250,
        "OriginStopID": 6081,
        "Direction": "Outbound",
        "nearestStop": "null",
        "Bearing": 0,
        "routeId": "24",
        "tripId": "Unnasigned"
    },
    "3921": {
        "RecordedAtTime": 0,
        "Lat": -41.3172989,
        "Long": 174.7958984,
        "DelaySeconds": 0,
        "DestinationStopID": 6224,
        "OriginStopID": 3081,
        "Direction": "Inbound",
        "nearestStop": "null",
        "Bearing": 0,
        "routeId": "24",
        "tripId": "Unnasigned"
    },
    "3929": {
        "RecordedAtTime": 0,
        "Lat": -41.2696075,
        "Long": 174.7810822,
        "DelaySeconds": 1093,
        "DestinationStopID": 6224,
        "OriginStopID": 3081,
        "Direction": "Inbound",
        "nearestStop": "null",
        "Bearing": 0,
        "routeId": "24",
        "tripId": "Unnasigned"
    },
    "3941": {
        "RecordedAtTime": 0,
        "Lat": -41.2743835,
        "Long": 174.7778473,
        "DelaySeconds": 0,
        "DestinationStopID": 5113,
        "OriginStopID": 7163,
        "Direction": "Inbound",
        "nearestStop": "null",
        "Bearing": 0,
        "routeId": "32x",
        "tripId": "Unnasigned"
    },
    "3952": {
        "RecordedAtTime": 0,
        "Lat": -41.2871323,
        "Long": 174.7759552,
        "DelaySeconds": -237,
        "DestinationStopID": 5113,
        "OriginStopID": 7163,
        "Direction": "Inbound",
        "nearestStop": "null",
        "Bearing": 0,
        "routeId": "32x",
        "tripId": "Unnasigned"
    },
    "3954": {
        "RecordedAtTime": 0,
        "Lat": -41.3066559,
        "Long": 174.7780914,
        "DelaySeconds": 18,
        "DestinationStopID": 5113,
        "OriginStopID": 7163,
        "Direction": "Inbound",
        "nearestStop": "null",
        "Bearing": 0,
        "routeId": "32x",
        "tripId": "Unnasigned"
    },
    "3955": {
        "RecordedAtTime": 0,
        "Lat": -41.27808,
        "Long": 174.7794647,
        "DelaySeconds": 0,
        "DestinationStopID": 5113,
        "OriginStopID": 7163,
        "Direction": "Inbound",
        "nearestStop": "null",
        "Bearing": 0,
        "routeId": "32x",
        "tripId": "Unnasigned"
    },
    "3958": {
        "RecordedAtTime": 0,
        "Lat": -41.3201065,
        "Long": 174.7752838,
        "DelaySeconds": 34,
        "DestinationStopID": 5113,
        "OriginStopID": 7163,
        "Direction": "Inbound",
        "nearestStop": "null",
        "Bearing": 0,
        "routeId": "32x",
        "tripId": "Unnasigned"
    },
    "1118": {
        "RecordedAtTime": 0,
        "Lat": -41.2853813,
        "Long": 174.7373657,
        "DelaySeconds": 0,
        "DestinationStopID": 5516,
        "OriginStopID": 4396,
        "Direction": "Inbound",
        "nearestStop": "null",
        "Bearing": 0,
        "routeId": "21",
        "tripId": "Unnasigned"
    },
    "1371": {
        "RecordedAtTime": 0,
        "Lat": -41.2876396,
        "Long": 174.7657318,
        "DelaySeconds": 186,
        "DestinationStopID": 5516,
        "OriginStopID": 4396,
        "Direction": "Inbound",
        "nearestStop": "null",
        "Bearing": 0,
        "routeId": "21",
        "tripId": "Unnasigned"
    },
    "2064": {
        "RecordedAtTime": 0,
        "Lat": -41.282856,
        "Long": 174.7443848,
        "DelaySeconds": 5734,
        "DestinationStopID": 5516,
        "OriginStopID": 4396,
        "Direction": "Inbound",
        "nearestStop": "null",
        "Bearing": 0,
        "routeId": "21",
        "tripId": "Unnasigned"
    },
    "2084": {
        "RecordedAtTime": 0,
        "Lat": -41.2889824,
        "Long": 174.7719269,
        "DelaySeconds": 484,
        "DestinationStopID": 5327,
        "OriginStopID": 5000,
        "Direction": "Outbound",
        "nearestStop": "null",
        "Bearing": 0,
        "routeId": "21",
        "tripId": "Unnasigned"
    },
    "3907": {
        "RecordedAtTime": 0,
        "Lat": -41.2936554,
        "Long": 174.784256,
        "DelaySeconds": 0,
        "DestinationStopID": 5016,
        "OriginStopID": 7774,
        "Direction": "Inbound",
        "nearestStop": "null",
        "Bearing": 0,
        "routeId": "17e",
        "tripId": "Unnasigned"
    },
    "3925": {
        "RecordedAtTime": 0,
        "Lat": -41.302597,
        "Long": 174.7602234,
        "DelaySeconds": -102,
        "DestinationStopID": 5016,
        "OriginStopID": 7774,
        "Direction": "Inbound",
        "nearestStop": "null",
        "Bearing": 0,
        "routeId": "17e",
        "tripId": "Unnasigned"
    },
    "3930": {
        "RecordedAtTime": 0,
        "Lat": -41.2843018,
        "Long": 174.7761383,
        "DelaySeconds": -300,
        "DestinationStopID": 5016,
        "OriginStopID": 7774,
        "Direction": "Inbound",
        "nearestStop": "null",
        "Bearing": 0,
        "routeId": "17e",
        "tripId": "Unnasigned"
    },
    "1249": {
        "RecordedAtTime": 0,
        "Lat": -41.2259407,
        "Long": 174.8322449,
        "DelaySeconds": 93,
        "DestinationStopID": 3081,
        "OriginStopID": 5000,
        "Direction": "Outbound",
        "nearestStop": "null",
        "Bearing": 0,
        "routeId": "52",
        "tripId": "Unnasigned"
    },
    "1765": {
        "RecordedAtTime": 0,
        "Lat": -41.291626,
        "Long": 174.7773895,
        "DelaySeconds": 42,
        "DestinationStopID": 3009,
        "OriginStopID": 5000,
        "Direction": "Outbound",
        "nearestStop": "null",
        "Bearing": 0,
        "routeId": "52",
        "tripId": "Unnasigned"
    },
    "3740": {
        "RecordedAtTime": 0,
        "Lat": -41.3131371,
        "Long": 174.7574005,
        "DelaySeconds": 28,
        "DestinationStopID": 7774,
        "OriginStopID": 7720,
        "Direction": "Outbound",
        "nearestStop": "null",
        "Bearing": 0,
        "routeId": "17",
        "tripId": "Unnasigned"
    },
    "2077": {
        "RecordedAtTime": 0,
        "Lat": -41.2939301,
        "Long": 174.7832489,
        "DelaySeconds": 0,
        "DestinationStopID": 5520,
        "OriginStopID": 4327,
        "Direction": "Inbound",
        "nearestStop": "null",
        "Bearing": 0,
        "routeId": "34",
        "tripId": "Unnasigned"
    },
    "2093": {
        "RecordedAtTime": 0,
        "Lat": -41.2832184,
        "Long": 174.7759705,
        "DelaySeconds": 0,
        "DestinationStopID": 5520,
        "OriginStopID": 4352,
        "Direction": "Inbound",
        "nearestStop": "null",
        "Bearing": 0,
        "routeId": "34",
        "tripId": "Unnasigned"
    },
    "2656": {
        "RecordedAtTime": 0,
        "Lat": -41.2839432,
        "Long": 174.7400665,
        "DelaySeconds": 196,
        "DestinationStopID": 5520,
        "OriginStopID": 4352,
        "Direction": "Inbound",
        "nearestStop": "null",
        "Bearing": 0,
        "routeId": "34",
        "tripId": "Unnasigned"
    }
}