{
    "3961": {
        "RecordedAtTime": 0,
        "Lat": -41.3016891,
        "Long": 174.779541,
        "DelaySeconds": -29,
        "DestinationStopID": 5016,
        "OriginStopID": 7937,
        "Direction": "Inbound",
        "nearestStop": "null",
        "Bearing": 0,
        "routeId": "23e",
        "tripId": "Unnasigned"
    },
    "1118": {
        "RecordedAtTime": 0,
        "Lat": -41.2939377,
        "Long": 174.7828827,
        "DelaySeconds": 0,
        "DestinationStopID": 5000,
        "OriginStopID": 7026,
        "Direction": "Inbound",
        "nearestStop": "null",
        "Bearing": 0,
        "routeId": "20",
        "tripId": "Unnasigned"
    },
    "1515": {
        "RecordedAtTime": 0,
        "Lat": -41.2944794,
        "Long": 174.7849121,
        "DelaySeconds": 27,
        "DestinationStopID": 6224,
        "OriginStopID": 5516,
        "Direction": "Outbound",
        "nearestStop": "null",
        "Bearing": 0,
        "routeId": "20",
        "tripId": "Unnasigned"
    },
    "3050": {
        "RecordedAtTime": 0,
        "Lat": -41.315834,
        "Long": 174.7914581,
        "DelaySeconds": 7,
        "DestinationStopID": 5000,
        "OriginStopID": 7026,
        "Direction": "Inbound",
        "nearestStop": "null",
        "Bearing": 0,
        "routeId": "20",
        "tripId": "Unnasigned"
    },
    "1112": {
        "RecordedAtTime": 0,
        "Lat": -41.3121376,
        "Long": 174.7935028,
        "DelaySeconds": 5,
        "DestinationStopID": 5016,
        "OriginStopID": 7224,
        "Direction": "Inbound",
        "nearestStop": "null",
        "Bearing": 0,
        "routeId": "36",
        "tripId": "Unnasigned"
    },
    "1282": {
        "RecordedAtTime": 0,
        "Lat": -41.2932053,
        "Long": 174.7802124,
        "DelaySeconds": 102,
        "DestinationStopID": 5016,
        "OriginStopID": 7338,
        "Direction": "Inbound",
        "nearestStop": "null",
        "Bearing": 0,
        "routeId": "36",
        "tripId": "Unnasigned"
    },
    "1525": {
        "RecordedAtTime": 0,
        "Lat": -41.3325844,
        "Long": 174.7910004,
        "DelaySeconds": -17,
        "DestinationStopID": 5016,
        "OriginStopID": 7338,
        "Direction": "Inbound",
        "nearestStop": "null",
        "Bearing": 0,
        "routeId": "36",
        "tripId": "Unnasigned"
    },
    "3817": {
        "RecordedAtTime": 0,
        "Lat": -41.2241821,
        "Long": 174.8039246,
        "DelaySeconds": 160,
        "DestinationStopID": 5520,
        "OriginStopID": 3000,
        "Direction": "Outbound",
        "nearestStop": "null",
        "Bearing": 0,
        "routeId": "19e",
        "tripId": "Unnasigned"
    },
    "3823": {
        "RecordedAtTime": 0,
        "Lat": -41.2831688,
        "Long": 174.7758789,
        "DelaySeconds": 0,
        "DestinationStopID": 5520,
        "OriginStopID": 3000,
        "Direction": "Outbound",
        "nearestStop": "null",
        "Bearing": 0,
        "routeId": "19e",
        "tripId": "Unnasigned"
    },
    "3916": {
        "RecordedAtTime": 0,
        "Lat": -41.1991615,
        "Long": 174.8014221,
        "DelaySeconds": 3,
        "DestinationStopID": 5520,
        "OriginStopID": 3000,
        "Direction": "Outbound",
        "nearestStop": "null",
        "Bearing": 0,
        "routeId": "19e",
        "tripId": "Unnasigned"
    },
    "1763": {
        "RecordedAtTime": 0,
        "Lat": -41.2425461,
        "Long": 174.8132782,
        "DelaySeconds": 191,
        "DestinationStopID": 5516,
        "OriginStopID": 3760,
        "Direction": "Inbound",
        "nearestStop": "null",
        "Bearing": 0,
        "routeId": "58",
        "tripId": "Unnasigned"
    },
    "2196": {
        "RecordedAtTime": 0,
        "Lat": -41.2283821,
        "Long": 174.8273926,
        "DelaySeconds": -26,
        "DestinationStopID": 5516,
        "OriginStopID": 3760,
        "Direction": "Inbound",
        "nearestStop": "null",
        "Bearing": 0,
        "routeId": "58",
        "tripId": "Unnasigned"
    },
    "2544": {
        "RecordedAtTime": 0,
        "Lat": -41.2926064,
        "Long": 174.7832031,
        "DelaySeconds": 0,
        "DestinationStopID": 5516,
        "OriginStopID": 3760,
        "Direction": "Inbound",
        "nearestStop": "null",
        "Bearing": 0,
        "routeId": "58",
        "tripId": "Unnasigned"
    },
    "1217": {
        "RecordedAtTime": 0,
        "Lat": -41.2627678,
        "Long": 174.7881317,
        "DelaySeconds": 109,
        "DestinationStopID": 5516,
        "OriginStopID": 8858,
        "Direction": "Inbound",
        "nearestStop": "null",
        "Bearing": 0,
        "routeId": "85x",
        "tripId": "Unnasigned"
    },
    "1352": {
        "RecordedAtTime": 0,
        "Lat": -41.2531281,
        "Long": 174.9045868,
        "DelaySeconds": 244,
        "DestinationStopID": 5516,
        "OriginStopID": 8858,
        "Direction": "Inbound",
        "nearestStop": "null",
        "Bearing": 0,
        "routeId": "85x",
        "tripId": "Unnasigned"
    },
    "2262": {
        "RecordedAtTime": 0,
        "Lat": -41.2581711,
        "Long": 174.7942047,
        "DelaySeconds": 73,
        "DestinationStopID": 5516,
        "OriginStopID": 8858,
        "Direction": "Inbound",
        "nearestStop": "null",
        "Bearing": 0,
        "routeId": "85x",
        "tripId": "Unnasigned"
    },
    "3739": {
        "RecordedAtTime": 0,
        "Lat": -41.3138809,
        "Long": 174.7798004,
        "DelaySeconds": -14,
        "DestinationStopID": 6730,
        "OriginStopID": 7937,
        "Direction": "Inbound",
        "nearestStop": "null",
        "Bearing": 0,
        "routeId": "23",
        "tripId": "Unnasigned"
    },
    "3743": {
        "RecordedAtTime": 0,
        "Lat": -41.3101158,
        "Long": 174.7723389,
        "DelaySeconds": 0,
        "DestinationStopID": 6746,
        "OriginStopID": 6730,
        "Direction": "Outbound",
        "nearestStop": "null",
        "Bearing": 0,
        "routeId": "23",
        "tripId": "Unnasigned"
    },
    "3748": {
        "RecordedAtTime": 0,
        "Lat": -41.3196869,
        "Long": 174.7692566,
        "DelaySeconds": -49,
        "DestinationStopID": 6937,
        "OriginStopID": 6730,
        "Direction": "Outbound",
        "nearestStop": "null",
        "Bearing": 0,
        "routeId": "23",
        "tripId": "Unnasigned"
    },
    "3851": {
        "RecordedAtTime": 0,
        "Lat": -41.3050346,
        "Long": 174.7653961,
        "DelaySeconds": -53,
        "DestinationStopID": 5016,
        "OriginStopID": 6733,
        "Direction": "Inbound",
        "nearestStop": "null",
        "Bearing": 0,
        "routeId": "7",
        "tripId": "Unnasigned"
    },
    "3935": {
        "RecordedAtTime": 0,
        "Lat": -41.3233337,
        "Long": 174.7635345,
        "DelaySeconds": 0,
        "DestinationStopID": 5016,
        "OriginStopID": 6733,
        "Direction": "Inbound",
        "nearestStop": "null",
        "Bearing": 0,
        "routeId": "7",
        "tripId": "Unnasigned"
    },
    "3936": {
        "RecordedAtTime": 0,
        "Lat": -41.2785301,
        "Long": 174.7792358,
        "DelaySeconds": 0,
        "DestinationStopID": 6733,
        "OriginStopID": 6000,
        "Direction": "Outbound",
        "nearestStop": "null",
        "Bearing": 0,
        "routeId": "7",
        "tripId": "Unnasigned"
    },
    "3946": {
        "RecordedAtTime": 0,
        "Lat": -41.3235703,
        "Long": 174.7636414,
        "DelaySeconds": 0,
        "DestinationStopID": 5016,
        "OriginStopID": 6733,
        "Direction": "Inbound",
        "nearestStop": "null",
        "Bearing": 0,
        "routeId": "7",
        "tripId": "Unnasigned"
    },
    "3965": {
        "RecordedAtTime": 0,
        "Lat": -41.2781219,
        "Long": 174.7796021,
        "DelaySeconds": 0,
        "DestinationStopID": 6733,
        "OriginStopID": 6000,
        "Direction": "Outbound",
        "nearestStop": "null",
        "Bearing": 0,
        "routeId": "7",
        "tripId": "Unnasigned"
    },
    "3970": {
        "RecordedAtTime": 0,
        "Lat": -41.2969246,
        "Long": 174.7707062,
        "DelaySeconds": 189,
        "DestinationStopID": 6733,
        "OriginStopID": 6000,
        "Direction": "Outbound",
        "nearestStop": "null",
        "Bearing": 0,
        "routeId": "7",
        "tripId": "Unnasigned"
    },
    "3972": {
        "RecordedAtTime": 0,
        "Lat": -41.3005295,
        "Long": 174.7689056,
        "DelaySeconds": 110,
        "DestinationStopID": 5016,
        "OriginStopID": 6733,
        "Direction": "Inbound",
        "nearestStop": "null",
        "Bearing": 0,
        "routeId": "7",
        "tripId": "Unnasigned"
    },
    "3819": {
        "RecordedAtTime": 0,
        "Lat": -41.2546196,
        "Long": 174.7736359,
        "DelaySeconds": 258,
        "DestinationStopID": 4947,
        "OriginStopID": 4419,
        "Direction": "Inbound",
        "nearestStop": "null",
        "Bearing": 0,
        "routeId": "25",
        "tripId": "Unnasigned"
    },
    "3838": {
        "RecordedAtTime": 0,
        "Lat": -41.2473412,
        "Long": 174.7910156,
        "DelaySeconds": 0,
        "DestinationStopID": 4947,
        "OriginStopID": 4419,
        "Direction": "Inbound",
        "nearestStop": "null",
        "Bearing": 0,
        "routeId": "25",
        "tripId": "Unnasigned"
    },
    "3839": {
        "RecordedAtTime": 0,
        "Lat": -41.2862511,
        "Long": 174.7762299,
        "DelaySeconds": 13,
        "DestinationStopID": 4947,
        "OriginStopID": 4419,
        "Direction": "Inbound",
        "nearestStop": "null",
        "Bearing": 0,
        "routeId": "25",
        "tripId": "Unnasigned"
    },
    "3845": {
        "RecordedAtTime": 0,
        "Lat": -41.294075,
        "Long": 174.7531891,
        "DelaySeconds": 0,
        "DestinationStopID": 4947,
        "OriginStopID": 4419,
        "Direction": "Inbound",
        "nearestStop": "null",
        "Bearing": 0,
        "routeId": "25",
        "tripId": "Unnasigned"
    },
    "3873": {
        "RecordedAtTime": 0,
        "Lat": -41.2912598,
        "Long": 174.7735596,
        "DelaySeconds": 602,
        "DestinationStopID": 4419,
        "OriginStopID": 4947,
        "Direction": "Outbound",
        "nearestStop": "null",
        "Bearing": 0,
        "routeId": "25",
        "tripId": "Unnasigned"
    },
    "3902": {
        "RecordedAtTime": 0,
        "Lat": -41.28862,
        "Long": 174.7549591,
        "DelaySeconds": 111,
        "DestinationStopID": 4419,
        "OriginStopID": 4947,
        "Direction": "Outbound",
        "nearestStop": "null",
        "Bearing": 0,
        "routeId": "25",
        "tripId": "Unnasigned"
    },
    "1764": {
        "RecordedAtTime": 0,
        "Lat": -41.2235527,
        "Long": 174.8237762,
        "DelaySeconds": -47,
        "DestinationStopID": 5516,
        "OriginStopID": 3710,
        "Direction": "Inbound",
        "nearestStop": "null",
        "Bearing": 0,
        "routeId": "57",
        "tripId": "Unnasigned"
    },
    "1765": {
        "RecordedAtTime": 0,
        "Lat": -41.2697487,
        "Long": 174.7811432,
        "DelaySeconds": 12,
        "DestinationStopID": 5516,
        "OriginStopID": 3710,
        "Direction": "Inbound",
        "nearestStop": "null",
        "Bearing": 0,
        "routeId": "57",
        "tripId": "Unnasigned"
    },
    "2168": {
        "RecordedAtTime": 0,
        "Lat": -41.2209663,
        "Long": 174.8315125,
        "DelaySeconds": 67,
        "DestinationStopID": 5516,
        "OriginStopID": 3710,
        "Direction": "Inbound",
        "nearestStop": "null",
        "Bearing": 0,
        "routeId": "57",
        "tripId": "Unnasigned"
    },
    "2185": {
        "RecordedAtTime": 0,
        "Lat": -41.2441368,
        "Long": 174.8140869,
        "DelaySeconds": 0,
        "DestinationStopID": 5516,
        "OriginStopID": 3710,
        "Direction": "Inbound",
        "nearestStop": "null",
        "Bearing": 0,
        "routeId": "57",
        "tripId": "Unnasigned"
    },
    "3872": {
        "RecordedAtTime": 0,
        "Lat": -41.3139076,
        "Long": 174.7798157,
        "DelaySeconds": 76,
        "DestinationStopID": 5016,
        "OriginStopID": 6960,
        "Direction": "Outbound",
        "nearestStop": "null",
        "Bearing": 0,
        "routeId": "29e",
        "tripId": "Unnasigned"
    },
    "3923": {
        "RecordedAtTime": 0,
        "Lat": -41.3410225,
        "Long": 174.7807617,
        "DelaySeconds": 32,
        "DestinationStopID": 5016,
        "OriginStopID": 7746,
        "Direction": "Inbound",
        "nearestStop": "null",
        "Bearing": 0,
        "routeId": "29e",
        "tripId": "Unnasigned"
    },
    "3924": {
        "RecordedAtTime": 0,
        "Lat": -41.2944984,
        "Long": 174.7716522,
        "DelaySeconds": -309,
        "DestinationStopID": 5016,
        "OriginStopID": 7746,
        "Direction": "Inbound",
        "nearestStop": "null",
        "Bearing": 0,
        "routeId": "29e",
        "tripId": "Unnasigned"
    },
    "1241": {
        "RecordedAtTime": 0,
        "Lat": -41.2618294,
        "Long": 174.7703552,
        "DelaySeconds": 149,
        "DestinationStopID": 7557,
        "OriginStopID": 4136,
        "Direction": "Inbound",
        "nearestStop": "null",
        "Bearing": 0,
        "routeId": "14",
        "tripId": "Unnasigned"
    },
    "1573": {
        "RecordedAtTime": 0,
        "Lat": -41.2940292,
        "Long": 174.7840881,
        "DelaySeconds": 64,
        "DestinationStopID": 4136,
        "OriginStopID": 7557,
        "Direction": "Outbound",
        "nearestStop": "null",
        "Bearing": 0,
        "routeId": "14",
        "tripId": "Unnasigned"
    },
    "2059": {
        "RecordedAtTime": 0,
        "Lat": -41.2848396,
        "Long": 174.7756195,
        "DelaySeconds": 121,
        "DestinationStopID": 7557,
        "OriginStopID": 4136,
        "Direction": "Inbound",
        "nearestStop": "null",
        "Bearing": 0,
        "routeId": "14",
        "tripId": "Unnasigned"
    },
    "2091": {
        "RecordedAtTime": 0,
        "Lat": -41.3037567,
        "Long": 174.7945709,
        "DelaySeconds": 0,
        "DestinationStopID": 7557,
        "OriginStopID": 4136,
        "Direction": "Inbound",
        "nearestStop": "null",
        "Bearing": 0,
        "routeId": "14",
        "tripId": "Unnasigned"
    },
    "2092": {
        "RecordedAtTime": 0,
        "Lat": -41.2686234,
        "Long": 174.7571411,
        "DelaySeconds": 423,
        "DestinationStopID": 4136,
        "OriginStopID": 7557,
        "Direction": "Outbound",
        "nearestStop": "null",
        "Bearing": 0,
        "routeId": "14",
        "tripId": "Unnasigned"
    },
    "2632": {
        "RecordedAtTime": 0,
        "Lat": -41.2885132,
        "Long": 174.8024292,
        "DelaySeconds": 100,
        "DestinationStopID": 7557,
        "OriginStopID": 4136,
        "Direction": "Inbound",
        "nearestStop": "null",
        "Bearing": 0,
        "routeId": "14",
        "tripId": "Unnasigned"
    },
    "3045": {
        "RecordedAtTime": 0,
        "Lat": -41.2758484,
        "Long": 174.7777405,
        "DelaySeconds": 363,
        "DestinationStopID": 4136,
        "OriginStopID": 7557,
        "Direction": "Outbound",
        "nearestStop": "null",
        "Bearing": 0,
        "routeId": "14",
        "tripId": "Unnasigned"
    },
    "3312": {
        "RecordedAtTime": 0,
        "Lat": -41.3001595,
        "Long": 174.7982025,
        "DelaySeconds": 13,
        "DestinationStopID": 4136,
        "OriginStopID": 7557,
        "Direction": "Outbound",
        "nearestStop": "null",
        "Bearing": 0,
        "routeId": "14",
        "tripId": "Unnasigned"
    },
    "2065": {
        "RecordedAtTime": 0,
        "Lat": -41.2846603,
        "Long": 174.7537994,
        "DelaySeconds": -28,
        "DestinationStopID": 6241,
        "OriginStopID": 4332,
        "Direction": "Outbound",
        "nearestStop": "null",
        "Bearing": 0,
        "routeId": "18e",
        "tripId": "Unnasigned"
    },
    "2270": {
        "RecordedAtTime": 0,
        "Lat": -41.318367,
        "Long": 174.7972565,
        "DelaySeconds": 117,
        "DestinationStopID": 5332,
        "OriginStopID": 7241,
        "Direction": "Inbound",
        "nearestStop": "null",
        "Bearing": 0,
        "routeId": "18e",
        "tripId": "Unnasigned"
    },
    "2066": {
        "RecordedAtTime": 0,
        "Lat": -41.2838478,
        "Long": 174.7745514,
        "DelaySeconds": -58,
        "DestinationStopID": 5520,
        "OriginStopID": 4396,
        "Direction": "Inbound",
        "nearestStop": "null",
        "Bearing": 0,
        "routeId": "37",
        "tripId": "Unnasigned"
    },
    "1132": {
        "RecordedAtTime": 0,
        "Lat": -41.3133087,
        "Long": 174.7825317,
        "DelaySeconds": 247,
        "DestinationStopID": 6338,
        "OriginStopID": 6000,
        "Direction": "Outbound",
        "nearestStop": "null",
        "Bearing": 0,
        "routeId": "3",
        "tripId": "Unnasigned"
    },
    "1138": {
        "RecordedAtTime": 0,
        "Lat": -41.2848701,
        "Long": 174.7756653,
        "DelaySeconds": 136,
        "DestinationStopID": 5016,
        "OriginStopID": 7026,
        "Direction": "Inbound",
        "nearestStop": "null",
        "Bearing": 0,
        "routeId": "3",
        "tripId": "Unnasigned"
    },
    "1234": {
        "RecordedAtTime": 0,
        "Lat": -41.3140755,
        "Long": 174.7902679,
        "DelaySeconds": 154,
        "DestinationStopID": 5016,
        "OriginStopID": 7026,
        "Direction": "Inbound",
        "nearestStop": "null",
        "Bearing": 0,
        "routeId": "3",
        "tripId": "Unnasigned"
    },
    "1307": {
        "RecordedAtTime": 0,
        "Lat": -41.2626762,
        "Long": 174.7772827,
        "DelaySeconds": 0,
        "DestinationStopID": 5016,
        "OriginStopID": 7338,
        "Direction": "Inbound",
        "nearestStop": "null",
        "Bearing": 0,
        "routeId": "3",
        "tripId": "Unnasigned"
    },
    "1368": {
        "RecordedAtTime": 0,
        "Lat": -41.3129539,
        "Long": 174.7795258,
        "DelaySeconds": 245,
        "DestinationStopID": 5016,
        "OriginStopID": 7026,
        "Direction": "Inbound",
        "nearestStop": "null",
        "Bearing": 0,
        "routeId": "3",
        "tripId": "Unnasigned"
    },
    "1390": {
        "RecordedAtTime": 0,
        "Lat": -41.3072701,
        "Long": 174.7759705,
        "DelaySeconds": -294,
        "DestinationStopID": 7345,
        "OriginStopID": 6000,
        "Direction": "Outbound",
        "nearestStop": "null",
        "Bearing": 0,
        "routeId": "3",
        "tripId": "Unnasigned"
    },
    "1615": {
        "RecordedAtTime": 0,
        "Lat": -41.2866402,
        "Long": 174.7762146,
        "DelaySeconds": 185,
        "DestinationStopID": 5016,
        "OriginStopID": 7338,
        "Direction": "Inbound",
        "nearestStop": "null",
        "Bearing": 0,
        "routeId": "3",
        "tripId": "Unnasigned"
    },
    "1641": {
        "RecordedAtTime": 0,
        "Lat": -41.2997017,
        "Long": 174.7749023,
        "DelaySeconds": 186,
        "DestinationStopID": 5016,
        "OriginStopID": 7026,
        "Direction": "Inbound",
        "nearestStop": "null",
        "Bearing": 0,
        "routeId": "3",
        "tripId": "Unnasigned"
    },
    "2068": {
        "RecordedAtTime": 0,
        "Lat": -41.2809639,
        "Long": 174.7760925,
        "DelaySeconds": 34,
        "DestinationStopID": 6338,
        "OriginStopID": 6000,
        "Direction": "Outbound",
        "nearestStop": "null",
        "Bearing": 0,
        "routeId": "3",
        "tripId": "Unnasigned"
    },
    "2069": {
        "RecordedAtTime": 0,
        "Lat": -41.3170013,
        "Long": 174.7935028,
        "DelaySeconds": 170,
        "DestinationStopID": 5016,
        "OriginStopID": 7338,
        "Direction": "Inbound",
        "nearestStop": "null",
        "Bearing": 0,
        "routeId": "3",
        "tripId": "Unnasigned"
    },
    "2095": {
        "RecordedAtTime": 0,
        "Lat": -41.3116837,
        "Long": 174.7936096,
        "DelaySeconds": 213,
        "DestinationStopID": 5016,
        "OriginStopID": 7099,
        "Direction": "Inbound",
        "nearestStop": "null",
        "Bearing": 0,
        "routeId": "12e",
        "tripId": "Unnasigned"
    },
    "1293": {
        "RecordedAtTime": 0,
        "Lat": -41.2877235,
        "Long": 174.7294922,
        "DelaySeconds": 182,
        "DestinationStopID": 5520,
        "OriginStopID": 4369,
        "Direction": "Inbound",
        "nearestStop": "null",
        "Bearing": 0,
        "routeId": "33",
        "tripId": "Unnasigned"
    },
    "1634": {
        "RecordedAtTime": 0,
        "Lat": -41.2788582,
        "Long": 174.7758026,
        "DelaySeconds": 0,
        "DestinationStopID": 5520,
        "OriginStopID": 4369,
        "Direction": "Inbound",
        "nearestStop": "null",
        "Bearing": 0,
        "routeId": "33",
        "tripId": "Unnasigned"
    },
    "1231": {
        "RecordedAtTime": 0,
        "Lat": -41.2843895,
        "Long": 174.7389069,
        "DelaySeconds": 0,
        "DestinationStopID": 5520,
        "OriginStopID": 4936,
        "Direction": "Inbound",
        "nearestStop": "null",
        "Bearing": 0,
        "routeId": "13",
        "tripId": "Unnasigned"
    },
    "2286": {
        "RecordedAtTime": 0,
        "Lat": -41.2760773,
        "Long": 174.7592163,
        "DelaySeconds": 7,
        "DestinationStopID": 5520,
        "OriginStopID": 4936,
        "Direction": "Inbound",
        "nearestStop": "null",
        "Bearing": 0,
        "routeId": "13",
        "tripId": "Unnasigned"
    },
    "3911": {
        "RecordedAtTime": 0,
        "Lat": -41.2894554,
        "Long": 174.7750549,
        "DelaySeconds": 543,
        "DestinationStopID": 3279,
        "OriginStopID": 7158,
        "Direction": "Outbound",
        "nearestStop": "null",
        "Bearing": 0,
        "routeId": "1",
        "tripId": "Unnasigned"
    },
    "3937": {
        "RecordedAtTime": 0,
        "Lat": -41.2483902,
        "Long": 174.812027,
        "DelaySeconds": 331,
        "DestinationStopID": 6158,
        "OriginStopID": 3050,
        "Direction": "Inbound",
        "nearestStop": "null",
        "Bearing": 0,
        "routeId": "1",
        "tripId": "Unnasigned"
    },
    "3942": {
        "RecordedAtTime": 0,
        "Lat": -41.2257156,
        "Long": 174.8072052,
        "DelaySeconds": 239,
        "DestinationStopID": 6158,
        "OriginStopID": 3297,
        "Direction": "Inbound",
        "nearestStop": "null",
        "Bearing": 0,
        "routeId": "1",
        "tripId": "Unnasigned"
    },
    "3945": {
        "RecordedAtTime": 0,
        "Lat": -41.2712173,
        "Long": 174.7818756,
        "DelaySeconds": 553,
        "DestinationStopID": 6158,
        "OriginStopID": 3451,
        "Direction": "Inbound",
        "nearestStop": "null",
        "Bearing": 0,
        "routeId": "1",
        "tripId": "Unnasigned"
    },
    "3948": {
        "RecordedAtTime": 0,
        "Lat": -41.2227898,
        "Long": 174.80513,
        "DelaySeconds": 105,
        "DestinationStopID": 6158,
        "OriginStopID": 3451,
        "Direction": "Inbound",
        "nearestStop": "null",
        "Bearing": 0,
        "routeId": "1",
        "tripId": "Unnasigned"
    },
    "3950": {
        "RecordedAtTime": 0,
        "Lat": -41.3430595,
        "Long": 174.7704163,
        "DelaySeconds": 0,
        "DestinationStopID": 3451,
        "OriginStopID": 7158,
        "Direction": "Outbound",
        "nearestStop": "null",
        "Bearing": 0,
        "routeId": "1",
        "tripId": "Unnasigned"
    },
    "3951": {
        "RecordedAtTime": 0,
        "Lat": -41.2093849,
        "Long": 174.8062744,
        "DelaySeconds": -120,
        "DestinationStopID": 6158,
        "OriginStopID": 3297,
        "Direction": "Inbound",
        "nearestStop": "null",
        "Bearing": 0,
        "routeId": "1",
        "tripId": "Unnasigned"
    },
    "3953": {
        "RecordedAtTime": 0,
        "Lat": -41.3237,
        "Long": 174.7750244,
        "DelaySeconds": -69,
        "DestinationStopID": 3279,
        "OriginStopID": 7158,
        "Direction": "Outbound",
        "nearestStop": "null",
        "Bearing": 0,
        "routeId": "1",
        "tripId": "Unnasigned"
    },
    "3958": {
        "RecordedAtTime": 0,
        "Lat": -41.3248863,
        "Long": 174.7750092,
        "DelaySeconds": -239,
        "DestinationStopID": 6158,
        "OriginStopID": 3050,
        "Direction": "Inbound",
        "nearestStop": "null",
        "Bearing": 0,
        "routeId": "1",
        "tripId": "Unnasigned"
    },
    "3959": {
        "RecordedAtTime": 0,
        "Lat": -41.3432732,
        "Long": 174.7715607,
        "DelaySeconds": 0,
        "DestinationStopID": 3040,
        "OriginStopID": 7158,
        "Direction": "Outbound",
        "nearestStop": "null",
        "Bearing": 0,
        "routeId": "1",
        "tripId": "Unnasigned"
    },
    "3962": {
        "RecordedAtTime": 0,
        "Lat": -41.2933426,
        "Long": 174.7810059,
        "DelaySeconds": 217,
        "DestinationStopID": 6158,
        "OriginStopID": 3297,
        "Direction": "Inbound",
        "nearestStop": "null",
        "Bearing": 0,
        "routeId": "1",
        "tripId": "Unnasigned"
    },
    "3963": {
        "RecordedAtTime": 0,
        "Lat": -41.2926788,
        "Long": 174.7792206,
        "DelaySeconds": 139,
        "DestinationStopID": 3451,
        "OriginStopID": 7158,
        "Direction": "Outbound",
        "nearestStop": "null",
        "Bearing": 0,
        "routeId": "1",
        "tripId": "Unnasigned"
    },
    "3967": {
        "RecordedAtTime": 0,
        "Lat": -41.3061981,
        "Long": 174.7781982,
        "DelaySeconds": 44,
        "DestinationStopID": 3040,
        "OriginStopID": 7158,
        "Direction": "Outbound",
        "nearestStop": "null",
        "Bearing": 0,
        "routeId": "1",
        "tripId": "Unnasigned"
    },
    "3968": {
        "RecordedAtTime": 0,
        "Lat": -41.2162094,
        "Long": 174.8207245,
        "DelaySeconds": -73,
        "DestinationStopID": 3451,
        "OriginStopID": 7158,
        "Direction": "Outbound",
        "nearestStop": "null",
        "Bearing": 0,
        "routeId": "1",
        "tripId": "Unnasigned"
    },
    "1101": {
        "RecordedAtTime": 0,
        "Lat": -41.322525,
        "Long": 174.8300018,
        "DelaySeconds": 68,
        "DestinationStopID": 5332,
        "OriginStopID": 7042,
        "Direction": "Outbound",
        "nearestStop": "null",
        "Bearing": 0,
        "routeId": "2",
        "tripId": "Unnasigned"
    },
    "1129": {
        "RecordedAtTime": 0,
        "Lat": -41.3244858,
        "Long": 174.8203278,
        "DelaySeconds": 82,
        "DestinationStopID": 7042,
        "OriginStopID": 4332,
        "Direction": "Inbound",
        "nearestStop": "null",
        "Bearing": 0,
        "routeId": "2",
        "tripId": "Unnasigned"
    },
    "1409": {
        "RecordedAtTime": 0,
        "Lat": -41.3083534,
        "Long": 174.7926636,
        "DelaySeconds": -23,
        "DestinationStopID": 7042,
        "OriginStopID": 4332,
        "Direction": "Inbound",
        "nearestStop": "null",
        "Bearing": 0,
        "routeId": "2",
        "tripId": "Unnasigned"
    },
    "1420": {
        "RecordedAtTime": 0,
        "Lat": -41.3173599,
        "Long": 174.8041077,
        "DelaySeconds": 64,
        "DestinationStopID": 5332,
        "OriginStopID": 7042,
        "Direction": "Outbound",
        "nearestStop": "null",
        "Bearing": 0,
        "routeId": "2",
        "tripId": "Unnasigned"
    },
    "1511": {
        "RecordedAtTime": 0,
        "Lat": -41.288826,
        "Long": 174.7748718,
        "DelaySeconds": 301,
        "DestinationStopID": 5332,
        "OriginStopID": 7042,
        "Direction": "Outbound",
        "nearestStop": "null",
        "Bearing": 0,
        "routeId": "2",
        "tripId": "Unnasigned"
    },
    "1526": {
        "RecordedAtTime": 0,
        "Lat": -41.2860565,
        "Long": 174.7329865,
        "DelaySeconds": -2,
        "DestinationStopID": 7042,
        "OriginStopID": 4332,
        "Direction": "Inbound",
        "nearestStop": "null",
        "Bearing": 0,
        "routeId": "2",
        "tripId": "Unnasigned"
    },
    "1541": {
        "RecordedAtTime": 0,
        "Lat": -41.302372,
        "Long": 174.79216,
        "DelaySeconds": 259,
        "DestinationStopID": 5332,
        "OriginStopID": 7042,
        "Direction": "Outbound",
        "nearestStop": "null",
        "Bearing": 0,
        "routeId": "2",
        "tripId": "Unnasigned"
    },
    "1578": {
        "RecordedAtTime": 0,
        "Lat": -41.2837563,
        "Long": 174.7754974,
        "DelaySeconds": 190,
        "DestinationStopID": 7042,
        "OriginStopID": 4332,
        "Direction": "Inbound",
        "nearestStop": "null",
        "Bearing": 0,
        "routeId": "2",
        "tripId": "Unnasigned"
    },
    "1637": {
        "RecordedAtTime": 0,
        "Lat": -41.2846298,
        "Long": 174.7537537,
        "DelaySeconds": 273,
        "DestinationStopID": 7042,
        "OriginStopID": 4332,
        "Direction": "Inbound",
        "nearestStop": "null",
        "Bearing": 0,
        "routeId": "2",
        "tripId": "Unnasigned"
    },
    "2076": {
        "RecordedAtTime": 0,
        "Lat": -41.2882614,
        "Long": 174.7572632,
        "DelaySeconds": 632,
        "DestinationStopID": 5332,
        "OriginStopID": 7042,
        "Direction": "Outbound",
        "nearestStop": "null",
        "Bearing": 0,
        "routeId": "2",
        "tripId": "Unnasigned"
    },
    "2528": {
        "RecordedAtTime": 0,
        "Lat": -41.3232155,
        "Long": 174.8272247,
        "DelaySeconds": -34,
        "DestinationStopID": 7036,
        "OriginStopID": 7298,
        "Direction": "Inbound",
        "nearestStop": "null",
        "Bearing": 0,
        "routeId": "28",
        "tripId": "Unnasigned"
    },
    "3735": {
        "RecordedAtTime": 0,
        "Lat": -41.3382072,
        "Long": 174.7805023,
        "DelaySeconds": 0,
        "DestinationStopID": 7746,
        "OriginStopID": 7720,
        "Direction": "Outbound",
        "nearestStop": "null",
        "Bearing": 0,
        "routeId": "29",
        "tripId": "Unnasigned"
    },
    "3746": {
        "RecordedAtTime": 0,
        "Lat": -41.3254128,
        "Long": 174.7586212,
        "DelaySeconds": 66,
        "DestinationStopID": 7720,
        "OriginStopID": 7746,
        "Direction": "Inbound",
        "nearestStop": "null",
        "Bearing": 0,
        "routeId": "29",
        "tripId": "Unnasigned"
    },
    "3749": {
        "RecordedAtTime": 0,
        "Lat": -41.3071518,
        "Long": 174.7774963,
        "DelaySeconds": 24,
        "DestinationStopID": 7720,
        "OriginStopID": 7746,
        "Direction": "Inbound",
        "nearestStop": "null",
        "Bearing": 0,
        "routeId": "29",
        "tripId": "Unnasigned"
    },
    "1134": {
        "RecordedAtTime": 0,
        "Lat": -41.2777901,
        "Long": 174.7798004,
        "DelaySeconds": 0,
        "DestinationStopID": 5915,
        "OriginStopID": 6001,
        "Direction": "Outbound",
        "nearestStop": "null",
        "Bearing": 0,
        "routeId": "22",
        "tripId": "Unnasigned"
    },
    "1653": {
        "RecordedAtTime": 0,
        "Lat": -41.2887115,
        "Long": 174.7719269,
        "DelaySeconds": 69,
        "DestinationStopID": 5016,
        "OriginStopID": 4936,
        "Direction": "Inbound",
        "nearestStop": "null",
        "Bearing": 0,
        "routeId": "22",
        "tripId": "Unnasigned"
    },
    "2063": {
        "RecordedAtTime": 0,
        "Lat": -41.2714157,
        "Long": 174.7550049,
        "DelaySeconds": 354,
        "DestinationStopID": 5936,
        "OriginStopID": 6001,
        "Direction": "Outbound",
        "nearestStop": "null",
        "Bearing": 0,
        "routeId": "22",
        "tripId": "Unnasigned"
    },
    "2085": {
        "RecordedAtTime": 0,
        "Lat": -41.3251076,
        "Long": 174.8203125,
        "DelaySeconds": 18,
        "DestinationStopID": 7224,
        "OriginStopID": 7099,
        "Direction": "Inbound",
        "nearestStop": "null",
        "Bearing": 0,
        "routeId": "12",
        "tripId": "Unnasigned"
    },
    "2551": {
        "RecordedAtTime": 0,
        "Lat": -41.3157082,
        "Long": 174.8101196,
        "DelaySeconds": -7,
        "DestinationStopID": 7099,
        "OriginStopID": 6224,
        "Direction": "Outbound",
        "nearestStop": "null",
        "Bearing": 0,
        "routeId": "12",
        "tripId": "Unnasigned"
    },
    "3274": {
        "RecordedAtTime": 0,
        "Lat": -41.3371925,
        "Long": 174.8145294,
        "DelaySeconds": 23,
        "DestinationStopID": 7099,
        "OriginStopID": 6224,
        "Direction": "Outbound",
        "nearestStop": "null",
        "Bearing": 0,
        "routeId": "12",
        "tripId": "Unnasigned"
    },
    "1392": {
        "RecordedAtTime": 0,
        "Lat": -41.2828636,
        "Long": 174.7754517,
        "DelaySeconds": 130,
        "DestinationStopID": 6241,
        "OriginStopID": 6001,
        "Direction": "Outbound",
        "nearestStop": "null",
        "Bearing": 0,
        "routeId": "31x",
        "tripId": "Unnasigned"
    },
    "1692": {
        "RecordedAtTime": 0,
        "Lat": -41.3124046,
        "Long": 174.8235474,
        "DelaySeconds": 3,
        "DestinationStopID": 5016,
        "OriginStopID": 7246,
        "Direction": "Inbound",
        "nearestStop": "null",
        "Bearing": 0,
        "routeId": "31x",
        "tripId": "Unnasigned"
    },
    "2550": {
        "RecordedAtTime": 0,
        "Lat": -41.3118324,
        "Long": 174.8196106,
        "DelaySeconds": -58,
        "DestinationStopID": 6241,
        "OriginStopID": 6001,
        "Direction": "Outbound",
        "nearestStop": "null",
        "Bearing": 0,
        "routeId": "31x",
        "tripId": "Unnasigned"
    },
    "2588": {
        "RecordedAtTime": 0,
        "Lat": -41.2916946,
        "Long": 174.7774353,
        "DelaySeconds": 67,
        "DestinationStopID": 5016,
        "OriginStopID": 7246,
        "Direction": "Inbound",
        "nearestStop": "null",
        "Bearing": 0,
        "routeId": "31x",
        "tripId": "Unnasigned"
    },
    "3029": {
        "RecordedAtTime": 0,
        "Lat": -41.3118324,
        "Long": 174.8238373,
        "DelaySeconds": -47,
        "DestinationStopID": 5016,
        "OriginStopID": 7246,
        "Direction": "Inbound",
        "nearestStop": "null",
        "Bearing": 0,
        "routeId": "31x",
        "tripId": "Unnasigned"
    },
    "3848": {
        "RecordedAtTime": 0,
        "Lat": -41.2501297,
        "Long": 174.7735748,
        "DelaySeconds": 386,
        "DestinationStopID": 5520,
        "OriginStopID": 4419,
        "Direction": "Inbound",
        "nearestStop": "null",
        "Bearing": 0,
        "routeId": "26",
        "tripId": "Unnasigned"
    },
    "3874": {
        "RecordedAtTime": 0,
        "Lat": -41.2494392,
        "Long": 174.7826538,
        "DelaySeconds": 100,
        "DestinationStopID": 4419,
        "OriginStopID": 5520,
        "Direction": "Outbound",
        "nearestStop": "null",
        "Bearing": 0,
        "routeId": "26",
        "tripId": "Unnasigned"
    },
    "3910": {
        "RecordedAtTime": 0,
        "Lat": -41.2968979,
        "Long": 174.770874,
        "DelaySeconds": 0,
        "DestinationStopID": 5520,
        "OriginStopID": 4419,
        "Direction": "Inbound",
        "nearestStop": "null",
        "Bearing": 0,
        "routeId": "26",
        "tripId": "Unnasigned"
    },
    "2247": {
        "RecordedAtTime": 0,
        "Lat": -41.285305,
        "Long": 174.7766724,
        "DelaySeconds": -203,
        "DestinationStopID": 5516,
        "OriginStopID": 3000,
        "Direction": "Inbound",
        "nearestStop": "null",
        "Bearing": 0,
        "routeId": "56",
        "tripId": "Unnasigned"
    },
    "2529": {
        "RecordedAtTime": 0,
        "Lat": -41.2234077,
        "Long": 174.8049469,
        "DelaySeconds": 0,
        "DestinationStopID": 5516,
        "OriginStopID": 3000,
        "Direction": "Inbound",
        "nearestStop": "null",
        "Bearing": 0,
        "routeId": "56",
        "tripId": "Unnasigned"
    },
    "2539": {
        "RecordedAtTime": 0,
        "Lat": -41.2331276,
        "Long": 174.8085175,
        "DelaySeconds": 62,
        "DestinationStopID": 5516,
        "OriginStopID": 3000,
        "Direction": "Inbound",
        "nearestStop": "null",
        "Bearing": 0,
        "routeId": "56",
        "tripId": "Unnasigned"
    },
    "1524": {
        "RecordedAtTime": 0,
        "Lat": -41.2905693,
        "Long": 174.7758179,
        "DelaySeconds": 179,
        "DestinationStopID": 5016,
        "OriginStopID": 7052,
        "Direction": "Inbound",
        "nearestStop": "null",
        "Bearing": 0,
        "routeId": "30x",
        "tripId": "Unnasigned"
    },
    "2212": {
        "RecordedAtTime": 0,
        "Lat": -41.3286591,
        "Long": 174.8323975,
        "DelaySeconds": 22,
        "DestinationStopID": 5016,
        "OriginStopID": 7052,
        "Direction": "Inbound",
        "nearestStop": "null",
        "Bearing": 0,
        "routeId": "30x",
        "tripId": "Unnasigned"
    },
    "2257": {
        "RecordedAtTime": 0,
        "Lat": -41.3251762,
        "Long": 174.8173523,
        "DelaySeconds": 52,
        "DestinationStopID": 5016,
        "OriginStopID": 7072,
        "Direction": "Inbound",
        "nearestStop": "null",
        "Bearing": 0,
        "routeId": "30x",
        "tripId": "Unnasigned"
    },
    "3791": {
        "RecordedAtTime": 0,
        "Lat": -41.3058624,
        "Long": 174.8290253,
        "DelaySeconds": 130,
        "DestinationStopID": 5016,
        "OriginStopID": 6081,
        "Direction": "Outbound",
        "nearestStop": "null",
        "Bearing": 0,
        "routeId": "24",
        "tripId": "Unnasigned"
    },
    "3810": {
        "RecordedAtTime": 0,
        "Lat": -41.2784348,
        "Long": 174.7790222,
        "DelaySeconds": 78,
        "DestinationStopID": 3250,
        "OriginStopID": 6081,
        "Direction": "Outbound",
        "nearestStop": "null",
        "Bearing": 0,
        "routeId": "24",
        "tripId": "Unnasigned"
    },
    "3832": {
        "RecordedAtTime": 0,
        "Lat": -41.2221222,
        "Long": 174.8062286,
        "DelaySeconds": 0,
        "DestinationStopID": 7083,
        "OriginStopID": 3081,
        "Direction": "Inbound",
        "nearestStop": "null",
        "Bearing": 0,
        "routeId": "24",
        "tripId": "Unnasigned"
    },
    "3833": {
        "RecordedAtTime": 0,
        "Lat": -41.3173523,
        "Long": 174.7959137,
        "DelaySeconds": -228,
        "DestinationStopID": 7083,
        "OriginStopID": 3081,
        "Direction": "Inbound",
        "nearestStop": "null",
        "Bearing": 0,
        "routeId": "24",
        "tripId": "Unnasigned"
    },
    "3834": {
        "RecordedAtTime": 0,
        "Lat": -41.3150711,
        "Long": 174.8132477,
        "DelaySeconds": 0,
        "DestinationStopID": 7083,
        "OriginStopID": 3081,
        "Direction": "Inbound",
        "nearestStop": "null",
        "Bearing": 0,
        "routeId": "24",
        "tripId": "Unnasigned"
    },
    "3837": {
        "RecordedAtTime": 0,
        "Lat": -41.3045959,
        "Long": 174.8005829,
        "DelaySeconds": 300,
        "DestinationStopID": 3250,
        "OriginStopID": 6081,
        "Direction": "Outbound",
        "nearestStop": "null",
        "Bearing": 0,
        "routeId": "24",
        "tripId": "Unnasigned"
    },
    "3917": {
        "RecordedAtTime": 0,
        "Lat": -41.2476463,
        "Long": 174.7896729,
        "DelaySeconds": 0,
        "DestinationStopID": 3250,
        "OriginStopID": 6081,
        "Direction": "Outbound",
        "nearestStop": "null",
        "Bearing": 0,
        "routeId": "24",
        "tripId": "Unnasigned"
    },
    "3919": {
        "RecordedAtTime": 0,
        "Lat": -41.2359467,
        "Long": 174.7980347,
        "DelaySeconds": 152,
        "DestinationStopID": 6224,
        "OriginStopID": 3081,
        "Direction": "Inbound",
        "nearestStop": "null",
        "Bearing": 0,
        "routeId": "24",
        "tripId": "Unnasigned"
    },
    "3921": {
        "RecordedAtTime": 0,
        "Lat": -41.2740555,
        "Long": 174.7834473,
        "DelaySeconds": 8,
        "DestinationStopID": 6224,
        "OriginStopID": 3081,
        "Direction": "Inbound",
        "nearestStop": "null",
        "Bearing": 0,
        "routeId": "24",
        "tripId": "Unnasigned"
    },
    "3929": {
        "RecordedAtTime": 0,
        "Lat": -41.2476463,
        "Long": 174.7900848,
        "DelaySeconds": 405,
        "DestinationStopID": 6224,
        "OriginStopID": 3081,
        "Direction": "Inbound",
        "nearestStop": "null",
        "Bearing": 0,
        "routeId": "24",
        "tripId": "Unnasigned"
    },
    "3941": {
        "RecordedAtTime": 0,
        "Lat": -41.3365211,
        "Long": 174.7729492,
        "DelaySeconds": 95,
        "DestinationStopID": 5113,
        "OriginStopID": 7163,
        "Direction": "Inbound",
        "nearestStop": "null",
        "Bearing": 0,
        "routeId": "32x",
        "tripId": "Unnasigned"
    },
    "3954": {
        "RecordedAtTime": 0,
        "Lat": -41.3434029,
        "Long": 174.7873993,
        "DelaySeconds": 0,
        "DestinationStopID": 5113,
        "OriginStopID": 7163,
        "Direction": "Inbound",
        "nearestStop": "null",
        "Bearing": 0,
        "routeId": "32x",
        "tripId": "Unnasigned"
    },
    "3955": {
        "RecordedAtTime": 0,
        "Lat": -41.3142509,
        "Long": 174.7757568,
        "DelaySeconds": 202,
        "DestinationStopID": 5113,
        "OriginStopID": 7163,
        "Direction": "Inbound",
        "nearestStop": "null",
        "Bearing": 0,
        "routeId": "32x",
        "tripId": "Unnasigned"
    },
    "3969": {
        "RecordedAtTime": 0,
        "Lat": -41.2916679,
        "Long": 174.7774811,
        "DelaySeconds": 103,
        "DestinationStopID": 5113,
        "OriginStopID": 7163,
        "Direction": "Inbound",
        "nearestStop": "null",
        "Bearing": 0,
        "routeId": "32x",
        "tripId": "Unnasigned"
    },
    "2620": {
        "RecordedAtTime": 0,
        "Lat": -41.2940254,
        "Long": 174.744751,
        "DelaySeconds": -71,
        "DestinationStopID": 5327,
        "OriginStopID": 5000,
        "Direction": "Outbound",
        "nearestStop": "null",
        "Bearing": 0,
        "routeId": "21",
        "tripId": "Unnasigned"
    },
    "3048": {
        "RecordedAtTime": 0,
        "Lat": -41.2889137,
        "Long": 174.747406,
        "DelaySeconds": 28,
        "DestinationStopID": 5516,
        "OriginStopID": 4396,
        "Direction": "Inbound",
        "nearestStop": "null",
        "Bearing": 0,
        "routeId": "21",
        "tripId": "Unnasigned"
    },
    "3907": {
        "RecordedAtTime": 0,
        "Lat": -41.3018074,
        "Long": 174.7593994,
        "DelaySeconds": -41,
        "DestinationStopID": 5016,
        "OriginStopID": 7774,
        "Direction": "Inbound",
        "nearestStop": "null",
        "Bearing": 0,
        "routeId": "17e",
        "tripId": "Unnasigned"
    },
    "3931": {
        "RecordedAtTime": 0,
        "Lat": -41.2900467,
        "Long": 174.774292,
        "DelaySeconds": -203,
        "DestinationStopID": 5016,
        "OriginStopID": 7774,
        "Direction": "Inbound",
        "nearestStop": "null",
        "Bearing": 0,
        "routeId": "17e",
        "tripId": "Unnasigned"
    },
    "1249": {
        "RecordedAtTime": 0,
        "Lat": -41.2931671,
        "Long": 174.7801971,
        "DelaySeconds": 76,
        "DestinationStopID": 3081,
        "OriginStopID": 5000,
        "Direction": "Outbound",
        "nearestStop": "null",
        "Bearing": 0,
        "routeId": "52",
        "tripId": "Unnasigned"
    },
    "2485": {
        "RecordedAtTime": 0,
        "Lat": -41.2265625,
        "Long": 174.8314362,
        "DelaySeconds": 16,
        "DestinationStopID": 3081,
        "OriginStopID": 5000,
        "Direction": "Outbound",
        "nearestStop": "null",
        "Bearing": 0,
        "routeId": "52",
        "tripId": "Unnasigned"
    },
    "2084": {
        "RecordedAtTime": 0,
        "Lat": -41.2779922,
        "Long": 174.7739563,
        "DelaySeconds": -87,
        "DestinationStopID": 5520,
        "OriginStopID": 4352,
        "Direction": "Inbound",
        "nearestStop": "null",
        "Bearing": 0,
        "routeId": "34",
        "tripId": "Unnasigned"
    },
    "2093": {
        "RecordedAtTime": 0,
        "Lat": -41.2794342,
        "Long": 174.7291412,
        "DelaySeconds": 3,
        "DestinationStopID": 5520,
        "OriginStopID": 4352,
        "Direction": "Inbound",
        "nearestStop": "null",
        "Bearing": 0,
        "routeId": "34",
        "tripId": "Unnasigned"
    }
}