{
    "3274": {
        "RecordedAtTime": 0,
        "Lat": -41.2927094,
        "Long": 174.7897034,
        "DelaySeconds": -15,
        "DestinationStopID": 6224,
        "OriginStopID": 5516,
        "Direction": "Outbound",
        "nearestStop": "null",
        "Bearing": 0,
        "routeId": "20",
        "tripId": "Unnasigned"
    },
    "3050": {
        "RecordedAtTime": 0,
        "Lat": -41.3151779,
        "Long": 174.8134766,
        "DelaySeconds": 0,
        "DestinationStopID": 7083,
        "OriginStopID": 7241,
        "Direction": "Inbound",
        "nearestStop": "null",
        "Bearing": 0,
        "routeId": "18",
        "tripId": "Unnasigned"
    },
    "3740": {
        "RecordedAtTime": 0,
        "Lat": -41.3237381,
        "Long": 174.7638397,
        "DelaySeconds": 0,
        "DestinationStopID": 6937,
        "OriginStopID": 6730,
        "Direction": "Outbound",
        "nearestStop": "null",
        "Bearing": 0,
        "routeId": "23",
        "tripId": "Unnasigned"
    },
    "3895": {
        "RecordedAtTime": 0,
        "Lat": -41.3234482,
        "Long": 174.7635956,
        "DelaySeconds": 0,
        "DestinationStopID": 5016,
        "OriginStopID": 6733,
        "Direction": "Inbound",
        "nearestStop": "null",
        "Bearing": 0,
        "routeId": "7",
        "tripId": "Unnasigned"
    },
    "3952": {
        "RecordedAtTime": 0,
        "Lat": -41.2810287,
        "Long": 174.7756042,
        "DelaySeconds": 47,
        "DestinationStopID": 6733,
        "OriginStopID": 6000,
        "Direction": "Outbound",
        "nearestStop": "null",
        "Bearing": 0,
        "routeId": "7",
        "tripId": "Unnasigned"
    },
    "3827": {
        "RecordedAtTime": 0,
        "Lat": -41.2913284,
        "Long": 174.7598572,
        "DelaySeconds": -183,
        "DestinationStopID": 4947,
        "OriginStopID": 4419,
        "Direction": "Inbound",
        "nearestStop": "null",
        "Bearing": 0,
        "routeId": "25",
        "tripId": "Unnasigned"
    },
    "3932": {
        "RecordedAtTime": 0,
        "Lat": -41.2554054,
        "Long": 174.7729492,
        "DelaySeconds": 195,
        "DestinationStopID": 4419,
        "OriginStopID": 4947,
        "Direction": "Outbound",
        "nearestStop": "null",
        "Bearing": 0,
        "routeId": "25",
        "tripId": "Unnasigned"
    },
    "1135": {
        "RecordedAtTime": 0,
        "Lat": -41.2675247,
        "Long": 174.7616577,
        "DelaySeconds": -131,
        "DestinationStopID": 4136,
        "OriginStopID": 7557,
        "Direction": "Outbound",
        "nearestStop": "null",
        "Bearing": 0,
        "routeId": "14",
        "tripId": "Unnasigned"
    },
    "2088": {
        "RecordedAtTime": 0,
        "Lat": -41.2989845,
        "Long": 174.7989807,
        "DelaySeconds": -21,
        "DestinationStopID": 4136,
        "OriginStopID": 7557,
        "Direction": "Outbound",
        "nearestStop": "null",
        "Bearing": 0,
        "routeId": "14",
        "tripId": "Unnasigned"
    },
    "3312": {
        "RecordedAtTime": 0,
        "Lat": -41.2906456,
        "Long": 174.7760773,
        "DelaySeconds": -253,
        "DestinationStopID": 7557,
        "OriginStopID": 4136,
        "Direction": "Inbound",
        "nearestStop": "null",
        "Bearing": 0,
        "routeId": "14",
        "tripId": "Unnasigned"
    },
    "1307": {
        "RecordedAtTime": 0,
        "Lat": -41.2784424,
        "Long": 174.7789612,
        "DelaySeconds": 0,
        "DestinationStopID": 5016,
        "OriginStopID": 7338,
        "Direction": "Inbound",
        "nearestStop": "null",
        "Bearing": 0,
        "routeId": "3",
        "tripId": "Unnasigned"
    },
    "1506": {
        "RecordedAtTime": 0,
        "Lat": -41.3299446,
        "Long": 174.7922668,
        "DelaySeconds": -24,
        "DestinationStopID": 5016,
        "OriginStopID": 7338,
        "Direction": "Inbound",
        "nearestStop": "null",
        "Bearing": 0,
        "routeId": "3",
        "tripId": "Unnasigned"
    },
    "3049": {
        "RecordedAtTime": 0,
        "Lat": -41.2908859,
        "Long": 174.7765656,
        "DelaySeconds": 35,
        "DestinationStopID": 6338,
        "OriginStopID": 6000,
        "Direction": "Outbound",
        "nearestStop": "null",
        "Bearing": 0,
        "routeId": "3",
        "tripId": "Unnasigned"
    },
    "3902": {
        "RecordedAtTime": 0,
        "Lat": -41.2938499,
        "Long": 174.7822418,
        "DelaySeconds": -184,
        "DestinationStopID": 3040,
        "OriginStopID": 7158,
        "Direction": "Outbound",
        "nearestStop": "null",
        "Bearing": 0,
        "routeId": "1",
        "tripId": "Unnasigned"
    },
    "3910": {
        "RecordedAtTime": 0,
        "Lat": -41.2194481,
        "Long": 174.8073425,
        "DelaySeconds": -179,
        "DestinationStopID": 6158,
        "OriginStopID": 3050,
        "Direction": "Inbound",
        "nearestStop": "null",
        "Bearing": 0,
        "routeId": "1",
        "tripId": "Unnasigned"
    },
    "3918": {
        "RecordedAtTime": 0,
        "Lat": -41.202446,
        "Long": 174.8066406,
        "DelaySeconds": -4,
        "DestinationStopID": 3279,
        "OriginStopID": 7158,
        "Direction": "Outbound",
        "nearestStop": "null",
        "Bearing": 0,
        "routeId": "1",
        "tripId": "Unnasigned"
    },
    "3944": {
        "RecordedAtTime": 0,
        "Lat": -41.2798309,
        "Long": 174.7764435,
        "DelaySeconds": -3,
        "DestinationStopID": 6158,
        "OriginStopID": 3451,
        "Direction": "Inbound",
        "nearestStop": "null",
        "Bearing": 0,
        "routeId": "1",
        "tripId": "Unnasigned"
    },
    "3950": {
        "RecordedAtTime": 0,
        "Lat": -41.3089714,
        "Long": 174.7785187,
        "DelaySeconds": -14,
        "DestinationStopID": 6158,
        "OriginStopID": 3297,
        "Direction": "Inbound",
        "nearestStop": "null",
        "Bearing": 0,
        "routeId": "1",
        "tripId": "Unnasigned"
    },
    "3962": {
        "RecordedAtTime": 0,
        "Lat": -41.267643,
        "Long": 174.7813263,
        "DelaySeconds": 22,
        "DestinationStopID": 3451,
        "OriginStopID": 7158,
        "Direction": "Outbound",
        "nearestStop": "null",
        "Bearing": 0,
        "routeId": "1",
        "tripId": "Unnasigned"
    },
    "3968": {
        "RecordedAtTime": 0,
        "Lat": -41.3431358,
        "Long": 174.7708282,
        "DelaySeconds": 0,
        "DestinationStopID": 6158,
        "OriginStopID": 3050,
        "Direction": "Inbound",
        "nearestStop": "null",
        "Bearing": 0,
        "routeId": "1",
        "tripId": "Unnasigned"
    },
    "1137": {
        "RecordedAtTime": 0,
        "Lat": -41.312542,
        "Long": 174.7953796,
        "DelaySeconds": 126,
        "DestinationStopID": 5332,
        "OriginStopID": 7042,
        "Direction": "Outbound",
        "nearestStop": "null",
        "Bearing": 0,
        "routeId": "2",
        "tripId": "Unnasigned"
    },
    "1637": {
        "RecordedAtTime": 0,
        "Lat": -41.3038826,
        "Long": 174.7938538,
        "DelaySeconds": 243,
        "DestinationStopID": 7042,
        "OriginStopID": 4332,
        "Direction": "Inbound",
        "nearestStop": "null",
        "Bearing": 0,
        "routeId": "2",
        "tripId": "Unnasigned"
    },
    "2071": {
        "RecordedAtTime": 0,
        "Lat": -41.2814255,
        "Long": 174.7518921,
        "DelaySeconds": 0,
        "DestinationStopID": 5332,
        "OriginStopID": 7042,
        "Direction": "Outbound",
        "nearestStop": "null",
        "Bearing": 0,
        "routeId": "2",
        "tripId": "Unnasigned"
    },
    "2072": {
        "RecordedAtTime": 0,
        "Lat": -41.3158989,
        "Long": 174.8154144,
        "DelaySeconds": 1421,
        "DestinationStopID": 7042,
        "OriginStopID": 4332,
        "Direction": "Inbound",
        "nearestStop": "null",
        "Bearing": 0,
        "routeId": "2",
        "tripId": "Unnasigned"
    },
    "2075": {
        "RecordedAtTime": 0,
        "Lat": -41.2847481,
        "Long": 174.7378387,
        "DelaySeconds": 453,
        "DestinationStopID": 5332,
        "OriginStopID": 7042,
        "Direction": "Outbound",
        "nearestStop": "null",
        "Bearing": 0,
        "routeId": "2",
        "tripId": "Unnasigned"
    },
    "3736": {
        "RecordedAtTime": 0,
        "Lat": -41.3442001,
        "Long": 174.7622986,
        "DelaySeconds": -166,
        "DestinationStopID": 7746,
        "OriginStopID": 7720,
        "Direction": "Outbound",
        "nearestStop": "null",
        "Bearing": 0,
        "routeId": "29",
        "tripId": "Unnasigned"
    },
    "3738": {
        "RecordedAtTime": 0,
        "Lat": -41.3100891,
        "Long": 174.7622833,
        "DelaySeconds": -44,
        "DestinationStopID": 7720,
        "OriginStopID": 7746,
        "Direction": "Inbound",
        "nearestStop": "null",
        "Bearing": 0,
        "routeId": "29",
        "tripId": "Unnasigned"
    },
    "1118": {
        "RecordedAtTime": 0,
        "Lat": -41.32547,
        "Long": 174.8203125,
        "DelaySeconds": 117,
        "DestinationStopID": 7224,
        "OriginStopID": 7099,
        "Direction": "Inbound",
        "nearestStop": "null",
        "Bearing": 0,
        "routeId": "12",
        "tripId": "Unnasigned"
    },
    "3907": {
        "RecordedAtTime": 0,
        "Lat": -41.2923355,
        "Long": 174.7857666,
        "DelaySeconds": 292,
        "DestinationStopID": 7083,
        "OriginStopID": 3081,
        "Direction": "Inbound",
        "nearestStop": "null",
        "Bearing": 0,
        "routeId": "24",
        "tripId": "Unnasigned"
    },
    "3917": {
        "RecordedAtTime": 0,
        "Lat": -41.2239151,
        "Long": 174.8050995,
        "DelaySeconds": 0,
        "DestinationStopID": 3250,
        "OriginStopID": 6081,
        "Direction": "Outbound",
        "nearestStop": "null",
        "Bearing": 0,
        "routeId": "24",
        "tripId": "Unnasigned"
    },
    "3926": {
        "RecordedAtTime": 0,
        "Lat": -41.317543,
        "Long": 174.7959137,
        "DelaySeconds": 166,
        "DestinationStopID": 3250,
        "OriginStopID": 6081,
        "Direction": "Outbound",
        "nearestStop": "null",
        "Bearing": 0,
        "routeId": "24",
        "tripId": "Unnasigned"
    },
    "2079": {
        "RecordedAtTime": 0,
        "Lat": -41.2935791,
        "Long": 174.7765656,
        "DelaySeconds": 33,
        "DestinationStopID": 5327,
        "OriginStopID": 5000,
        "Direction": "Outbound",
        "nearestStop": "null",
        "Bearing": 0,
        "routeId": "21",
        "tripId": "Unnasigned"
    },
    "2244": {
        "RecordedAtTime": 0,
        "Lat": -41.2235336,
        "Long": 174.8305817,
        "DelaySeconds": 68,
        "DestinationStopID": 3081,
        "OriginStopID": 5000,
        "Direction": "Outbound",
        "nearestStop": "null",
        "Bearing": 0,
        "routeId": "52",
        "tripId": "Unnasigned"
    },
    "2247": {
        "RecordedAtTime": 0,
        "Lat": -41.2625656,
        "Long": 174.7867432,
        "DelaySeconds": 125,
        "DestinationStopID": 5516,
        "OriginStopID": 3000,
        "Direction": "Inbound",
        "nearestStop": "null",
        "Bearing": 0,
        "routeId": "52",
        "tripId": "Unnasigned"
    }
}