{
    "2079": {
        "RecordedAtTime": 0,
        "Lat": -41.3211441,
        "Long": 174.7961121,
        "DelaySeconds": -351,
        "DestinationStopID": 6224,
        "OriginStopID": 5516,
        "Direction": "Outbound",
        "nearestStop": "null",
        "Bearing": 0,
        "routeId": "20",
        "tripId": "Unnasigned"
    },
    "3740": {
        "RecordedAtTime": 0,
        "Lat": -41.3265457,
        "Long": 174.7866669,
        "DelaySeconds": -86,
        "DestinationStopID": 6937,
        "OriginStopID": 6730,
        "Direction": "Outbound",
        "nearestStop": "null",
        "Bearing": 0,
        "routeId": "23",
        "tripId": "Unnasigned"
    },
    "3895": {
        "RecordedAtTime": 0,
        "Lat": -41.2786293,
        "Long": 174.7785034,
        "DelaySeconds": 0,
        "DestinationStopID": 5016,
        "OriginStopID": 6733,
        "Direction": "Inbound",
        "nearestStop": "null",
        "Bearing": 0,
        "routeId": "7",
        "tripId": "Unnasigned"
    },
    "3952": {
        "RecordedAtTime": 0,
        "Lat": -41.3194885,
        "Long": 174.7640686,
        "DelaySeconds": -59,
        "DestinationStopID": 6733,
        "OriginStopID": 6000,
        "Direction": "Outbound",
        "nearestStop": "null",
        "Bearing": 0,
        "routeId": "7",
        "tripId": "Unnasigned"
    },
    "2068": {
        "RecordedAtTime": 0,
        "Lat": -41.2930374,
        "Long": 174.7716827,
        "DelaySeconds": 0,
        "DestinationStopID": 4136,
        "OriginStopID": 7557,
        "Direction": "Outbound",
        "nearestStop": "null",
        "Bearing": 0,
        "routeId": "14",
        "tripId": "Unnasigned"
    },
    "2071": {
        "RecordedAtTime": 0,
        "Lat": -41.2863655,
        "Long": 174.7764282,
        "DelaySeconds": 112,
        "DestinationStopID": 4136,
        "OriginStopID": 7557,
        "Direction": "Outbound",
        "nearestStop": "null",
        "Bearing": 0,
        "routeId": "14",
        "tripId": "Unnasigned"
    },
    "2088": {
        "RecordedAtTime": 0,
        "Lat": -41.2979927,
        "Long": 174.8008881,
        "DelaySeconds": 4,
        "DestinationStopID": 7557,
        "OriginStopID": 4136,
        "Direction": "Inbound",
        "nearestStop": "null",
        "Bearing": 0,
        "routeId": "14",
        "tripId": "Unnasigned"
    },
    "2097": {
        "RecordedAtTime": 0,
        "Lat": -41.2618675,
        "Long": 174.7660828,
        "DelaySeconds": -56,
        "DestinationStopID": 7557,
        "OriginStopID": 4136,
        "Direction": "Inbound",
        "nearestStop": "null",
        "Bearing": 0,
        "routeId": "14",
        "tripId": "Unnasigned"
    },
    "1390": {
        "RecordedAtTime": 0,
        "Lat": -41.3088036,
        "Long": 174.7783661,
        "DelaySeconds": 486,
        "DestinationStopID": 5016,
        "OriginStopID": 7338,
        "Direction": "Inbound",
        "nearestStop": "null",
        "Bearing": 0,
        "routeId": "3",
        "tripId": "Unnasigned"
    },
    "1506": {
        "RecordedAtTime": 0,
        "Lat": -41.3328438,
        "Long": 174.7906647,
        "DelaySeconds": 75,
        "DestinationStopID": 6338,
        "OriginStopID": 6000,
        "Direction": "Outbound",
        "nearestStop": "null",
        "Bearing": 0,
        "routeId": "3",
        "tripId": "Unnasigned"
    },
    "3902": {
        "RecordedAtTime": 0,
        "Lat": -41.2781982,
        "Long": 174.7796326,
        "DelaySeconds": -55,
        "DestinationStopID": 6158,
        "OriginStopID": 3050,
        "Direction": "Inbound",
        "nearestStop": "null",
        "Bearing": 0,
        "routeId": "1",
        "tripId": "Unnasigned"
    },
    "3910": {
        "RecordedAtTime": 0,
        "Lat": -41.3195,
        "Long": 174.7778625,
        "DelaySeconds": -238,
        "DestinationStopID": 3279,
        "OriginStopID": 7158,
        "Direction": "Outbound",
        "nearestStop": "null",
        "Bearing": 0,
        "routeId": "1",
        "tripId": "Unnasigned"
    },
    "3918": {
        "RecordedAtTime": 0,
        "Lat": -41.3280411,
        "Long": 174.7992706,
        "DelaySeconds": 0,
        "DestinationStopID": 6158,
        "OriginStopID": 3297,
        "Direction": "Inbound",
        "nearestStop": "null",
        "Bearing": 0,
        "routeId": "1",
        "tripId": "Unnasigned"
    },
    "3943": {
        "RecordedAtTime": 0,
        "Lat": -41.2727432,
        "Long": 174.7825775,
        "DelaySeconds": 10,
        "DestinationStopID": 3040,
        "OriginStopID": 7158,
        "Direction": "Outbound",
        "nearestStop": "null",
        "Bearing": 0,
        "routeId": "1",
        "tripId": "Unnasigned"
    },
    "3950": {
        "RecordedAtTime": 0,
        "Lat": -41.2124786,
        "Long": 174.8167877,
        "DelaySeconds": 18,
        "DestinationStopID": 3451,
        "OriginStopID": 7158,
        "Direction": "Outbound",
        "nearestStop": "null",
        "Bearing": 0,
        "routeId": "1",
        "tripId": "Unnasigned"
    },
    "3962": {
        "RecordedAtTime": 0,
        "Lat": -41.3155251,
        "Long": 174.7780762,
        "DelaySeconds": -247,
        "DestinationStopID": 6158,
        "OriginStopID": 3451,
        "Direction": "Inbound",
        "nearestStop": "null",
        "Bearing": 0,
        "routeId": "1",
        "tripId": "Unnasigned"
    },
    "3968": {
        "RecordedAtTime": 0,
        "Lat": -41.1961899,
        "Long": 174.808136,
        "DelaySeconds": 277,
        "DestinationStopID": 6158,
        "OriginStopID": 3297,
        "Direction": "Inbound",
        "nearestStop": "null",
        "Bearing": 0,
        "routeId": "1",
        "tripId": "Unnasigned"
    },
    "1137": {
        "RecordedAtTime": 0,
        "Lat": -41.3164406,
        "Long": 174.8165131,
        "DelaySeconds": 818,
        "DestinationStopID": 7042,
        "OriginStopID": 4332,
        "Direction": "Inbound",
        "nearestStop": "null",
        "Bearing": 0,
        "routeId": "2",
        "tripId": "Unnasigned"
    },
    "1632": {
        "RecordedAtTime": 0,
        "Lat": -41.2888908,
        "Long": 174.7232361,
        "DelaySeconds": 0,
        "DestinationStopID": 7042,
        "OriginStopID": 4332,
        "Direction": "Inbound",
        "nearestStop": "null",
        "Bearing": 0,
        "routeId": "2",
        "tripId": "Unnasigned"
    },
    "1637": {
        "RecordedAtTime": 0,
        "Lat": -41.2884865,
        "Long": 174.7237396,
        "DelaySeconds": 0,
        "DestinationStopID": 5332,
        "OriginStopID": 7042,
        "Direction": "Outbound",
        "nearestStop": "null",
        "Bearing": 0,
        "routeId": "2",
        "tripId": "Unnasigned"
    },
    "2075": {
        "RecordedAtTime": 0,
        "Lat": -41.2958298,
        "Long": 174.7832489,
        "DelaySeconds": 3,
        "DestinationStopID": 5332,
        "OriginStopID": 7042,
        "Direction": "Outbound",
        "nearestStop": "null",
        "Bearing": 0,
        "routeId": "2",
        "tripId": "Unnasigned"
    },
    "3738": {
        "RecordedAtTime": 0,
        "Lat": -41.3086014,
        "Long": 174.7782288,
        "DelaySeconds": -106,
        "DestinationStopID": 7746,
        "OriginStopID": 7720,
        "Direction": "Outbound",
        "nearestStop": "null",
        "Bearing": 0,
        "routeId": "29",
        "tripId": "Unnasigned"
    },
    "3049": {
        "RecordedAtTime": 0,
        "Lat": -41.2651367,
        "Long": 174.764267,
        "DelaySeconds": 0,
        "DestinationStopID": 5936,
        "OriginStopID": 6001,
        "Direction": "Outbound",
        "nearestStop": "null",
        "Bearing": 0,
        "routeId": "22",
        "tripId": "Unnasigned"
    },
    "1118": {
        "RecordedAtTime": 0,
        "Lat": -41.3326759,
        "Long": 174.8188782,
        "DelaySeconds": -174,
        "DestinationStopID": 7099,
        "OriginStopID": 6224,
        "Direction": "Outbound",
        "nearestStop": "null",
        "Bearing": 0,
        "routeId": "12",
        "tripId": "Unnasigned"
    },
    "3907": {
        "RecordedAtTime": 0,
        "Lat": -41.2849884,
        "Long": 174.7758026,
        "DelaySeconds": -7,
        "DestinationStopID": 3250,
        "OriginStopID": 6081,
        "Direction": "Outbound",
        "nearestStop": "null",
        "Bearing": 0,
        "routeId": "24",
        "tripId": "Unnasigned"
    },
    "3917": {
        "RecordedAtTime": 0,
        "Lat": -41.2972603,
        "Long": 174.8289185,
        "DelaySeconds": -43,
        "DestinationStopID": 7083,
        "OriginStopID": 3081,
        "Direction": "Inbound",
        "nearestStop": "null",
        "Bearing": 0,
        "routeId": "24",
        "tripId": "Unnasigned"
    },
    "3314": {
        "RecordedAtTime": 0,
        "Lat": -41.2892036,
        "Long": 174.739151,
        "DelaySeconds": -94,
        "DestinationStopID": 5327,
        "OriginStopID": 5000,
        "Direction": "Outbound",
        "nearestStop": "null",
        "Bearing": 0,
        "routeId": "21",
        "tripId": "Unnasigned"
    },
    "2244": {
        "RecordedAtTime": 0,
        "Lat": -41.2947731,
        "Long": 174.783432,
        "DelaySeconds": 0,
        "DestinationStopID": 5516,
        "OriginStopID": 3000,
        "Direction": "Inbound",
        "nearestStop": "null",
        "Bearing": 0,
        "routeId": "52",
        "tripId": "Unnasigned"
    },
    "2247": {
        "RecordedAtTime": 0,
        "Lat": -41.2247047,
        "Long": 174.8071136,
        "DelaySeconds": 0,
        "DestinationStopID": 3081,
        "OriginStopID": 5000,
        "Direction": "Outbound",
        "nearestStop": "null",
        "Bearing": 0,
        "routeId": "52",
        "tripId": "Unnasigned"
    },
    "3736": {
        "RecordedAtTime": 0,
        "Lat": -41.3051376,
        "Long": 174.7653809,
        "DelaySeconds": 0,
        "DestinationStopID": 7774,
        "OriginStopID": 7720,
        "Direction": "Outbound",
        "nearestStop": "null",
        "Bearing": 0,
        "routeId": "17",
        "tripId": "Unnasigned"
    }
}